sequence_id,student_id,curriculum_grade,topic,total_steps,responses_sequence,diagnoses_sequence,sequence_level_label,learning_status,recommended_intervention_action,split
SEQ-0001,STU_0101,Class 10,Electricity: Current Conservation,3,"Step 1: A1 = 1.2A, A2 = 0.8A, A3 = 0.4A. Bulb 1 consumes current. -> Step 2: Current at R3 is smaller than R1 because current is consumed along the loop. -> Step 3: Yes, second bulb gets whatever current is left over.",MISC-ELEC-001: Current Attenuation / Consumption Model -> MISC-ELEC-001: Current Attenuation / Consumption Model -> MISC-ELEC-001: Current Attenuation / Consumption Model,RECURRENT_CURRENT_ATTENUATION_PATTERN,unresolved_persistent_misconception,trigger_targeted_multimodal_intervention,train
SEQ-0002,STU_0102,Class 9,Motion: Kinematics Operations,3,Step 1: 500 m/s; multiplied 100 by 5. -> Step 2: 4500 m/s; speed = distance * time. -> Step 3: 180 m/s; multiplied distance by time.,MISC-MOT-001: Speed Distance Operation Inversion -> MISC-MOT-001: Speed Distance Operation Inversion -> MISC-MOT-001: Speed Distance Operation Inversion,RECURRENT_SPEED_DISTANCE_INVERSION_PATTERN,unresolved_persistent_misconception,trigger_targeted_multimodal_intervention,train
SEQ-0003,STU_0103,Class 9,Motion: Speed vs Acceleration,2,Step 1: 20 m/s^2 because it is moving fast. -> Step 2: Acceleration is 72 km/h^2 because it has high velocity.,MISC-MOT-002: Speed-Acceleration Conflation -> MISC-MOT-002: Speed-Acceleration Conflation,RECURRENT_SPEED_ACCELERATION_CONFLATION,unresolved_persistent_misconception,trigger_targeted_multimodal_intervention,train
SEQ-0004,STU_0104,Class 9,Force & Laws of Motion: Inertia,2,Step 1: Requires continuous push of 10 N to sustain speed. -> Step 2: Needs engine firing to keep moving forward.,MISC-FOR-001: Impetus Theory (Force is Required to Sustain Motion) -> MISC-FOR-001: Impetus Theory (Force is Required to Sustain Motion),RECURRENT_IMPETUS_THEORY_PATTERN,unresolved_persistent_misconception,trigger_targeted_multimodal_intervention,train
SEQ-0005,STU_0105,Class 11,Kinematics: 2D Motion Independence,2,Step 1: Ball B lands much later because forward speed floats it. -> Step 2: Fired bullet stays in the air longer because of its speed.,MISC-KIN-001: Horizontal Motion Postpones Gravitational Fall -> MISC-KIN-001: Horizontal Motion Postpones Gravitational Fall,RECURRENT_PROJECTILE_FALLACY_PATTERN,unresolved_persistent_misconception,trigger_targeted_multimodal_intervention,train
SEQ-0006,STU_0106,Class 11,Laws of Motion: Friction Self-Adjustment,2,Step 1: Friction is 49 N because formula is mu_s * N. -> Step 2: Friction is 80 N.,MISC-FRIC-001: Static Friction Formula Overgeneralization Fallacy -> MISC-FRIC-001: Static Friction Formula Overgeneralization Fallacy,RECURRENT_STATIC_FRICTION_OVERGENERALIZATION,unresolved_persistent_misconception,trigger_targeted_multimodal_intervention,train
SEQ-0007,STU_0107,Class 12,Current Electricity: Drift Velocity Scale,2,"Step 1: Electrons race from the switch to the bulb filament at 300,000 km/s. -> Step 2: Drift velocity is close to the speed of light.",MISC-ELEC-008: Electrons Race from Battery to Bulb at Light Speed -> MISC-ELEC-008: Electrons Race from Battery to Bulb at Light Speed,RECURRENT_DRIFT_VELOCITY_SPEED_FALLACY,unresolved_persistent_misconception,trigger_targeted_multimodal_intervention,val
SEQ-0008,STU_0108,Class 10,Optics: Half-Lens Aperture Remediation,3,"Step 1: The upper half of the image disappears completely. -> Step 2: Wait, the full image is still formed on the screen, just dimmer! Every point on lens receives light from entire object. -> Step 3: The complete image remains on screen, but brightness is 70% of original.",MISC-OPT-001: Half-Lens Blocking Fallacy -> COGNITIVE_CONFLICT_RECONCILED: Full image persists with 50% brightness -> CORRECT: Scientifically Accurate Response,SUCCESSFUL_COGNITIVE_REMEDIATION_SEQUENCE,resolved_with_transfer,advance_to_next_topic,val
SEQ-0009,STU_0109,Class 9,Gravitation: Free Fall Mass Independence,3,Step 1: The cannonball falls much faster because it weighs more. -> Step 2: Both hit the ground simultaneously because g is independent of mass! -> Step 3: Both hit the lunar surface at the exact same instant.,MISC-GRAV-001: Heavier Objects Fall Faster Fallacy -> COGNITIVE_CONFLICT_RECONCILED: a = g for all falling bodies -> CORRECT: Scientifically Accurate Response,SUCCESSFUL_COGNITIVE_REMEDIATION_SEQUENCE,resolved_with_transfer,advance_to_next_topic,test
SEQ-0010,STU_0110,Class 9,Kinematics: Velocity Calculation,2,Step 1: 100 / 5 = 25 m/s. Formula is distance divided by time. -> Step 2: Speed = distance / time = 300 / 15 = 20 m/s.,CARELESS_CALCULATION_ERROR -> CORRECT: Scientifically Accurate Response,TRANSIENT_SLIP_WITH_CONCEPTUAL_MASTERY,no_conceptual_misconception,provide_arithmetic_feedback_only,train
SEQ-0011,STU_0111,Class 10,Electricity: Current Conservation,3,"Step 1: A1 = 1.2A, A2 = 0.8A, A3 = 0.4A. Bulb 1 consumes current. -> Step 2: Current at R3 is smaller than R1 because current is consumed along the loop. -> Step 3: Yes, second bulb gets whatever current is left over.",MISC-ELEC-001: Current Attenuation / Consumption Model -> MISC-ELEC-001: Current Attenuation / Consumption Model -> MISC-ELEC-001: Current Attenuation / Consumption Model,RECURRENT_CURRENT_ATTENUATION_PATTERN,unresolved_persistent_misconception,trigger_targeted_multimodal_intervention,train
SEQ-0012,STU_0112,Class 9,Motion: Kinematics Operations,3,Step 1: 500 m/s; multiplied 100 by 5. -> Step 2: 4500 m/s; speed = distance * time. -> Step 3: 180 m/s; multiplied distance by time.,MISC-MOT-001: Speed Distance Operation Inversion -> MISC-MOT-001: Speed Distance Operation Inversion -> MISC-MOT-001: Speed Distance Operation Inversion,RECURRENT_SPEED_DISTANCE_INVERSION_PATTERN,unresolved_persistent_misconception,trigger_targeted_multimodal_intervention,train
SEQ-0013,STU_0113,Class 9,Motion: Speed vs Acceleration,2,Step 1: 20 m/s^2 because it is moving fast. -> Step 2: Acceleration is 72 km/h^2 because it has high velocity.,MISC-MOT-002: Speed-Acceleration Conflation -> MISC-MOT-002: Speed-Acceleration Conflation,RECURRENT_SPEED_ACCELERATION_CONFLATION,unresolved_persistent_misconception,trigger_targeted_multimodal_intervention,train
SEQ-0014,STU_0114,Class 9,Force & Laws of Motion: Inertia,2,Step 1: Requires continuous push of 10 N to sustain speed. -> Step 2: Needs engine firing to keep moving forward.,MISC-FOR-001: Impetus Theory (Force is Required to Sustain Motion) -> MISC-FOR-001: Impetus Theory (Force is Required to Sustain Motion),RECURRENT_IMPETUS_THEORY_PATTERN,unresolved_persistent_misconception,trigger_targeted_multimodal_intervention,train
SEQ-0015,STU_0115,Class 11,Kinematics: 2D Motion Independence,2,Step 1: Ball B lands much later because forward speed floats it. -> Step 2: Fired bullet stays in the air longer because of its speed.,MISC-KIN-001: Horizontal Motion Postpones Gravitational Fall -> MISC-KIN-001: Horizontal Motion Postpones Gravitational Fall,RECURRENT_PROJECTILE_FALLACY_PATTERN,unresolved_persistent_misconception,trigger_targeted_multimodal_intervention,train
SEQ-0016,STU_0116,Class 11,Laws of Motion: Friction Self-Adjustment,2,Step 1: Friction is 49 N because formula is mu_s * N. -> Step 2: Friction is 80 N.,MISC-FRIC-001: Static Friction Formula Overgeneralization Fallacy -> MISC-FRIC-001: Static Friction Formula Overgeneralization Fallacy,RECURRENT_STATIC_FRICTION_OVERGENERALIZATION,unresolved_persistent_misconception,trigger_targeted_multimodal_intervention,train
SEQ-0017,STU_0117,Class 12,Current Electricity: Drift Velocity Scale,2,"Step 1: Electrons race from the switch to the bulb filament at 300,000 km/s. -> Step 2: Drift velocity is close to the speed of light.",MISC-ELEC-008: Electrons Race from Battery to Bulb at Light Speed -> MISC-ELEC-008: Electrons Race from Battery to Bulb at Light Speed,RECURRENT_DRIFT_VELOCITY_SPEED_FALLACY,unresolved_persistent_misconception,trigger_targeted_multimodal_intervention,val
SEQ-0018,STU_0118,Class 10,Optics: Half-Lens Aperture Remediation,3,"Step 1: The upper half of the image disappears completely. -> Step 2: Wait, the full image is still formed on the screen, just dimmer! Every point on lens receives light from entire object. -> Step 3: The complete image remains on screen, but brightness is 70% of original.",MISC-OPT-001: Half-Lens Blocking Fallacy -> COGNITIVE_CONFLICT_RECONCILED: Full image persists with 50% brightness -> CORRECT: Scientifically Accurate Response,SUCCESSFUL_COGNITIVE_REMEDIATION_SEQUENCE,resolved_with_transfer,advance_to_next_topic,val
SEQ-0019,STU_0119,Class 9,Gravitation: Free Fall Mass Independence,3,Step 1: The cannonball falls much faster because it weighs more. -> Step 2: Both hit the ground simultaneously because g is independent of mass! -> Step 3: Both hit the lunar surface at the exact same instant.,MISC-GRAV-001: Heavier Objects Fall Faster Fallacy -> COGNITIVE_CONFLICT_RECONCILED: a = g for all falling bodies -> CORRECT: Scientifically Accurate Response,SUCCESSFUL_COGNITIVE_REMEDIATION_SEQUENCE,resolved_with_transfer,advance_to_next_topic,test
SEQ-0020,STU_0120,Class 9,Kinematics: Velocity Calculation,2,Step 1: 100 / 5 = 25 m/s. Formula is distance divided by time. -> Step 2: Speed = distance / time = 300 / 15 = 20 m/s.,CARELESS_CALCULATION_ERROR -> CORRECT: Scientifically Accurate Response,TRANSIENT_SLIP_WITH_CONCEPTUAL_MASTERY,no_conceptual_misconception,provide_arithmetic_feedback_only,train
SEQ-0021,STU_0121,Class 10,Electricity: Current Conservation,3,"Step 1: A1 = 1.2A, A2 = 0.8A, A3 = 0.4A. Bulb 1 consumes current. -> Step 2: Current at R3 is smaller than R1 because current is consumed along the loop. -> Step 3: Yes, second bulb gets whatever current is left over.",MISC-ELEC-001: Current Attenuation / Consumption Model -> MISC-ELEC-001: Current Attenuation / Consumption Model -> MISC-ELEC-001: Current Attenuation / Consumption Model,RECURRENT_CURRENT_ATTENUATION_PATTERN,unresolved_persistent_misconception,trigger_targeted_multimodal_intervention,train
SEQ-0022,STU_0122,Class 9,Motion: Kinematics Operations,3,Step 1: 500 m/s; multiplied 100 by 5. -> Step 2: 4500 m/s; speed = distance * time. -> Step 3: 180 m/s; multiplied distance by time.,MISC-MOT-001: Speed Distance Operation Inversion -> MISC-MOT-001: Speed Distance Operation Inversion -> MISC-MOT-001: Speed Distance Operation Inversion,RECURRENT_SPEED_DISTANCE_INVERSION_PATTERN,unresolved_persistent_misconception,trigger_targeted_multimodal_intervention,train
SEQ-0023,STU_0123,Class 9,Motion: Speed vs Acceleration,2,Step 1: 20 m/s^2 because it is moving fast. -> Step 2: Acceleration is 72 km/h^2 because it has high velocity.,MISC-MOT-002: Speed-Acceleration Conflation -> MISC-MOT-002: Speed-Acceleration Conflation,RECURRENT_SPEED_ACCELERATION_CONFLATION,unresolved_persistent_misconception,trigger_targeted_multimodal_intervention,train
SEQ-0024,STU_0124,Class 9,Force & Laws of Motion: Inertia,2,Step 1: Requires continuous push of 10 N to sustain speed. -> Step 2: Needs engine firing to keep moving forward.,MISC-FOR-001: Impetus Theory (Force is Required to Sustain Motion) -> MISC-FOR-001: Impetus Theory (Force is Required to Sustain Motion),RECURRENT_IMPETUS_THEORY_PATTERN,unresolved_persistent_misconception,trigger_targeted_multimodal_intervention,train
SEQ-0025,STU_0125,Class 11,Kinematics: 2D Motion Independence,2,Step 1: Ball B lands much later because forward speed floats it. -> Step 2: Fired bullet stays in the air longer because of its speed.,MISC-KIN-001: Horizontal Motion Postpones Gravitational Fall -> MISC-KIN-001: Horizontal Motion Postpones Gravitational Fall,RECURRENT_PROJECTILE_FALLACY_PATTERN,unresolved_persistent_misconception,trigger_targeted_multimodal_intervention,train
SEQ-0026,STU_0126,Class 11,Laws of Motion: Friction Self-Adjustment,2,Step 1: Friction is 49 N because formula is mu_s * N. -> Step 2: Friction is 80 N.,MISC-FRIC-001: Static Friction Formula Overgeneralization Fallacy -> MISC-FRIC-001: Static Friction Formula Overgeneralization Fallacy,RECURRENT_STATIC_FRICTION_OVERGENERALIZATION,unresolved_persistent_misconception,trigger_targeted_multimodal_intervention,train
SEQ-0027,STU_0127,Class 12,Current Electricity: Drift Velocity Scale,2,"Step 1: Electrons race from the switch to the bulb filament at 300,000 km/s. -> Step 2: Drift velocity is close to the speed of light.",MISC-ELEC-008: Electrons Race from Battery to Bulb at Light Speed -> MISC-ELEC-008: Electrons Race from Battery to Bulb at Light Speed,RECURRENT_DRIFT_VELOCITY_SPEED_FALLACY,unresolved_persistent_misconception,trigger_targeted_multimodal_intervention,val
SEQ-0028,STU_0128,Class 10,Optics: Half-Lens Aperture Remediation,3,"Step 1: The upper half of the image disappears completely. -> Step 2: Wait, the full image is still formed on the screen, just dimmer! Every point on lens receives light from entire object. -> Step 3: The complete image remains on screen, but brightness is 70% of original.",MISC-OPT-001: Half-Lens Blocking Fallacy -> COGNITIVE_CONFLICT_RECONCILED: Full image persists with 50% brightness -> CORRECT: Scientifically Accurate Response,SUCCESSFUL_COGNITIVE_REMEDIATION_SEQUENCE,resolved_with_transfer,advance_to_next_topic,val
SEQ-0029,STU_0129,Class 9,Gravitation: Free Fall Mass Independence,3,Step 1: The cannonball falls much faster because it weighs more. -> Step 2: Both hit the ground simultaneously because g is independent of mass! -> Step 3: Both hit the lunar surface at the exact same instant.,MISC-GRAV-001: Heavier Objects Fall Faster Fallacy -> COGNITIVE_CONFLICT_RECONCILED: a = g for all falling bodies -> CORRECT: Scientifically Accurate Response,SUCCESSFUL_COGNITIVE_REMEDIATION_SEQUENCE,resolved_with_transfer,advance_to_next_topic,test
SEQ-0030,STU_0130,Class 9,Kinematics: Velocity Calculation,2,Step 1: 100 / 5 = 25 m/s. Formula is distance divided by time. -> Step 2: Speed = distance / time = 300 / 15 = 20 m/s.,CARELESS_CALCULATION_ERROR -> CORRECT: Scientifically Accurate Response,TRANSIENT_SLIP_WITH_CONCEPTUAL_MASTERY,no_conceptual_misconception,provide_arithmetic_feedback_only,train
SEQ-0031,STU_0131,Class 10,Electricity: Current Conservation,3,"Step 1: A1 = 1.2A, A2 = 0.8A, A3 = 0.4A. Bulb 1 consumes current. -> Step 2: Current at R3 is smaller than R1 because current is consumed along the loop. -> Step 3: Yes, second bulb gets whatever current is left over.",MISC-ELEC-001: Current Attenuation / Consumption Model -> MISC-ELEC-001: Current Attenuation / Consumption Model -> MISC-ELEC-001: Current Attenuation / Consumption Model,RECURRENT_CURRENT_ATTENUATION_PATTERN,unresolved_persistent_misconception,trigger_targeted_multimodal_intervention,train
SEQ-0032,STU_0132,Class 9,Motion: Kinematics Operations,3,Step 1: 500 m/s; multiplied 100 by 5. -> Step 2: 4500 m/s; speed = distance * time. -> Step 3: 180 m/s; multiplied distance by time.,MISC-MOT-001: Speed Distance Operation Inversion -> MISC-MOT-001: Speed Distance Operation Inversion -> MISC-MOT-001: Speed Distance Operation Inversion,RECURRENT_SPEED_DISTANCE_INVERSION_PATTERN,unresolved_persistent_misconception,trigger_targeted_multimodal_intervention,train
SEQ-0033,STU_0133,Class 9,Motion: Speed vs Acceleration,2,Step 1: 20 m/s^2 because it is moving fast. -> Step 2: Acceleration is 72 km/h^2 because it has high velocity.,MISC-MOT-002: Speed-Acceleration Conflation -> MISC-MOT-002: Speed-Acceleration Conflation,RECURRENT_SPEED_ACCELERATION_CONFLATION,unresolved_persistent_misconception,trigger_targeted_multimodal_intervention,train
SEQ-0034,STU_0134,Class 9,Force & Laws of Motion: Inertia,2,Step 1: Requires continuous push of 10 N to sustain speed. -> Step 2: Needs engine firing to keep moving forward.,MISC-FOR-001: Impetus Theory (Force is Required to Sustain Motion) -> MISC-FOR-001: Impetus Theory (Force is Required to Sustain Motion),RECURRENT_IMPETUS_THEORY_PATTERN,unresolved_persistent_misconception,trigger_targeted_multimodal_intervention,train
SEQ-0035,STU_0135,Class 11,Kinematics: 2D Motion Independence,2,Step 1: Ball B lands much later because forward speed floats it. -> Step 2: Fired bullet stays in the air longer because of its speed.,MISC-KIN-001: Horizontal Motion Postpones Gravitational Fall -> MISC-KIN-001: Horizontal Motion Postpones Gravitational Fall,RECURRENT_PROJECTILE_FALLACY_PATTERN,unresolved_persistent_misconception,trigger_targeted_multimodal_intervention,train
SEQ-0036,STU_0136,Class 11,Laws of Motion: Friction Self-Adjustment,2,Step 1: Friction is 49 N because formula is mu_s * N. -> Step 2: Friction is 80 N.,MISC-FRIC-001: Static Friction Formula Overgeneralization Fallacy -> MISC-FRIC-001: Static Friction Formula Overgeneralization Fallacy,RECURRENT_STATIC_FRICTION_OVERGENERALIZATION,unresolved_persistent_misconception,trigger_targeted_multimodal_intervention,train
SEQ-0037,STU_0137,Class 12,Current Electricity: Drift Velocity Scale,2,"Step 1: Electrons race from the switch to the bulb filament at 300,000 km/s. -> Step 2: Drift velocity is close to the speed of light.",MISC-ELEC-008: Electrons Race from Battery to Bulb at Light Speed -> MISC-ELEC-008: Electrons Race from Battery to Bulb at Light Speed,RECURRENT_DRIFT_VELOCITY_SPEED_FALLACY,unresolved_persistent_misconception,trigger_targeted_multimodal_intervention,val
SEQ-0038,STU_0138,Class 10,Optics: Half-Lens Aperture Remediation,3,"Step 1: The upper half of the image disappears completely. -> Step 2: Wait, the full image is still formed on the screen, just dimmer! Every point on lens receives light from entire object. -> Step 3: The complete image remains on screen, but brightness is 70% of original.",MISC-OPT-001: Half-Lens Blocking Fallacy -> COGNITIVE_CONFLICT_RECONCILED: Full image persists with 50% brightness -> CORRECT: Scientifically Accurate Response,SUCCESSFUL_COGNITIVE_REMEDIATION_SEQUENCE,resolved_with_transfer,advance_to_next_topic,val
SEQ-0039,STU_0139,Class 9,Gravitation: Free Fall Mass Independence,3,Step 1: The cannonball falls much faster because it weighs more. -> Step 2: Both hit the ground simultaneously because g is independent of mass! -> Step 3: Both hit the lunar surface at the exact same instant.,MISC-GRAV-001: Heavier Objects Fall Faster Fallacy -> COGNITIVE_CONFLICT_RECONCILED: a = g for all falling bodies -> CORRECT: Scientifically Accurate Response,SUCCESSFUL_COGNITIVE_REMEDIATION_SEQUENCE,resolved_with_transfer,advance_to_next_topic,test
SEQ-0040,STU_0140,Class 9,Kinematics: Velocity Calculation,2,Step 1: 100 / 5 = 25 m/s. Formula is distance divided by time. -> Step 2: Speed = distance / time = 300 / 15 = 20 m/s.,CARELESS_CALCULATION_ERROR -> CORRECT: Scientifically Accurate Response,TRANSIENT_SLIP_WITH_CONCEPTUAL_MASTERY,no_conceptual_misconception,provide_arithmetic_feedback_only,train
SEQ-0041,STU_0141,Class 10,Electricity: Current Conservation,3,"Step 1: A1 = 1.2A, A2 = 0.8A, A3 = 0.4A. Bulb 1 consumes current. -> Step 2: Current at R3 is smaller than R1 because current is consumed along the loop. -> Step 3: Yes, second bulb gets whatever current is left over.",MISC-ELEC-001: Current Attenuation / Consumption Model -> MISC-ELEC-001: Current Attenuation / Consumption Model -> MISC-ELEC-001: Current Attenuation / Consumption Model,RECURRENT_CURRENT_ATTENUATION_PATTERN,unresolved_persistent_misconception,trigger_targeted_multimodal_intervention,train
SEQ-0042,STU_0142,Class 9,Motion: Kinematics Operations,3,Step 1: 500 m/s; multiplied 100 by 5. -> Step 2: 4500 m/s; speed = distance * time. -> Step 3: 180 m/s; multiplied distance by time.,MISC-MOT-001: Speed Distance Operation Inversion -> MISC-MOT-001: Speed Distance Operation Inversion -> MISC-MOT-001: Speed Distance Operation Inversion,RECURRENT_SPEED_DISTANCE_INVERSION_PATTERN,unresolved_persistent_misconception,trigger_targeted_multimodal_intervention,train
SEQ-0043,STU_0143,Class 9,Motion: Speed vs Acceleration,2,Step 1: 20 m/s^2 because it is moving fast. -> Step 2: Acceleration is 72 km/h^2 because it has high velocity.,MISC-MOT-002: Speed-Acceleration Conflation -> MISC-MOT-002: Speed-Acceleration Conflation,RECURRENT_SPEED_ACCELERATION_CONFLATION,unresolved_persistent_misconception,trigger_targeted_multimodal_intervention,train
SEQ-0044,STU_0144,Class 9,Force & Laws of Motion: Inertia,2,Step 1: Requires continuous push of 10 N to sustain speed. -> Step 2: Needs engine firing to keep moving forward.,MISC-FOR-001: Impetus Theory (Force is Required to Sustain Motion) -> MISC-FOR-001: Impetus Theory (Force is Required to Sustain Motion),RECURRENT_IMPETUS_THEORY_PATTERN,unresolved_persistent_misconception,trigger_targeted_multimodal_intervention,train
SEQ-0045,STU_0145,Class 11,Kinematics: 2D Motion Independence,2,Step 1: Ball B lands much later because forward speed floats it. -> Step 2: Fired bullet stays in the air longer because of its speed.,MISC-KIN-001: Horizontal Motion Postpones Gravitational Fall -> MISC-KIN-001: Horizontal Motion Postpones Gravitational Fall,RECURRENT_PROJECTILE_FALLACY_PATTERN,unresolved_persistent_misconception,trigger_targeted_multimodal_intervention,train
SEQ-0046,STU_0146,Class 11,Laws of Motion: Friction Self-Adjustment,2,Step 1: Friction is 49 N because formula is mu_s * N. -> Step 2: Friction is 80 N.,MISC-FRIC-001: Static Friction Formula Overgeneralization Fallacy -> MISC-FRIC-001: Static Friction Formula Overgeneralization Fallacy,RECURRENT_STATIC_FRICTION_OVERGENERALIZATION,unresolved_persistent_misconception,trigger_targeted_multimodal_intervention,train
SEQ-0047,STU_0147,Class 12,Current Electricity: Drift Velocity Scale,2,"Step 1: Electrons race from the switch to the bulb filament at 300,000 km/s. -> Step 2: Drift velocity is close to the speed of light.",MISC-ELEC-008: Electrons Race from Battery to Bulb at Light Speed -> MISC-ELEC-008: Electrons Race from Battery to Bulb at Light Speed,RECURRENT_DRIFT_VELOCITY_SPEED_FALLACY,unresolved_persistent_misconception,trigger_targeted_multimodal_intervention,val
SEQ-0048,STU_0148,Class 10,Optics: Half-Lens Aperture Remediation,3,"Step 1: The upper half of the image disappears completely. -> Step 2: Wait, the full image is still formed on the screen, just dimmer! Every point on lens receives light from entire object. -> Step 3: The complete image remains on screen, but brightness is 70% of original.",MISC-OPT-001: Half-Lens Blocking Fallacy -> COGNITIVE_CONFLICT_RECONCILED: Full image persists with 50% brightness -> CORRECT: Scientifically Accurate Response,SUCCESSFUL_COGNITIVE_REMEDIATION_SEQUENCE,resolved_with_transfer,advance_to_next_topic,val
SEQ-0049,STU_0149,Class 9,Gravitation: Free Fall Mass Independence,3,Step 1: The cannonball falls much faster because it weighs more. -> Step 2: Both hit the ground simultaneously because g is independent of mass! -> Step 3: Both hit the lunar surface at the exact same instant.,MISC-GRAV-001: Heavier Objects Fall Faster Fallacy -> COGNITIVE_CONFLICT_RECONCILED: a = g for all falling bodies -> CORRECT: Scientifically Accurate Response,SUCCESSFUL_COGNITIVE_REMEDIATION_SEQUENCE,resolved_with_transfer,advance_to_next_topic,test
SEQ-0050,STU_0150,Class 9,Kinematics: Velocity Calculation,2,Step 1: 100 / 5 = 25 m/s. Formula is distance divided by time. -> Step 2: Speed = distance / time = 300 / 15 = 20 m/s.,CARELESS_CALCULATION_ERROR -> CORRECT: Scientifically Accurate Response,TRANSIENT_SLIP_WITH_CONCEPTUAL_MASTERY,no_conceptual_misconception,provide_arithmetic_feedback_only,train
SEQ-0051,STU_0151,Class 10,Electricity: Current Conservation,3,"Step 1: A1 = 1.2A, A2 = 0.8A, A3 = 0.4A. Bulb 1 consumes current. -> Step 2: Current at R3 is smaller than R1 because current is consumed along the loop. -> Step 3: Yes, second bulb gets whatever current is left over.",MISC-ELEC-001: Current Attenuation / Consumption Model -> MISC-ELEC-001: Current Attenuation / Consumption Model -> MISC-ELEC-001: Current Attenuation / Consumption Model,RECURRENT_CURRENT_ATTENUATION_PATTERN,unresolved_persistent_misconception,trigger_targeted_multimodal_intervention,train
SEQ-0052,STU_0152,Class 9,Motion: Kinematics Operations,3,Step 1: 500 m/s; multiplied 100 by 5. -> Step 2: 4500 m/s; speed = distance * time. -> Step 3: 180 m/s; multiplied distance by time.,MISC-MOT-001: Speed Distance Operation Inversion -> MISC-MOT-001: Speed Distance Operation Inversion -> MISC-MOT-001: Speed Distance Operation Inversion,RECURRENT_SPEED_DISTANCE_INVERSION_PATTERN,unresolved_persistent_misconception,trigger_targeted_multimodal_intervention,train
SEQ-0053,STU_0153,Class 9,Motion: Speed vs Acceleration,2,Step 1: 20 m/s^2 because it is moving fast. -> Step 2: Acceleration is 72 km/h^2 because it has high velocity.,MISC-MOT-002: Speed-Acceleration Conflation -> MISC-MOT-002: Speed-Acceleration Conflation,RECURRENT_SPEED_ACCELERATION_CONFLATION,unresolved_persistent_misconception,trigger_targeted_multimodal_intervention,train
SEQ-0054,STU_0154,Class 9,Force & Laws of Motion: Inertia,2,Step 1: Requires continuous push of 10 N to sustain speed. -> Step 2: Needs engine firing to keep moving forward.,MISC-FOR-001: Impetus Theory (Force is Required to Sustain Motion) -> MISC-FOR-001: Impetus Theory (Force is Required to Sustain Motion),RECURRENT_IMPETUS_THEORY_PATTERN,unresolved_persistent_misconception,trigger_targeted_multimodal_intervention,train
SEQ-0055,STU_0155,Class 11,Kinematics: 2D Motion Independence,2,Step 1: Ball B lands much later because forward speed floats it. -> Step 2: Fired bullet stays in the air longer because of its speed.,MISC-KIN-001: Horizontal Motion Postpones Gravitational Fall -> MISC-KIN-001: Horizontal Motion Postpones Gravitational Fall,RECURRENT_PROJECTILE_FALLACY_PATTERN,unresolved_persistent_misconception,trigger_targeted_multimodal_intervention,train
SEQ-0056,STU_0156,Class 11,Laws of Motion: Friction Self-Adjustment,2,Step 1: Friction is 49 N because formula is mu_s * N. -> Step 2: Friction is 80 N.,MISC-FRIC-001: Static Friction Formula Overgeneralization Fallacy -> MISC-FRIC-001: Static Friction Formula Overgeneralization Fallacy,RECURRENT_STATIC_FRICTION_OVERGENERALIZATION,unresolved_persistent_misconception,trigger_targeted_multimodal_intervention,train
SEQ-0057,STU_0157,Class 12,Current Electricity: Drift Velocity Scale,2,"Step 1: Electrons race from the switch to the bulb filament at 300,000 km/s. -> Step 2: Drift velocity is close to the speed of light.",MISC-ELEC-008: Electrons Race from Battery to Bulb at Light Speed -> MISC-ELEC-008: Electrons Race from Battery to Bulb at Light Speed,RECURRENT_DRIFT_VELOCITY_SPEED_FALLACY,unresolved_persistent_misconception,trigger_targeted_multimodal_intervention,val
SEQ-0058,STU_0158,Class 10,Optics: Half-Lens Aperture Remediation,3,"Step 1: The upper half of the image disappears completely. -> Step 2: Wait, the full image is still formed on the screen, just dimmer! Every point on lens receives light from entire object. -> Step 3: The complete image remains on screen, but brightness is 70% of original.",MISC-OPT-001: Half-Lens Blocking Fallacy -> COGNITIVE_CONFLICT_RECONCILED: Full image persists with 50% brightness -> CORRECT: Scientifically Accurate Response,SUCCESSFUL_COGNITIVE_REMEDIATION_SEQUENCE,resolved_with_transfer,advance_to_next_topic,val
SEQ-0059,STU_0159,Class 9,Gravitation: Free Fall Mass Independence,3,Step 1: The cannonball falls much faster because it weighs more. -> Step 2: Both hit the ground simultaneously because g is independent of mass! -> Step 3: Both hit the lunar surface at the exact same instant.,MISC-GRAV-001: Heavier Objects Fall Faster Fallacy -> COGNITIVE_CONFLICT_RECONCILED: a = g for all falling bodies -> CORRECT: Scientifically Accurate Response,SUCCESSFUL_COGNITIVE_REMEDIATION_SEQUENCE,resolved_with_transfer,advance_to_next_topic,test
SEQ-0060,STU_0160,Class 9,Kinematics: Velocity Calculation,2,Step 1: 100 / 5 = 25 m/s. Formula is distance divided by time. -> Step 2: Speed = distance / time = 300 / 15 = 20 m/s.,CARELESS_CALCULATION_ERROR -> CORRECT: Scientifically Accurate Response,TRANSIENT_SLIP_WITH_CONCEPTUAL_MASTERY,no_conceptual_misconception,provide_arithmetic_feedback_only,train
SEQ-0061,STU_0161,Class 10,Electricity: Current Conservation,3,"Step 1: A1 = 1.2A, A2 = 0.8A, A3 = 0.4A. Bulb 1 consumes current. -> Step 2: Current at R3 is smaller than R1 because current is consumed along the loop. -> Step 3: Yes, second bulb gets whatever current is left over.",MISC-ELEC-001: Current Attenuation / Consumption Model -> MISC-ELEC-001: Current Attenuation / Consumption Model -> MISC-ELEC-001: Current Attenuation / Consumption Model,RECURRENT_CURRENT_ATTENUATION_PATTERN,unresolved_persistent_misconception,trigger_targeted_multimodal_intervention,train
SEQ-0062,STU_0162,Class 9,Motion: Kinematics Operations,3,Step 1: 500 m/s; multiplied 100 by 5. -> Step 2: 4500 m/s; speed = distance * time. -> Step 3: 180 m/s; multiplied distance by time.,MISC-MOT-001: Speed Distance Operation Inversion -> MISC-MOT-001: Speed Distance Operation Inversion -> MISC-MOT-001: Speed Distance Operation Inversion,RECURRENT_SPEED_DISTANCE_INVERSION_PATTERN,unresolved_persistent_misconception,trigger_targeted_multimodal_intervention,train
SEQ-0063,STU_0163,Class 9,Motion: Speed vs Acceleration,2,Step 1: 20 m/s^2 because it is moving fast. -> Step 2: Acceleration is 72 km/h^2 because it has high velocity.,MISC-MOT-002: Speed-Acceleration Conflation -> MISC-MOT-002: Speed-Acceleration Conflation,RECURRENT_SPEED_ACCELERATION_CONFLATION,unresolved_persistent_misconception,trigger_targeted_multimodal_intervention,train
SEQ-0064,STU_0164,Class 9,Force & Laws of Motion: Inertia,2,Step 1: Requires continuous push of 10 N to sustain speed. -> Step 2: Needs engine firing to keep moving forward.,MISC-FOR-001: Impetus Theory (Force is Required to Sustain Motion) -> MISC-FOR-001: Impetus Theory (Force is Required to Sustain Motion),RECURRENT_IMPETUS_THEORY_PATTERN,unresolved_persistent_misconception,trigger_targeted_multimodal_intervention,train
SEQ-0065,STU_0165,Class 11,Kinematics: 2D Motion Independence,2,Step 1: Ball B lands much later because forward speed floats it. -> Step 2: Fired bullet stays in the air longer because of its speed.,MISC-KIN-001: Horizontal Motion Postpones Gravitational Fall -> MISC-KIN-001: Horizontal Motion Postpones Gravitational Fall,RECURRENT_PROJECTILE_FALLACY_PATTERN,unresolved_persistent_misconception,trigger_targeted_multimodal_intervention,train
SEQ-0066,STU_0166,Class 11,Laws of Motion: Friction Self-Adjustment,2,Step 1: Friction is 49 N because formula is mu_s * N. -> Step 2: Friction is 80 N.,MISC-FRIC-001: Static Friction Formula Overgeneralization Fallacy -> MISC-FRIC-001: Static Friction Formula Overgeneralization Fallacy,RECURRENT_STATIC_FRICTION_OVERGENERALIZATION,unresolved_persistent_misconception,trigger_targeted_multimodal_intervention,train
SEQ-0067,STU_0167,Class 12,Current Electricity: Drift Velocity Scale,2,"Step 1: Electrons race from the switch to the bulb filament at 300,000 km/s. -> Step 2: Drift velocity is close to the speed of light.",MISC-ELEC-008: Electrons Race from Battery to Bulb at Light Speed -> MISC-ELEC-008: Electrons Race from Battery to Bulb at Light Speed,RECURRENT_DRIFT_VELOCITY_SPEED_FALLACY,unresolved_persistent_misconception,trigger_targeted_multimodal_intervention,val
SEQ-0068,STU_0168,Class 10,Optics: Half-Lens Aperture Remediation,3,"Step 1: The upper half of the image disappears completely. -> Step 2: Wait, the full image is still formed on the screen, just dimmer! Every point on lens receives light from entire object. -> Step 3: The complete image remains on screen, but brightness is 70% of original.",MISC-OPT-001: Half-Lens Blocking Fallacy -> COGNITIVE_CONFLICT_RECONCILED: Full image persists with 50% brightness -> CORRECT: Scientifically Accurate Response,SUCCESSFUL_COGNITIVE_REMEDIATION_SEQUENCE,resolved_with_transfer,advance_to_next_topic,val
SEQ-0069,STU_0169,Class 9,Gravitation: Free Fall Mass Independence,3,Step 1: The cannonball falls much faster because it weighs more. -> Step 2: Both hit the ground simultaneously because g is independent of mass! -> Step 3: Both hit the lunar surface at the exact same instant.,MISC-GRAV-001: Heavier Objects Fall Faster Fallacy -> COGNITIVE_CONFLICT_RECONCILED: a = g for all falling bodies -> CORRECT: Scientifically Accurate Response,SUCCESSFUL_COGNITIVE_REMEDIATION_SEQUENCE,resolved_with_transfer,advance_to_next_topic,test
SEQ-0070,STU_0170,Class 9,Kinematics: Velocity Calculation,2,Step 1: 100 / 5 = 25 m/s. Formula is distance divided by time. -> Step 2: Speed = distance / time = 300 / 15 = 20 m/s.,CARELESS_CALCULATION_ERROR -> CORRECT: Scientifically Accurate Response,TRANSIENT_SLIP_WITH_CONCEPTUAL_MASTERY,no_conceptual_misconception,provide_arithmetic_feedback_only,train
SEQ-0071,STU_0171,Class 10,Electricity: Current Conservation,3,"Step 1: A1 = 1.2A, A2 = 0.8A, A3 = 0.4A. Bulb 1 consumes current. -> Step 2: Current at R3 is smaller than R1 because current is consumed along the loop. -> Step 3: Yes, second bulb gets whatever current is left over.",MISC-ELEC-001: Current Attenuation / Consumption Model -> MISC-ELEC-001: Current Attenuation / Consumption Model -> MISC-ELEC-001: Current Attenuation / Consumption Model,RECURRENT_CURRENT_ATTENUATION_PATTERN,unresolved_persistent_misconception,trigger_targeted_multimodal_intervention,train
SEQ-0072,STU_0172,Class 9,Motion: Kinematics Operations,3,Step 1: 500 m/s; multiplied 100 by 5. -> Step 2: 4500 m/s; speed = distance * time. -> Step 3: 180 m/s; multiplied distance by time.,MISC-MOT-001: Speed Distance Operation Inversion -> MISC-MOT-001: Speed Distance Operation Inversion -> MISC-MOT-001: Speed Distance Operation Inversion,RECURRENT_SPEED_DISTANCE_INVERSION_PATTERN,unresolved_persistent_misconception,trigger_targeted_multimodal_intervention,train
SEQ-0073,STU_0173,Class 9,Motion: Speed vs Acceleration,2,Step 1: 20 m/s^2 because it is moving fast. -> Step 2: Acceleration is 72 km/h^2 because it has high velocity.,MISC-MOT-002: Speed-Acceleration Conflation -> MISC-MOT-002: Speed-Acceleration Conflation,RECURRENT_SPEED_ACCELERATION_CONFLATION,unresolved_persistent_misconception,trigger_targeted_multimodal_intervention,train
SEQ-0074,STU_0174,Class 9,Force & Laws of Motion: Inertia,2,Step 1: Requires continuous push of 10 N to sustain speed. -> Step 2: Needs engine firing to keep moving forward.,MISC-FOR-001: Impetus Theory (Force is Required to Sustain Motion) -> MISC-FOR-001: Impetus Theory (Force is Required to Sustain Motion),RECURRENT_IMPETUS_THEORY_PATTERN,unresolved_persistent_misconception,trigger_targeted_multimodal_intervention,train
SEQ-0075,STU_0175,Class 11,Kinematics: 2D Motion Independence,2,Step 1: Ball B lands much later because forward speed floats it. -> Step 2: Fired bullet stays in the air longer because of its speed.,MISC-KIN-001: Horizontal Motion Postpones Gravitational Fall -> MISC-KIN-001: Horizontal Motion Postpones Gravitational Fall,RECURRENT_PROJECTILE_FALLACY_PATTERN,unresolved_persistent_misconception,trigger_targeted_multimodal_intervention,train
SEQ-0076,STU_0176,Class 11,Laws of Motion: Friction Self-Adjustment,2,Step 1: Friction is 49 N because formula is mu_s * N. -> Step 2: Friction is 80 N.,MISC-FRIC-001: Static Friction Formula Overgeneralization Fallacy -> MISC-FRIC-001: Static Friction Formula Overgeneralization Fallacy,RECURRENT_STATIC_FRICTION_OVERGENERALIZATION,unresolved_persistent_misconception,trigger_targeted_multimodal_intervention,train
SEQ-0077,STU_0177,Class 12,Current Electricity: Drift Velocity Scale,2,"Step 1: Electrons race from the switch to the bulb filament at 300,000 km/s. -> Step 2: Drift velocity is close to the speed of light.",MISC-ELEC-008: Electrons Race from Battery to Bulb at Light Speed -> MISC-ELEC-008: Electrons Race from Battery to Bulb at Light Speed,RECURRENT_DRIFT_VELOCITY_SPEED_FALLACY,unresolved_persistent_misconception,trigger_targeted_multimodal_intervention,val
SEQ-0078,STU_0178,Class 10,Optics: Half-Lens Aperture Remediation,3,"Step 1: The upper half of the image disappears completely. -> Step 2: Wait, the full image is still formed on the screen, just dimmer! Every point on lens receives light from entire object. -> Step 3: The complete image remains on screen, but brightness is 70% of original.",MISC-OPT-001: Half-Lens Blocking Fallacy -> COGNITIVE_CONFLICT_RECONCILED: Full image persists with 50% brightness -> CORRECT: Scientifically Accurate Response,SUCCESSFUL_COGNITIVE_REMEDIATION_SEQUENCE,resolved_with_transfer,advance_to_next_topic,val
SEQ-0079,STU_0179,Class 9,Gravitation: Free Fall Mass Independence,3,Step 1: The cannonball falls much faster because it weighs more. -> Step 2: Both hit the ground simultaneously because g is independent of mass! -> Step 3: Both hit the lunar surface at the exact same instant.,MISC-GRAV-001: Heavier Objects Fall Faster Fallacy -> COGNITIVE_CONFLICT_RECONCILED: a = g for all falling bodies -> CORRECT: Scientifically Accurate Response,SUCCESSFUL_COGNITIVE_REMEDIATION_SEQUENCE,resolved_with_transfer,advance_to_next_topic,test
SEQ-0080,STU_0180,Class 9,Kinematics: Velocity Calculation,2,Step 1: 100 / 5 = 25 m/s. Formula is distance divided by time. -> Step 2: Speed = distance / time = 300 / 15 = 20 m/s.,CARELESS_CALCULATION_ERROR -> CORRECT: Scientifically Accurate Response,TRANSIENT_SLIP_WITH_CONCEPTUAL_MASTERY,no_conceptual_misconception,provide_arithmetic_feedback_only,train
SEQ-0081,STU_0181,Class 10,Electricity: Current Conservation,3,"Step 1: A1 = 1.2A, A2 = 0.8A, A3 = 0.4A. Bulb 1 consumes current. -> Step 2: Current at R3 is smaller than R1 because current is consumed along the loop. -> Step 3: Yes, second bulb gets whatever current is left over.",MISC-ELEC-001: Current Attenuation / Consumption Model -> MISC-ELEC-001: Current Attenuation / Consumption Model -> MISC-ELEC-001: Current Attenuation / Consumption Model,RECURRENT_CURRENT_ATTENUATION_PATTERN,unresolved_persistent_misconception,trigger_targeted_multimodal_intervention,train
SEQ-0082,STU_0182,Class 9,Motion: Kinematics Operations,3,Step 1: 500 m/s; multiplied 100 by 5. -> Step 2: 4500 m/s; speed = distance * time. -> Step 3: 180 m/s; multiplied distance by time.,MISC-MOT-001: Speed Distance Operation Inversion -> MISC-MOT-001: Speed Distance Operation Inversion -> MISC-MOT-001: Speed Distance Operation Inversion,RECURRENT_SPEED_DISTANCE_INVERSION_PATTERN,unresolved_persistent_misconception,trigger_targeted_multimodal_intervention,train
SEQ-0083,STU_0183,Class 9,Motion: Speed vs Acceleration,2,Step 1: 20 m/s^2 because it is moving fast. -> Step 2: Acceleration is 72 km/h^2 because it has high velocity.,MISC-MOT-002: Speed-Acceleration Conflation -> MISC-MOT-002: Speed-Acceleration Conflation,RECURRENT_SPEED_ACCELERATION_CONFLATION,unresolved_persistent_misconception,trigger_targeted_multimodal_intervention,train
SEQ-0084,STU_0184,Class 9,Force & Laws of Motion: Inertia,2,Step 1: Requires continuous push of 10 N to sustain speed. -> Step 2: Needs engine firing to keep moving forward.,MISC-FOR-001: Impetus Theory (Force is Required to Sustain Motion) -> MISC-FOR-001: Impetus Theory (Force is Required to Sustain Motion),RECURRENT_IMPETUS_THEORY_PATTERN,unresolved_persistent_misconception,trigger_targeted_multimodal_intervention,train
SEQ-0085,STU_0185,Class 11,Kinematics: 2D Motion Independence,2,Step 1: Ball B lands much later because forward speed floats it. -> Step 2: Fired bullet stays in the air longer because of its speed.,MISC-KIN-001: Horizontal Motion Postpones Gravitational Fall -> MISC-KIN-001: Horizontal Motion Postpones Gravitational Fall,RECURRENT_PROJECTILE_FALLACY_PATTERN,unresolved_persistent_misconception,trigger_targeted_multimodal_intervention,train
SEQ-0086,STU_0186,Class 11,Laws of Motion: Friction Self-Adjustment,2,Step 1: Friction is 49 N because formula is mu_s * N. -> Step 2: Friction is 80 N.,MISC-FRIC-001: Static Friction Formula Overgeneralization Fallacy -> MISC-FRIC-001: Static Friction Formula Overgeneralization Fallacy,RECURRENT_STATIC_FRICTION_OVERGENERALIZATION,unresolved_persistent_misconception,trigger_targeted_multimodal_intervention,train
SEQ-0087,STU_0187,Class 12,Current Electricity: Drift Velocity Scale,2,"Step 1: Electrons race from the switch to the bulb filament at 300,000 km/s. -> Step 2: Drift velocity is close to the speed of light.",MISC-ELEC-008: Electrons Race from Battery to Bulb at Light Speed -> MISC-ELEC-008: Electrons Race from Battery to Bulb at Light Speed,RECURRENT_DRIFT_VELOCITY_SPEED_FALLACY,unresolved_persistent_misconception,trigger_targeted_multimodal_intervention,val
SEQ-0088,STU_0188,Class 10,Optics: Half-Lens Aperture Remediation,3,"Step 1: The upper half of the image disappears completely. -> Step 2: Wait, the full image is still formed on the screen, just dimmer! Every point on lens receives light from entire object. -> Step 3: The complete image remains on screen, but brightness is 70% of original.",MISC-OPT-001: Half-Lens Blocking Fallacy -> COGNITIVE_CONFLICT_RECONCILED: Full image persists with 50% brightness -> CORRECT: Scientifically Accurate Response,SUCCESSFUL_COGNITIVE_REMEDIATION_SEQUENCE,resolved_with_transfer,advance_to_next_topic,val
SEQ-0089,STU_0189,Class 9,Gravitation: Free Fall Mass Independence,3,Step 1: The cannonball falls much faster because it weighs more. -> Step 2: Both hit the ground simultaneously because g is independent of mass! -> Step 3: Both hit the lunar surface at the exact same instant.,MISC-GRAV-001: Heavier Objects Fall Faster Fallacy -> COGNITIVE_CONFLICT_RECONCILED: a = g for all falling bodies -> CORRECT: Scientifically Accurate Response,SUCCESSFUL_COGNITIVE_REMEDIATION_SEQUENCE,resolved_with_transfer,advance_to_next_topic,test
SEQ-0090,STU_0190,Class 9,Kinematics: Velocity Calculation,2,Step 1: 100 / 5 = 25 m/s. Formula is distance divided by time. -> Step 2: Speed = distance / time = 300 / 15 = 20 m/s.,CARELESS_CALCULATION_ERROR -> CORRECT: Scientifically Accurate Response,TRANSIENT_SLIP_WITH_CONCEPTUAL_MASTERY,no_conceptual_misconception,provide_arithmetic_feedback_only,train
SEQ-0091,STU_0191,Class 10,Electricity: Current Conservation,3,"Step 1: A1 = 1.2A, A2 = 0.8A, A3 = 0.4A. Bulb 1 consumes current. -> Step 2: Current at R3 is smaller than R1 because current is consumed along the loop. -> Step 3: Yes, second bulb gets whatever current is left over.",MISC-ELEC-001: Current Attenuation / Consumption Model -> MISC-ELEC-001: Current Attenuation / Consumption Model -> MISC-ELEC-001: Current Attenuation / Consumption Model,RECURRENT_CURRENT_ATTENUATION_PATTERN,unresolved_persistent_misconception,trigger_targeted_multimodal_intervention,train
SEQ-0092,STU_0192,Class 9,Motion: Kinematics Operations,3,Step 1: 500 m/s; multiplied 100 by 5. -> Step 2: 4500 m/s; speed = distance * time. -> Step 3: 180 m/s; multiplied distance by time.,MISC-MOT-001: Speed Distance Operation Inversion -> MISC-MOT-001: Speed Distance Operation Inversion -> MISC-MOT-001: Speed Distance Operation Inversion,RECURRENT_SPEED_DISTANCE_INVERSION_PATTERN,unresolved_persistent_misconception,trigger_targeted_multimodal_intervention,train
SEQ-0093,STU_0193,Class 9,Motion: Speed vs Acceleration,2,Step 1: 20 m/s^2 because it is moving fast. -> Step 2: Acceleration is 72 km/h^2 because it has high velocity.,MISC-MOT-002: Speed-Acceleration Conflation -> MISC-MOT-002: Speed-Acceleration Conflation,RECURRENT_SPEED_ACCELERATION_CONFLATION,unresolved_persistent_misconception,trigger_targeted_multimodal_intervention,train
SEQ-0094,STU_0194,Class 9,Force & Laws of Motion: Inertia,2,Step 1: Requires continuous push of 10 N to sustain speed. -> Step 2: Needs engine firing to keep moving forward.,MISC-FOR-001: Impetus Theory (Force is Required to Sustain Motion) -> MISC-FOR-001: Impetus Theory (Force is Required to Sustain Motion),RECURRENT_IMPETUS_THEORY_PATTERN,unresolved_persistent_misconception,trigger_targeted_multimodal_intervention,train
SEQ-0095,STU_0195,Class 11,Kinematics: 2D Motion Independence,2,Step 1: Ball B lands much later because forward speed floats it. -> Step 2: Fired bullet stays in the air longer because of its speed.,MISC-KIN-001: Horizontal Motion Postpones Gravitational Fall -> MISC-KIN-001: Horizontal Motion Postpones Gravitational Fall,RECURRENT_PROJECTILE_FALLACY_PATTERN,unresolved_persistent_misconception,trigger_targeted_multimodal_intervention,train
SEQ-0096,STU_0196,Class 11,Laws of Motion: Friction Self-Adjustment,2,Step 1: Friction is 49 N because formula is mu_s * N. -> Step 2: Friction is 80 N.,MISC-FRIC-001: Static Friction Formula Overgeneralization Fallacy -> MISC-FRIC-001: Static Friction Formula Overgeneralization Fallacy,RECURRENT_STATIC_FRICTION_OVERGENERALIZATION,unresolved_persistent_misconception,trigger_targeted_multimodal_intervention,train
SEQ-0097,STU_0197,Class 12,Current Electricity: Drift Velocity Scale,2,"Step 1: Electrons race from the switch to the bulb filament at 300,000 km/s. -> Step 2: Drift velocity is close to the speed of light.",MISC-ELEC-008: Electrons Race from Battery to Bulb at Light Speed -> MISC-ELEC-008: Electrons Race from Battery to Bulb at Light Speed,RECURRENT_DRIFT_VELOCITY_SPEED_FALLACY,unresolved_persistent_misconception,trigger_targeted_multimodal_intervention,val
SEQ-0098,STU_0198,Class 10,Optics: Half-Lens Aperture Remediation,3,"Step 1: The upper half of the image disappears completely. -> Step 2: Wait, the full image is still formed on the screen, just dimmer! Every point on lens receives light from entire object. -> Step 3: The complete image remains on screen, but brightness is 70% of original.",MISC-OPT-001: Half-Lens Blocking Fallacy -> COGNITIVE_CONFLICT_RECONCILED: Full image persists with 50% brightness -> CORRECT: Scientifically Accurate Response,SUCCESSFUL_COGNITIVE_REMEDIATION_SEQUENCE,resolved_with_transfer,advance_to_next_topic,val
SEQ-0099,STU_0199,Class 9,Gravitation: Free Fall Mass Independence,3,Step 1: The cannonball falls much faster because it weighs more. -> Step 2: Both hit the ground simultaneously because g is independent of mass! -> Step 3: Both hit the lunar surface at the exact same instant.,MISC-GRAV-001: Heavier Objects Fall Faster Fallacy -> COGNITIVE_CONFLICT_RECONCILED: a = g for all falling bodies -> CORRECT: Scientifically Accurate Response,SUCCESSFUL_COGNITIVE_REMEDIATION_SEQUENCE,resolved_with_transfer,advance_to_next_topic,test
SEQ-0100,STU_0200,Class 9,Kinematics: Velocity Calculation,2,Step 1: 100 / 5 = 25 m/s. Formula is distance divided by time. -> Step 2: Speed = distance / time = 300 / 15 = 20 m/s.,CARELESS_CALCULATION_ERROR -> CORRECT: Scientifically Accurate Response,TRANSIENT_SLIP_WITH_CONCEPTUAL_MASTERY,no_conceptual_misconception,provide_arithmetic_feedback_only,train
SEQ-0101,STU_0201,Class 10,Electricity: Current Conservation,3,"Step 1: A1 = 1.2A, A2 = 0.8A, A3 = 0.4A. Bulb 1 consumes current. -> Step 2: Current at R3 is smaller than R1 because current is consumed along the loop. -> Step 3: Yes, second bulb gets whatever current is left over.",MISC-ELEC-001: Current Attenuation / Consumption Model -> MISC-ELEC-001: Current Attenuation / Consumption Model -> MISC-ELEC-001: Current Attenuation / Consumption Model,RECURRENT_CURRENT_ATTENUATION_PATTERN,unresolved_persistent_misconception,trigger_targeted_multimodal_intervention,train
SEQ-0102,STU_0202,Class 9,Motion: Kinematics Operations,3,Step 1: 500 m/s; multiplied 100 by 5. -> Step 2: 4500 m/s; speed = distance * time. -> Step 3: 180 m/s; multiplied distance by time.,MISC-MOT-001: Speed Distance Operation Inversion -> MISC-MOT-001: Speed Distance Operation Inversion -> MISC-MOT-001: Speed Distance Operation Inversion,RECURRENT_SPEED_DISTANCE_INVERSION_PATTERN,unresolved_persistent_misconception,trigger_targeted_multimodal_intervention,train
SEQ-0103,STU_0203,Class 9,Motion: Speed vs Acceleration,2,Step 1: 20 m/s^2 because it is moving fast. -> Step 2: Acceleration is 72 km/h^2 because it has high velocity.,MISC-MOT-002: Speed-Acceleration Conflation -> MISC-MOT-002: Speed-Acceleration Conflation,RECURRENT_SPEED_ACCELERATION_CONFLATION,unresolved_persistent_misconception,trigger_targeted_multimodal_intervention,train
SEQ-0104,STU_0204,Class 9,Force & Laws of Motion: Inertia,2,Step 1: Requires continuous push of 10 N to sustain speed. -> Step 2: Needs engine firing to keep moving forward.,MISC-FOR-001: Impetus Theory (Force is Required to Sustain Motion) -> MISC-FOR-001: Impetus Theory (Force is Required to Sustain Motion),RECURRENT_IMPETUS_THEORY_PATTERN,unresolved_persistent_misconception,trigger_targeted_multimodal_intervention,train
SEQ-0105,STU_0205,Class 11,Kinematics: 2D Motion Independence,2,Step 1: Ball B lands much later because forward speed floats it. -> Step 2: Fired bullet stays in the air longer because of its speed.,MISC-KIN-001: Horizontal Motion Postpones Gravitational Fall -> MISC-KIN-001: Horizontal Motion Postpones Gravitational Fall,RECURRENT_PROJECTILE_FALLACY_PATTERN,unresolved_persistent_misconception,trigger_targeted_multimodal_intervention,train
SEQ-0106,STU_0206,Class 11,Laws of Motion: Friction Self-Adjustment,2,Step 1: Friction is 49 N because formula is mu_s * N. -> Step 2: Friction is 80 N.,MISC-FRIC-001: Static Friction Formula Overgeneralization Fallacy -> MISC-FRIC-001: Static Friction Formula Overgeneralization Fallacy,RECURRENT_STATIC_FRICTION_OVERGENERALIZATION,unresolved_persistent_misconception,trigger_targeted_multimodal_intervention,train
SEQ-0107,STU_0207,Class 12,Current Electricity: Drift Velocity Scale,2,"Step 1: Electrons race from the switch to the bulb filament at 300,000 km/s. -> Step 2: Drift velocity is close to the speed of light.",MISC-ELEC-008: Electrons Race from Battery to Bulb at Light Speed -> MISC-ELEC-008: Electrons Race from Battery to Bulb at Light Speed,RECURRENT_DRIFT_VELOCITY_SPEED_FALLACY,unresolved_persistent_misconception,trigger_targeted_multimodal_intervention,val
SEQ-0108,STU_0208,Class 10,Optics: Half-Lens Aperture Remediation,3,"Step 1: The upper half of the image disappears completely. -> Step 2: Wait, the full image is still formed on the screen, just dimmer! Every point on lens receives light from entire object. -> Step 3: The complete image remains on screen, but brightness is 70% of original.",MISC-OPT-001: Half-Lens Blocking Fallacy -> COGNITIVE_CONFLICT_RECONCILED: Full image persists with 50% brightness -> CORRECT: Scientifically Accurate Response,SUCCESSFUL_COGNITIVE_REMEDIATION_SEQUENCE,resolved_with_transfer,advance_to_next_topic,val
SEQ-0109,STU_0209,Class 9,Gravitation: Free Fall Mass Independence,3,Step 1: The cannonball falls much faster because it weighs more. -> Step 2: Both hit the ground simultaneously because g is independent of mass! -> Step 3: Both hit the lunar surface at the exact same instant.,MISC-GRAV-001: Heavier Objects Fall Faster Fallacy -> COGNITIVE_CONFLICT_RECONCILED: a = g for all falling bodies -> CORRECT: Scientifically Accurate Response,SUCCESSFUL_COGNITIVE_REMEDIATION_SEQUENCE,resolved_with_transfer,advance_to_next_topic,test
SEQ-0110,STU_0210,Class 9,Kinematics: Velocity Calculation,2,Step 1: 100 / 5 = 25 m/s. Formula is distance divided by time. -> Step 2: Speed = distance / time = 300 / 15 = 20 m/s.,CARELESS_CALCULATION_ERROR -> CORRECT: Scientifically Accurate Response,TRANSIENT_SLIP_WITH_CONCEPTUAL_MASTERY,no_conceptual_misconception,provide_arithmetic_feedback_only,train
SEQ-0111,STU_0211,Class 10,Electricity: Current Conservation,3,"Step 1: A1 = 1.2A, A2 = 0.8A, A3 = 0.4A. Bulb 1 consumes current. -> Step 2: Current at R3 is smaller than R1 because current is consumed along the loop. -> Step 3: Yes, second bulb gets whatever current is left over.",MISC-ELEC-001: Current Attenuation / Consumption Model -> MISC-ELEC-001: Current Attenuation / Consumption Model -> MISC-ELEC-001: Current Attenuation / Consumption Model,RECURRENT_CURRENT_ATTENUATION_PATTERN,unresolved_persistent_misconception,trigger_targeted_multimodal_intervention,train
SEQ-0112,STU_0212,Class 9,Motion: Kinematics Operations,3,Step 1: 500 m/s; multiplied 100 by 5. -> Step 2: 4500 m/s; speed = distance * time. -> Step 3: 180 m/s; multiplied distance by time.,MISC-MOT-001: Speed Distance Operation Inversion -> MISC-MOT-001: Speed Distance Operation Inversion -> MISC-MOT-001: Speed Distance Operation Inversion,RECURRENT_SPEED_DISTANCE_INVERSION_PATTERN,unresolved_persistent_misconception,trigger_targeted_multimodal_intervention,train
SEQ-0113,STU_0213,Class 9,Motion: Speed vs Acceleration,2,Step 1: 20 m/s^2 because it is moving fast. -> Step 2: Acceleration is 72 km/h^2 because it has high velocity.,MISC-MOT-002: Speed-Acceleration Conflation -> MISC-MOT-002: Speed-Acceleration Conflation,RECURRENT_SPEED_ACCELERATION_CONFLATION,unresolved_persistent_misconception,trigger_targeted_multimodal_intervention,train
SEQ-0114,STU_0214,Class 9,Force & Laws of Motion: Inertia,2,Step 1: Requires continuous push of 10 N to sustain speed. -> Step 2: Needs engine firing to keep moving forward.,MISC-FOR-001: Impetus Theory (Force is Required to Sustain Motion) -> MISC-FOR-001: Impetus Theory (Force is Required to Sustain Motion),RECURRENT_IMPETUS_THEORY_PATTERN,unresolved_persistent_misconception,trigger_targeted_multimodal_intervention,train
SEQ-0115,STU_0215,Class 11,Kinematics: 2D Motion Independence,2,Step 1: Ball B lands much later because forward speed floats it. -> Step 2: Fired bullet stays in the air longer because of its speed.,MISC-KIN-001: Horizontal Motion Postpones Gravitational Fall -> MISC-KIN-001: Horizontal Motion Postpones Gravitational Fall,RECURRENT_PROJECTILE_FALLACY_PATTERN,unresolved_persistent_misconception,trigger_targeted_multimodal_intervention,train
SEQ-0116,STU_0216,Class 11,Laws of Motion: Friction Self-Adjustment,2,Step 1: Friction is 49 N because formula is mu_s * N. -> Step 2: Friction is 80 N.,MISC-FRIC-001: Static Friction Formula Overgeneralization Fallacy -> MISC-FRIC-001: Static Friction Formula Overgeneralization Fallacy,RECURRENT_STATIC_FRICTION_OVERGENERALIZATION,unresolved_persistent_misconception,trigger_targeted_multimodal_intervention,train
SEQ-0117,STU_0217,Class 12,Current Electricity: Drift Velocity Scale,2,"Step 1: Electrons race from the switch to the bulb filament at 300,000 km/s. -> Step 2: Drift velocity is close to the speed of light.",MISC-ELEC-008: Electrons Race from Battery to Bulb at Light Speed -> MISC-ELEC-008: Electrons Race from Battery to Bulb at Light Speed,RECURRENT_DRIFT_VELOCITY_SPEED_FALLACY,unresolved_persistent_misconception,trigger_targeted_multimodal_intervention,val
SEQ-0118,STU_0218,Class 10,Optics: Half-Lens Aperture Remediation,3,"Step 1: The upper half of the image disappears completely. -> Step 2: Wait, the full image is still formed on the screen, just dimmer! Every point on lens receives light from entire object. -> Step 3: The complete image remains on screen, but brightness is 70% of original.",MISC-OPT-001: Half-Lens Blocking Fallacy -> COGNITIVE_CONFLICT_RECONCILED: Full image persists with 50% brightness -> CORRECT: Scientifically Accurate Response,SUCCESSFUL_COGNITIVE_REMEDIATION_SEQUENCE,resolved_with_transfer,advance_to_next_topic,val
SEQ-0119,STU_0219,Class 9,Gravitation: Free Fall Mass Independence,3,Step 1: The cannonball falls much faster because it weighs more. -> Step 2: Both hit the ground simultaneously because g is independent of mass! -> Step 3: Both hit the lunar surface at the exact same instant.,MISC-GRAV-001: Heavier Objects Fall Faster Fallacy -> COGNITIVE_CONFLICT_RECONCILED: a = g for all falling bodies -> CORRECT: Scientifically Accurate Response,SUCCESSFUL_COGNITIVE_REMEDIATION_SEQUENCE,resolved_with_transfer,advance_to_next_topic,test
SEQ-0120,STU_0220,Class 9,Kinematics: Velocity Calculation,2,Step 1: 100 / 5 = 25 m/s. Formula is distance divided by time. -> Step 2: Speed = distance / time = 300 / 15 = 20 m/s.,CARELESS_CALCULATION_ERROR -> CORRECT: Scientifically Accurate Response,TRANSIENT_SLIP_WITH_CONCEPTUAL_MASTERY,no_conceptual_misconception,provide_arithmetic_feedback_only,train
SEQ-0121,STU_0221,Class 10,Electricity: Current Conservation,3,"Step 1: A1 = 1.2A, A2 = 0.8A, A3 = 0.4A. Bulb 1 consumes current. -> Step 2: Current at R3 is smaller than R1 because current is consumed along the loop. -> Step 3: Yes, second bulb gets whatever current is left over.",MISC-ELEC-001: Current Attenuation / Consumption Model -> MISC-ELEC-001: Current Attenuation / Consumption Model -> MISC-ELEC-001: Current Attenuation / Consumption Model,RECURRENT_CURRENT_ATTENUATION_PATTERN,unresolved_persistent_misconception,trigger_targeted_multimodal_intervention,train
SEQ-0122,STU_0222,Class 9,Motion: Kinematics Operations,3,Step 1: 500 m/s; multiplied 100 by 5. -> Step 2: 4500 m/s; speed = distance * time. -> Step 3: 180 m/s; multiplied distance by time.,MISC-MOT-001: Speed Distance Operation Inversion -> MISC-MOT-001: Speed Distance Operation Inversion -> MISC-MOT-001: Speed Distance Operation Inversion,RECURRENT_SPEED_DISTANCE_INVERSION_PATTERN,unresolved_persistent_misconception,trigger_targeted_multimodal_intervention,train
SEQ-0123,STU_0223,Class 9,Motion: Speed vs Acceleration,2,Step 1: 20 m/s^2 because it is moving fast. -> Step 2: Acceleration is 72 km/h^2 because it has high velocity.,MISC-MOT-002: Speed-Acceleration Conflation -> MISC-MOT-002: Speed-Acceleration Conflation,RECURRENT_SPEED_ACCELERATION_CONFLATION,unresolved_persistent_misconception,trigger_targeted_multimodal_intervention,train
SEQ-0124,STU_0224,Class 9,Force & Laws of Motion: Inertia,2,Step 1: Requires continuous push of 10 N to sustain speed. -> Step 2: Needs engine firing to keep moving forward.,MISC-FOR-001: Impetus Theory (Force is Required to Sustain Motion) -> MISC-FOR-001: Impetus Theory (Force is Required to Sustain Motion),RECURRENT_IMPETUS_THEORY_PATTERN,unresolved_persistent_misconception,trigger_targeted_multimodal_intervention,train
SEQ-0125,STU_0225,Class 11,Kinematics: 2D Motion Independence,2,Step 1: Ball B lands much later because forward speed floats it. -> Step 2: Fired bullet stays in the air longer because of its speed.,MISC-KIN-001: Horizontal Motion Postpones Gravitational Fall -> MISC-KIN-001: Horizontal Motion Postpones Gravitational Fall,RECURRENT_PROJECTILE_FALLACY_PATTERN,unresolved_persistent_misconception,trigger_targeted_multimodal_intervention,train
SEQ-0126,STU_0226,Class 11,Laws of Motion: Friction Self-Adjustment,2,Step 1: Friction is 49 N because formula is mu_s * N. -> Step 2: Friction is 80 N.,MISC-FRIC-001: Static Friction Formula Overgeneralization Fallacy -> MISC-FRIC-001: Static Friction Formula Overgeneralization Fallacy,RECURRENT_STATIC_FRICTION_OVERGENERALIZATION,unresolved_persistent_misconception,trigger_targeted_multimodal_intervention,train
SEQ-0127,STU_0227,Class 12,Current Electricity: Drift Velocity Scale,2,"Step 1: Electrons race from the switch to the bulb filament at 300,000 km/s. -> Step 2: Drift velocity is close to the speed of light.",MISC-ELEC-008: Electrons Race from Battery to Bulb at Light Speed -> MISC-ELEC-008: Electrons Race from Battery to Bulb at Light Speed,RECURRENT_DRIFT_VELOCITY_SPEED_FALLACY,unresolved_persistent_misconception,trigger_targeted_multimodal_intervention,val
SEQ-0128,STU_0228,Class 10,Optics: Half-Lens Aperture Remediation,3,"Step 1: The upper half of the image disappears completely. -> Step 2: Wait, the full image is still formed on the screen, just dimmer! Every point on lens receives light from entire object. -> Step 3: The complete image remains on screen, but brightness is 70% of original.",MISC-OPT-001: Half-Lens Blocking Fallacy -> COGNITIVE_CONFLICT_RECONCILED: Full image persists with 50% brightness -> CORRECT: Scientifically Accurate Response,SUCCESSFUL_COGNITIVE_REMEDIATION_SEQUENCE,resolved_with_transfer,advance_to_next_topic,val
SEQ-0129,STU_0229,Class 9,Gravitation: Free Fall Mass Independence,3,Step 1: The cannonball falls much faster because it weighs more. -> Step 2: Both hit the ground simultaneously because g is independent of mass! -> Step 3: Both hit the lunar surface at the exact same instant.,MISC-GRAV-001: Heavier Objects Fall Faster Fallacy -> COGNITIVE_CONFLICT_RECONCILED: a = g for all falling bodies -> CORRECT: Scientifically Accurate Response,SUCCESSFUL_COGNITIVE_REMEDIATION_SEQUENCE,resolved_with_transfer,advance_to_next_topic,test
SEQ-0130,STU_0230,Class 9,Kinematics: Velocity Calculation,2,Step 1: 100 / 5 = 25 m/s. Formula is distance divided by time. -> Step 2: Speed = distance / time = 300 / 15 = 20 m/s.,CARELESS_CALCULATION_ERROR -> CORRECT: Scientifically Accurate Response,TRANSIENT_SLIP_WITH_CONCEPTUAL_MASTERY,no_conceptual_misconception,provide_arithmetic_feedback_only,train
SEQ-0131,STU_0231,Class 10,Electricity: Current Conservation,3,"Step 1: A1 = 1.2A, A2 = 0.8A, A3 = 0.4A. Bulb 1 consumes current. -> Step 2: Current at R3 is smaller than R1 because current is consumed along the loop. -> Step 3: Yes, second bulb gets whatever current is left over.",MISC-ELEC-001: Current Attenuation / Consumption Model -> MISC-ELEC-001: Current Attenuation / Consumption Model -> MISC-ELEC-001: Current Attenuation / Consumption Model,RECURRENT_CURRENT_ATTENUATION_PATTERN,unresolved_persistent_misconception,trigger_targeted_multimodal_intervention,train
SEQ-0132,STU_0232,Class 9,Motion: Kinematics Operations,3,Step 1: 500 m/s; multiplied 100 by 5. -> Step 2: 4500 m/s; speed = distance * time. -> Step 3: 180 m/s; multiplied distance by time.,MISC-MOT-001: Speed Distance Operation Inversion -> MISC-MOT-001: Speed Distance Operation Inversion -> MISC-MOT-001: Speed Distance Operation Inversion,RECURRENT_SPEED_DISTANCE_INVERSION_PATTERN,unresolved_persistent_misconception,trigger_targeted_multimodal_intervention,train
SEQ-0133,STU_0233,Class 9,Motion: Speed vs Acceleration,2,Step 1: 20 m/s^2 because it is moving fast. -> Step 2: Acceleration is 72 km/h^2 because it has high velocity.,MISC-MOT-002: Speed-Acceleration Conflation -> MISC-MOT-002: Speed-Acceleration Conflation,RECURRENT_SPEED_ACCELERATION_CONFLATION,unresolved_persistent_misconception,trigger_targeted_multimodal_intervention,train
SEQ-0134,STU_0234,Class 9,Force & Laws of Motion: Inertia,2,Step 1: Requires continuous push of 10 N to sustain speed. -> Step 2: Needs engine firing to keep moving forward.,MISC-FOR-001: Impetus Theory (Force is Required to Sustain Motion) -> MISC-FOR-001: Impetus Theory (Force is Required to Sustain Motion),RECURRENT_IMPETUS_THEORY_PATTERN,unresolved_persistent_misconception,trigger_targeted_multimodal_intervention,train
SEQ-0135,STU_0235,Class 11,Kinematics: 2D Motion Independence,2,Step 1: Ball B lands much later because forward speed floats it. -> Step 2: Fired bullet stays in the air longer because of its speed.,MISC-KIN-001: Horizontal Motion Postpones Gravitational Fall -> MISC-KIN-001: Horizontal Motion Postpones Gravitational Fall,RECURRENT_PROJECTILE_FALLACY_PATTERN,unresolved_persistent_misconception,trigger_targeted_multimodal_intervention,train
SEQ-0136,STU_0236,Class 11,Laws of Motion: Friction Self-Adjustment,2,Step 1: Friction is 49 N because formula is mu_s * N. -> Step 2: Friction is 80 N.,MISC-FRIC-001: Static Friction Formula Overgeneralization Fallacy -> MISC-FRIC-001: Static Friction Formula Overgeneralization Fallacy,RECURRENT_STATIC_FRICTION_OVERGENERALIZATION,unresolved_persistent_misconception,trigger_targeted_multimodal_intervention,train
SEQ-0137,STU_0237,Class 12,Current Electricity: Drift Velocity Scale,2,"Step 1: Electrons race from the switch to the bulb filament at 300,000 km/s. -> Step 2: Drift velocity is close to the speed of light.",MISC-ELEC-008: Electrons Race from Battery to Bulb at Light Speed -> MISC-ELEC-008: Electrons Race from Battery to Bulb at Light Speed,RECURRENT_DRIFT_VELOCITY_SPEED_FALLACY,unresolved_persistent_misconception,trigger_targeted_multimodal_intervention,val
SEQ-0138,STU_0238,Class 10,Optics: Half-Lens Aperture Remediation,3,"Step 1: The upper half of the image disappears completely. -> Step 2: Wait, the full image is still formed on the screen, just dimmer! Every point on lens receives light from entire object. -> Step 3: The complete image remains on screen, but brightness is 70% of original.",MISC-OPT-001: Half-Lens Blocking Fallacy -> COGNITIVE_CONFLICT_RECONCILED: Full image persists with 50% brightness -> CORRECT: Scientifically Accurate Response,SUCCESSFUL_COGNITIVE_REMEDIATION_SEQUENCE,resolved_with_transfer,advance_to_next_topic,val
SEQ-0139,STU_0239,Class 9,Gravitation: Free Fall Mass Independence,3,Step 1: The cannonball falls much faster because it weighs more. -> Step 2: Both hit the ground simultaneously because g is independent of mass! -> Step 3: Both hit the lunar surface at the exact same instant.,MISC-GRAV-001: Heavier Objects Fall Faster Fallacy -> COGNITIVE_CONFLICT_RECONCILED: a = g for all falling bodies -> CORRECT: Scientifically Accurate Response,SUCCESSFUL_COGNITIVE_REMEDIATION_SEQUENCE,resolved_with_transfer,advance_to_next_topic,test
SEQ-0140,STU_0240,Class 9,Kinematics: Velocity Calculation,2,Step 1: 100 / 5 = 25 m/s. Formula is distance divided by time. -> Step 2: Speed = distance / time = 300 / 15 = 20 m/s.,CARELESS_CALCULATION_ERROR -> CORRECT: Scientifically Accurate Response,TRANSIENT_SLIP_WITH_CONCEPTUAL_MASTERY,no_conceptual_misconception,provide_arithmetic_feedback_only,train
SEQ-0141,STU_0241,Class 10,Electricity: Current Conservation,3,"Step 1: A1 = 1.2A, A2 = 0.8A, A3 = 0.4A. Bulb 1 consumes current. -> Step 2: Current at R3 is smaller than R1 because current is consumed along the loop. -> Step 3: Yes, second bulb gets whatever current is left over.",MISC-ELEC-001: Current Attenuation / Consumption Model -> MISC-ELEC-001: Current Attenuation / Consumption Model -> MISC-ELEC-001: Current Attenuation / Consumption Model,RECURRENT_CURRENT_ATTENUATION_PATTERN,unresolved_persistent_misconception,trigger_targeted_multimodal_intervention,train
SEQ-0142,STU_0242,Class 9,Motion: Kinematics Operations,3,Step 1: 500 m/s; multiplied 100 by 5. -> Step 2: 4500 m/s; speed = distance * time. -> Step 3: 180 m/s; multiplied distance by time.,MISC-MOT-001: Speed Distance Operation Inversion -> MISC-MOT-001: Speed Distance Operation Inversion -> MISC-MOT-001: Speed Distance Operation Inversion,RECURRENT_SPEED_DISTANCE_INVERSION_PATTERN,unresolved_persistent_misconception,trigger_targeted_multimodal_intervention,train
SEQ-0143,STU_0243,Class 9,Motion: Speed vs Acceleration,2,Step 1: 20 m/s^2 because it is moving fast. -> Step 2: Acceleration is 72 km/h^2 because it has high velocity.,MISC-MOT-002: Speed-Acceleration Conflation -> MISC-MOT-002: Speed-Acceleration Conflation,RECURRENT_SPEED_ACCELERATION_CONFLATION,unresolved_persistent_misconception,trigger_targeted_multimodal_intervention,train
SEQ-0144,STU_0244,Class 9,Force & Laws of Motion: Inertia,2,Step 1: Requires continuous push of 10 N to sustain speed. -> Step 2: Needs engine firing to keep moving forward.,MISC-FOR-001: Impetus Theory (Force is Required to Sustain Motion) -> MISC-FOR-001: Impetus Theory (Force is Required to Sustain Motion),RECURRENT_IMPETUS_THEORY_PATTERN,unresolved_persistent_misconception,trigger_targeted_multimodal_intervention,train
SEQ-0145,STU_0245,Class 11,Kinematics: 2D Motion Independence,2,Step 1: Ball B lands much later because forward speed floats it. -> Step 2: Fired bullet stays in the air longer because of its speed.,MISC-KIN-001: Horizontal Motion Postpones Gravitational Fall -> MISC-KIN-001: Horizontal Motion Postpones Gravitational Fall,RECURRENT_PROJECTILE_FALLACY_PATTERN,unresolved_persistent_misconception,trigger_targeted_multimodal_intervention,train
SEQ-0146,STU_0246,Class 11,Laws of Motion: Friction Self-Adjustment,2,Step 1: Friction is 49 N because formula is mu_s * N. -> Step 2: Friction is 80 N.,MISC-FRIC-001: Static Friction Formula Overgeneralization Fallacy -> MISC-FRIC-001: Static Friction Formula Overgeneralization Fallacy,RECURRENT_STATIC_FRICTION_OVERGENERALIZATION,unresolved_persistent_misconception,trigger_targeted_multimodal_intervention,train
SEQ-0147,STU_0247,Class 12,Current Electricity: Drift Velocity Scale,2,"Step 1: Electrons race from the switch to the bulb filament at 300,000 km/s. -> Step 2: Drift velocity is close to the speed of light.",MISC-ELEC-008: Electrons Race from Battery to Bulb at Light Speed -> MISC-ELEC-008: Electrons Race from Battery to Bulb at Light Speed,RECURRENT_DRIFT_VELOCITY_SPEED_FALLACY,unresolved_persistent_misconception,trigger_targeted_multimodal_intervention,val
SEQ-0148,STU_0248,Class 10,Optics: Half-Lens Aperture Remediation,3,"Step 1: The upper half of the image disappears completely. -> Step 2: Wait, the full image is still formed on the screen, just dimmer! Every point on lens receives light from entire object. -> Step 3: The complete image remains on screen, but brightness is 70% of original.",MISC-OPT-001: Half-Lens Blocking Fallacy -> COGNITIVE_CONFLICT_RECONCILED: Full image persists with 50% brightness -> CORRECT: Scientifically Accurate Response,SUCCESSFUL_COGNITIVE_REMEDIATION_SEQUENCE,resolved_with_transfer,advance_to_next_topic,val
SEQ-0149,STU_0249,Class 9,Gravitation: Free Fall Mass Independence,3,Step 1: The cannonball falls much faster because it weighs more. -> Step 2: Both hit the ground simultaneously because g is independent of mass! -> Step 3: Both hit the lunar surface at the exact same instant.,MISC-GRAV-001: Heavier Objects Fall Faster Fallacy -> COGNITIVE_CONFLICT_RECONCILED: a = g for all falling bodies -> CORRECT: Scientifically Accurate Response,SUCCESSFUL_COGNITIVE_REMEDIATION_SEQUENCE,resolved_with_transfer,advance_to_next_topic,test
SEQ-0150,STU_0250,Class 9,Kinematics: Velocity Calculation,2,Step 1: 100 / 5 = 25 m/s. Formula is distance divided by time. -> Step 2: Speed = distance / time = 300 / 15 = 20 m/s.,CARELESS_CALCULATION_ERROR -> CORRECT: Scientifically Accurate Response,TRANSIENT_SLIP_WITH_CONCEPTUAL_MASTERY,no_conceptual_misconception,provide_arithmetic_feedback_only,train
SEQ-0151,STU_0251,Class 10,Electricity: Current Conservation,3,"Step 1: A1 = 1.2A, A2 = 0.8A, A3 = 0.4A. Bulb 1 consumes current. -> Step 2: Current at R3 is smaller than R1 because current is consumed along the loop. -> Step 3: Yes, second bulb gets whatever current is left over.",MISC-ELEC-001: Current Attenuation / Consumption Model -> MISC-ELEC-001: Current Attenuation / Consumption Model -> MISC-ELEC-001: Current Attenuation / Consumption Model,RECURRENT_CURRENT_ATTENUATION_PATTERN,unresolved_persistent_misconception,trigger_targeted_multimodal_intervention,train
SEQ-0152,STU_0252,Class 9,Motion: Kinematics Operations,3,Step 1: 500 m/s; multiplied 100 by 5. -> Step 2: 4500 m/s; speed = distance * time. -> Step 3: 180 m/s; multiplied distance by time.,MISC-MOT-001: Speed Distance Operation Inversion -> MISC-MOT-001: Speed Distance Operation Inversion -> MISC-MOT-001: Speed Distance Operation Inversion,RECURRENT_SPEED_DISTANCE_INVERSION_PATTERN,unresolved_persistent_misconception,trigger_targeted_multimodal_intervention,train
SEQ-0153,STU_0253,Class 9,Motion: Speed vs Acceleration,2,Step 1: 20 m/s^2 because it is moving fast. -> Step 2: Acceleration is 72 km/h^2 because it has high velocity.,MISC-MOT-002: Speed-Acceleration Conflation -> MISC-MOT-002: Speed-Acceleration Conflation,RECURRENT_SPEED_ACCELERATION_CONFLATION,unresolved_persistent_misconception,trigger_targeted_multimodal_intervention,train
SEQ-0154,STU_0254,Class 9,Force & Laws of Motion: Inertia,2,Step 1: Requires continuous push of 10 N to sustain speed. -> Step 2: Needs engine firing to keep moving forward.,MISC-FOR-001: Impetus Theory (Force is Required to Sustain Motion) -> MISC-FOR-001: Impetus Theory (Force is Required to Sustain Motion),RECURRENT_IMPETUS_THEORY_PATTERN,unresolved_persistent_misconception,trigger_targeted_multimodal_intervention,train
SEQ-0155,STU_0255,Class 11,Kinematics: 2D Motion Independence,2,Step 1: Ball B lands much later because forward speed floats it. -> Step 2: Fired bullet stays in the air longer because of its speed.,MISC-KIN-001: Horizontal Motion Postpones Gravitational Fall -> MISC-KIN-001: Horizontal Motion Postpones Gravitational Fall,RECURRENT_PROJECTILE_FALLACY_PATTERN,unresolved_persistent_misconception,trigger_targeted_multimodal_intervention,train
SEQ-0156,STU_0256,Class 11,Laws of Motion: Friction Self-Adjustment,2,Step 1: Friction is 49 N because formula is mu_s * N. -> Step 2: Friction is 80 N.,MISC-FRIC-001: Static Friction Formula Overgeneralization Fallacy -> MISC-FRIC-001: Static Friction Formula Overgeneralization Fallacy,RECURRENT_STATIC_FRICTION_OVERGENERALIZATION,unresolved_persistent_misconception,trigger_targeted_multimodal_intervention,train
SEQ-0157,STU_0257,Class 12,Current Electricity: Drift Velocity Scale,2,"Step 1: Electrons race from the switch to the bulb filament at 300,000 km/s. -> Step 2: Drift velocity is close to the speed of light.",MISC-ELEC-008: Electrons Race from Battery to Bulb at Light Speed -> MISC-ELEC-008: Electrons Race from Battery to Bulb at Light Speed,RECURRENT_DRIFT_VELOCITY_SPEED_FALLACY,unresolved_persistent_misconception,trigger_targeted_multimodal_intervention,val
SEQ-0158,STU_0258,Class 10,Optics: Half-Lens Aperture Remediation,3,"Step 1: The upper half of the image disappears completely. -> Step 2: Wait, the full image is still formed on the screen, just dimmer! Every point on lens receives light from entire object. -> Step 3: The complete image remains on screen, but brightness is 70% of original.",MISC-OPT-001: Half-Lens Blocking Fallacy -> COGNITIVE_CONFLICT_RECONCILED: Full image persists with 50% brightness -> CORRECT: Scientifically Accurate Response,SUCCESSFUL_COGNITIVE_REMEDIATION_SEQUENCE,resolved_with_transfer,advance_to_next_topic,val
SEQ-0159,STU_0259,Class 9,Gravitation: Free Fall Mass Independence,3,Step 1: The cannonball falls much faster because it weighs more. -> Step 2: Both hit the ground simultaneously because g is independent of mass! -> Step 3: Both hit the lunar surface at the exact same instant.,MISC-GRAV-001: Heavier Objects Fall Faster Fallacy -> COGNITIVE_CONFLICT_RECONCILED: a = g for all falling bodies -> CORRECT: Scientifically Accurate Response,SUCCESSFUL_COGNITIVE_REMEDIATION_SEQUENCE,resolved_with_transfer,advance_to_next_topic,test
SEQ-0160,STU_0260,Class 9,Kinematics: Velocity Calculation,2,Step 1: 100 / 5 = 25 m/s. Formula is distance divided by time. -> Step 2: Speed = distance / time = 300 / 15 = 20 m/s.,CARELESS_CALCULATION_ERROR -> CORRECT: Scientifically Accurate Response,TRANSIENT_SLIP_WITH_CONCEPTUAL_MASTERY,no_conceptual_misconception,provide_arithmetic_feedback_only,train
SEQ-0161,STU_0261,Class 10,Electricity: Current Conservation,3,"Step 1: A1 = 1.2A, A2 = 0.8A, A3 = 0.4A. Bulb 1 consumes current. -> Step 2: Current at R3 is smaller than R1 because current is consumed along the loop. -> Step 3: Yes, second bulb gets whatever current is left over.",MISC-ELEC-001: Current Attenuation / Consumption Model -> MISC-ELEC-001: Current Attenuation / Consumption Model -> MISC-ELEC-001: Current Attenuation / Consumption Model,RECURRENT_CURRENT_ATTENUATION_PATTERN,unresolved_persistent_misconception,trigger_targeted_multimodal_intervention,train
SEQ-0162,STU_0262,Class 9,Motion: Kinematics Operations,3,Step 1: 500 m/s; multiplied 100 by 5. -> Step 2: 4500 m/s; speed = distance * time. -> Step 3: 180 m/s; multiplied distance by time.,MISC-MOT-001: Speed Distance Operation Inversion -> MISC-MOT-001: Speed Distance Operation Inversion -> MISC-MOT-001: Speed Distance Operation Inversion,RECURRENT_SPEED_DISTANCE_INVERSION_PATTERN,unresolved_persistent_misconception,trigger_targeted_multimodal_intervention,train
SEQ-0163,STU_0263,Class 9,Motion: Speed vs Acceleration,2,Step 1: 20 m/s^2 because it is moving fast. -> Step 2: Acceleration is 72 km/h^2 because it has high velocity.,MISC-MOT-002: Speed-Acceleration Conflation -> MISC-MOT-002: Speed-Acceleration Conflation,RECURRENT_SPEED_ACCELERATION_CONFLATION,unresolved_persistent_misconception,trigger_targeted_multimodal_intervention,train
SEQ-0164,STU_0264,Class 9,Force & Laws of Motion: Inertia,2,Step 1: Requires continuous push of 10 N to sustain speed. -> Step 2: Needs engine firing to keep moving forward.,MISC-FOR-001: Impetus Theory (Force is Required to Sustain Motion) -> MISC-FOR-001: Impetus Theory (Force is Required to Sustain Motion),RECURRENT_IMPETUS_THEORY_PATTERN,unresolved_persistent_misconception,trigger_targeted_multimodal_intervention,train
SEQ-0165,STU_0265,Class 11,Kinematics: 2D Motion Independence,2,Step 1: Ball B lands much later because forward speed floats it. -> Step 2: Fired bullet stays in the air longer because of its speed.,MISC-KIN-001: Horizontal Motion Postpones Gravitational Fall -> MISC-KIN-001: Horizontal Motion Postpones Gravitational Fall,RECURRENT_PROJECTILE_FALLACY_PATTERN,unresolved_persistent_misconception,trigger_targeted_multimodal_intervention,train
SEQ-0166,STU_0266,Class 11,Laws of Motion: Friction Self-Adjustment,2,Step 1: Friction is 49 N because formula is mu_s * N. -> Step 2: Friction is 80 N.,MISC-FRIC-001: Static Friction Formula Overgeneralization Fallacy -> MISC-FRIC-001: Static Friction Formula Overgeneralization Fallacy,RECURRENT_STATIC_FRICTION_OVERGENERALIZATION,unresolved_persistent_misconception,trigger_targeted_multimodal_intervention,train
SEQ-0167,STU_0267,Class 12,Current Electricity: Drift Velocity Scale,2,"Step 1: Electrons race from the switch to the bulb filament at 300,000 km/s. -> Step 2: Drift velocity is close to the speed of light.",MISC-ELEC-008: Electrons Race from Battery to Bulb at Light Speed -> MISC-ELEC-008: Electrons Race from Battery to Bulb at Light Speed,RECURRENT_DRIFT_VELOCITY_SPEED_FALLACY,unresolved_persistent_misconception,trigger_targeted_multimodal_intervention,val
SEQ-0168,STU_0268,Class 10,Optics: Half-Lens Aperture Remediation,3,"Step 1: The upper half of the image disappears completely. -> Step 2: Wait, the full image is still formed on the screen, just dimmer! Every point on lens receives light from entire object. -> Step 3: The complete image remains on screen, but brightness is 70% of original.",MISC-OPT-001: Half-Lens Blocking Fallacy -> COGNITIVE_CONFLICT_RECONCILED: Full image persists with 50% brightness -> CORRECT: Scientifically Accurate Response,SUCCESSFUL_COGNITIVE_REMEDIATION_SEQUENCE,resolved_with_transfer,advance_to_next_topic,val
SEQ-0169,STU_0269,Class 9,Gravitation: Free Fall Mass Independence,3,Step 1: The cannonball falls much faster because it weighs more. -> Step 2: Both hit the ground simultaneously because g is independent of mass! -> Step 3: Both hit the lunar surface at the exact same instant.,MISC-GRAV-001: Heavier Objects Fall Faster Fallacy -> COGNITIVE_CONFLICT_RECONCILED: a = g for all falling bodies -> CORRECT: Scientifically Accurate Response,SUCCESSFUL_COGNITIVE_REMEDIATION_SEQUENCE,resolved_with_transfer,advance_to_next_topic,test
SEQ-0170,STU_0270,Class 9,Kinematics: Velocity Calculation,2,Step 1: 100 / 5 = 25 m/s. Formula is distance divided by time. -> Step 2: Speed = distance / time = 300 / 15 = 20 m/s.,CARELESS_CALCULATION_ERROR -> CORRECT: Scientifically Accurate Response,TRANSIENT_SLIP_WITH_CONCEPTUAL_MASTERY,no_conceptual_misconception,provide_arithmetic_feedback_only,train
SEQ-0171,STU_0271,Class 10,Electricity: Current Conservation,3,"Step 1: A1 = 1.2A, A2 = 0.8A, A3 = 0.4A. Bulb 1 consumes current. -> Step 2: Current at R3 is smaller than R1 because current is consumed along the loop. -> Step 3: Yes, second bulb gets whatever current is left over.",MISC-ELEC-001: Current Attenuation / Consumption Model -> MISC-ELEC-001: Current Attenuation / Consumption Model -> MISC-ELEC-001: Current Attenuation / Consumption Model,RECURRENT_CURRENT_ATTENUATION_PATTERN,unresolved_persistent_misconception,trigger_targeted_multimodal_intervention,train
SEQ-0172,STU_0272,Class 9,Motion: Kinematics Operations,3,Step 1: 500 m/s; multiplied 100 by 5. -> Step 2: 4500 m/s; speed = distance * time. -> Step 3: 180 m/s; multiplied distance by time.,MISC-MOT-001: Speed Distance Operation Inversion -> MISC-MOT-001: Speed Distance Operation Inversion -> MISC-MOT-001: Speed Distance Operation Inversion,RECURRENT_SPEED_DISTANCE_INVERSION_PATTERN,unresolved_persistent_misconception,trigger_targeted_multimodal_intervention,train
SEQ-0173,STU_0273,Class 9,Motion: Speed vs Acceleration,2,Step 1: 20 m/s^2 because it is moving fast. -> Step 2: Acceleration is 72 km/h^2 because it has high velocity.,MISC-MOT-002: Speed-Acceleration Conflation -> MISC-MOT-002: Speed-Acceleration Conflation,RECURRENT_SPEED_ACCELERATION_CONFLATION,unresolved_persistent_misconception,trigger_targeted_multimodal_intervention,train
SEQ-0174,STU_0274,Class 9,Force & Laws of Motion: Inertia,2,Step 1: Requires continuous push of 10 N to sustain speed. -> Step 2: Needs engine firing to keep moving forward.,MISC-FOR-001: Impetus Theory (Force is Required to Sustain Motion) -> MISC-FOR-001: Impetus Theory (Force is Required to Sustain Motion),RECURRENT_IMPETUS_THEORY_PATTERN,unresolved_persistent_misconception,trigger_targeted_multimodal_intervention,train
SEQ-0175,STU_0275,Class 11,Kinematics: 2D Motion Independence,2,Step 1: Ball B lands much later because forward speed floats it. -> Step 2: Fired bullet stays in the air longer because of its speed.,MISC-KIN-001: Horizontal Motion Postpones Gravitational Fall -> MISC-KIN-001: Horizontal Motion Postpones Gravitational Fall,RECURRENT_PROJECTILE_FALLACY_PATTERN,unresolved_persistent_misconception,trigger_targeted_multimodal_intervention,train
SEQ-0176,STU_0276,Class 11,Laws of Motion: Friction Self-Adjustment,2,Step 1: Friction is 49 N because formula is mu_s * N. -> Step 2: Friction is 80 N.,MISC-FRIC-001: Static Friction Formula Overgeneralization Fallacy -> MISC-FRIC-001: Static Friction Formula Overgeneralization Fallacy,RECURRENT_STATIC_FRICTION_OVERGENERALIZATION,unresolved_persistent_misconception,trigger_targeted_multimodal_intervention,train
SEQ-0177,STU_0277,Class 12,Current Electricity: Drift Velocity Scale,2,"Step 1: Electrons race from the switch to the bulb filament at 300,000 km/s. -> Step 2: Drift velocity is close to the speed of light.",MISC-ELEC-008: Electrons Race from Battery to Bulb at Light Speed -> MISC-ELEC-008: Electrons Race from Battery to Bulb at Light Speed,RECURRENT_DRIFT_VELOCITY_SPEED_FALLACY,unresolved_persistent_misconception,trigger_targeted_multimodal_intervention,val
SEQ-0178,STU_0278,Class 10,Optics: Half-Lens Aperture Remediation,3,"Step 1: The upper half of the image disappears completely. -> Step 2: Wait, the full image is still formed on the screen, just dimmer! Every point on lens receives light from entire object. -> Step 3: The complete image remains on screen, but brightness is 70% of original.",MISC-OPT-001: Half-Lens Blocking Fallacy -> COGNITIVE_CONFLICT_RECONCILED: Full image persists with 50% brightness -> CORRECT: Scientifically Accurate Response,SUCCESSFUL_COGNITIVE_REMEDIATION_SEQUENCE,resolved_with_transfer,advance_to_next_topic,val
SEQ-0179,STU_0279,Class 9,Gravitation: Free Fall Mass Independence,3,Step 1: The cannonball falls much faster because it weighs more. -> Step 2: Both hit the ground simultaneously because g is independent of mass! -> Step 3: Both hit the lunar surface at the exact same instant.,MISC-GRAV-001: Heavier Objects Fall Faster Fallacy -> COGNITIVE_CONFLICT_RECONCILED: a = g for all falling bodies -> CORRECT: Scientifically Accurate Response,SUCCESSFUL_COGNITIVE_REMEDIATION_SEQUENCE,resolved_with_transfer,advance_to_next_topic,test
SEQ-0180,STU_0280,Class 9,Kinematics: Velocity Calculation,2,Step 1: 100 / 5 = 25 m/s. Formula is distance divided by time. -> Step 2: Speed = distance / time = 300 / 15 = 20 m/s.,CARELESS_CALCULATION_ERROR -> CORRECT: Scientifically Accurate Response,TRANSIENT_SLIP_WITH_CONCEPTUAL_MASTERY,no_conceptual_misconception,provide_arithmetic_feedback_only,train
SEQ-0181,STU_0281,Class 10,Electricity: Current Conservation,3,"Step 1: A1 = 1.2A, A2 = 0.8A, A3 = 0.4A. Bulb 1 consumes current. -> Step 2: Current at R3 is smaller than R1 because current is consumed along the loop. -> Step 3: Yes, second bulb gets whatever current is left over.",MISC-ELEC-001: Current Attenuation / Consumption Model -> MISC-ELEC-001: Current Attenuation / Consumption Model -> MISC-ELEC-001: Current Attenuation / Consumption Model,RECURRENT_CURRENT_ATTENUATION_PATTERN,unresolved_persistent_misconception,trigger_targeted_multimodal_intervention,train
SEQ-0182,STU_0282,Class 9,Motion: Kinematics Operations,3,Step 1: 500 m/s; multiplied 100 by 5. -> Step 2: 4500 m/s; speed = distance * time. -> Step 3: 180 m/s; multiplied distance by time.,MISC-MOT-001: Speed Distance Operation Inversion -> MISC-MOT-001: Speed Distance Operation Inversion -> MISC-MOT-001: Speed Distance Operation Inversion,RECURRENT_SPEED_DISTANCE_INVERSION_PATTERN,unresolved_persistent_misconception,trigger_targeted_multimodal_intervention,train
SEQ-0183,STU_0283,Class 9,Motion: Speed vs Acceleration,2,Step 1: 20 m/s^2 because it is moving fast. -> Step 2: Acceleration is 72 km/h^2 because it has high velocity.,MISC-MOT-002: Speed-Acceleration Conflation -> MISC-MOT-002: Speed-Acceleration Conflation,RECURRENT_SPEED_ACCELERATION_CONFLATION,unresolved_persistent_misconception,trigger_targeted_multimodal_intervention,train
SEQ-0184,STU_0284,Class 9,Force & Laws of Motion: Inertia,2,Step 1: Requires continuous push of 10 N to sustain speed. -> Step 2: Needs engine firing to keep moving forward.,MISC-FOR-001: Impetus Theory (Force is Required to Sustain Motion) -> MISC-FOR-001: Impetus Theory (Force is Required to Sustain Motion),RECURRENT_IMPETUS_THEORY_PATTERN,unresolved_persistent_misconception,trigger_targeted_multimodal_intervention,train
SEQ-0185,STU_0285,Class 11,Kinematics: 2D Motion Independence,2,Step 1: Ball B lands much later because forward speed floats it. -> Step 2: Fired bullet stays in the air longer because of its speed.,MISC-KIN-001: Horizontal Motion Postpones Gravitational Fall -> MISC-KIN-001: Horizontal Motion Postpones Gravitational Fall,RECURRENT_PROJECTILE_FALLACY_PATTERN,unresolved_persistent_misconception,trigger_targeted_multimodal_intervention,train
SEQ-0186,STU_0286,Class 11,Laws of Motion: Friction Self-Adjustment,2,Step 1: Friction is 49 N because formula is mu_s * N. -> Step 2: Friction is 80 N.,MISC-FRIC-001: Static Friction Formula Overgeneralization Fallacy -> MISC-FRIC-001: Static Friction Formula Overgeneralization Fallacy,RECURRENT_STATIC_FRICTION_OVERGENERALIZATION,unresolved_persistent_misconception,trigger_targeted_multimodal_intervention,train
SEQ-0187,STU_0287,Class 12,Current Electricity: Drift Velocity Scale,2,"Step 1: Electrons race from the switch to the bulb filament at 300,000 km/s. -> Step 2: Drift velocity is close to the speed of light.",MISC-ELEC-008: Electrons Race from Battery to Bulb at Light Speed -> MISC-ELEC-008: Electrons Race from Battery to Bulb at Light Speed,RECURRENT_DRIFT_VELOCITY_SPEED_FALLACY,unresolved_persistent_misconception,trigger_targeted_multimodal_intervention,val
SEQ-0188,STU_0288,Class 10,Optics: Half-Lens Aperture Remediation,3,"Step 1: The upper half of the image disappears completely. -> Step 2: Wait, the full image is still formed on the screen, just dimmer! Every point on lens receives light from entire object. -> Step 3: The complete image remains on screen, but brightness is 70% of original.",MISC-OPT-001: Half-Lens Blocking Fallacy -> COGNITIVE_CONFLICT_RECONCILED: Full image persists with 50% brightness -> CORRECT: Scientifically Accurate Response,SUCCESSFUL_COGNITIVE_REMEDIATION_SEQUENCE,resolved_with_transfer,advance_to_next_topic,val
SEQ-0189,STU_0289,Class 9,Gravitation: Free Fall Mass Independence,3,Step 1: The cannonball falls much faster because it weighs more. -> Step 2: Both hit the ground simultaneously because g is independent of mass! -> Step 3: Both hit the lunar surface at the exact same instant.,MISC-GRAV-001: Heavier Objects Fall Faster Fallacy -> COGNITIVE_CONFLICT_RECONCILED: a = g for all falling bodies -> CORRECT: Scientifically Accurate Response,SUCCESSFUL_COGNITIVE_REMEDIATION_SEQUENCE,resolved_with_transfer,advance_to_next_topic,test
SEQ-0190,STU_0290,Class 9,Kinematics: Velocity Calculation,2,Step 1: 100 / 5 = 25 m/s. Formula is distance divided by time. -> Step 2: Speed = distance / time = 300 / 15 = 20 m/s.,CARELESS_CALCULATION_ERROR -> CORRECT: Scientifically Accurate Response,TRANSIENT_SLIP_WITH_CONCEPTUAL_MASTERY,no_conceptual_misconception,provide_arithmetic_feedback_only,train
SEQ-0191,STU_0291,Class 10,Electricity: Current Conservation,3,"Step 1: A1 = 1.2A, A2 = 0.8A, A3 = 0.4A. Bulb 1 consumes current. -> Step 2: Current at R3 is smaller than R1 because current is consumed along the loop. -> Step 3: Yes, second bulb gets whatever current is left over.",MISC-ELEC-001: Current Attenuation / Consumption Model -> MISC-ELEC-001: Current Attenuation / Consumption Model -> MISC-ELEC-001: Current Attenuation / Consumption Model,RECURRENT_CURRENT_ATTENUATION_PATTERN,unresolved_persistent_misconception,trigger_targeted_multimodal_intervention,train
SEQ-0192,STU_0292,Class 9,Motion: Kinematics Operations,3,Step 1: 500 m/s; multiplied 100 by 5. -> Step 2: 4500 m/s; speed = distance * time. -> Step 3: 180 m/s; multiplied distance by time.,MISC-MOT-001: Speed Distance Operation Inversion -> MISC-MOT-001: Speed Distance Operation Inversion -> MISC-MOT-001: Speed Distance Operation Inversion,RECURRENT_SPEED_DISTANCE_INVERSION_PATTERN,unresolved_persistent_misconception,trigger_targeted_multimodal_intervention,train
SEQ-0193,STU_0293,Class 9,Motion: Speed vs Acceleration,2,Step 1: 20 m/s^2 because it is moving fast. -> Step 2: Acceleration is 72 km/h^2 because it has high velocity.,MISC-MOT-002: Speed-Acceleration Conflation -> MISC-MOT-002: Speed-Acceleration Conflation,RECURRENT_SPEED_ACCELERATION_CONFLATION,unresolved_persistent_misconception,trigger_targeted_multimodal_intervention,train
SEQ-0194,STU_0294,Class 9,Force & Laws of Motion: Inertia,2,Step 1: Requires continuous push of 10 N to sustain speed. -> Step 2: Needs engine firing to keep moving forward.,MISC-FOR-001: Impetus Theory (Force is Required to Sustain Motion) -> MISC-FOR-001: Impetus Theory (Force is Required to Sustain Motion),RECURRENT_IMPETUS_THEORY_PATTERN,unresolved_persistent_misconception,trigger_targeted_multimodal_intervention,train
SEQ-0195,STU_0295,Class 11,Kinematics: 2D Motion Independence,2,Step 1: Ball B lands much later because forward speed floats it. -> Step 2: Fired bullet stays in the air longer because of its speed.,MISC-KIN-001: Horizontal Motion Postpones Gravitational Fall -> MISC-KIN-001: Horizontal Motion Postpones Gravitational Fall,RECURRENT_PROJECTILE_FALLACY_PATTERN,unresolved_persistent_misconception,trigger_targeted_multimodal_intervention,train
SEQ-0196,STU_0296,Class 11,Laws of Motion: Friction Self-Adjustment,2,Step 1: Friction is 49 N because formula is mu_s * N. -> Step 2: Friction is 80 N.,MISC-FRIC-001: Static Friction Formula Overgeneralization Fallacy -> MISC-FRIC-001: Static Friction Formula Overgeneralization Fallacy,RECURRENT_STATIC_FRICTION_OVERGENERALIZATION,unresolved_persistent_misconception,trigger_targeted_multimodal_intervention,train
SEQ-0197,STU_0297,Class 12,Current Electricity: Drift Velocity Scale,2,"Step 1: Electrons race from the switch to the bulb filament at 300,000 km/s. -> Step 2: Drift velocity is close to the speed of light.",MISC-ELEC-008: Electrons Race from Battery to Bulb at Light Speed -> MISC-ELEC-008: Electrons Race from Battery to Bulb at Light Speed,RECURRENT_DRIFT_VELOCITY_SPEED_FALLACY,unresolved_persistent_misconception,trigger_targeted_multimodal_intervention,val
SEQ-0198,STU_0298,Class 10,Optics: Half-Lens Aperture Remediation,3,"Step 1: The upper half of the image disappears completely. -> Step 2: Wait, the full image is still formed on the screen, just dimmer! Every point on lens receives light from entire object. -> Step 3: The complete image remains on screen, but brightness is 70% of original.",MISC-OPT-001: Half-Lens Blocking Fallacy -> COGNITIVE_CONFLICT_RECONCILED: Full image persists with 50% brightness -> CORRECT: Scientifically Accurate Response,SUCCESSFUL_COGNITIVE_REMEDIATION_SEQUENCE,resolved_with_transfer,advance_to_next_topic,val
SEQ-0199,STU_0299,Class 9,Gravitation: Free Fall Mass Independence,3,Step 1: The cannonball falls much faster because it weighs more. -> Step 2: Both hit the ground simultaneously because g is independent of mass! -> Step 3: Both hit the lunar surface at the exact same instant.,MISC-GRAV-001: Heavier Objects Fall Faster Fallacy -> COGNITIVE_CONFLICT_RECONCILED: a = g for all falling bodies -> CORRECT: Scientifically Accurate Response,SUCCESSFUL_COGNITIVE_REMEDIATION_SEQUENCE,resolved_with_transfer,advance_to_next_topic,test
SEQ-0200,STU_0300,Class 9,Kinematics: Velocity Calculation,2,Step 1: 100 / 5 = 25 m/s. Formula is distance divided by time. -> Step 2: Speed = distance / time = 300 / 15 = 20 m/s.,CARELESS_CALCULATION_ERROR -> CORRECT: Scientifically Accurate Response,TRANSIENT_SLIP_WITH_CONCEPTUAL_MASTERY,no_conceptual_misconception,provide_arithmetic_feedback_only,train
SEQ-0201,STU_0301,Class 10,Electricity: Current Conservation,3,"Step 1: A1 = 1.2A, A2 = 0.8A, A3 = 0.4A. Bulb 1 consumes current. -> Step 2: Current at R3 is smaller than R1 because current is consumed along the loop. -> Step 3: Yes, second bulb gets whatever current is left over.",MISC-ELEC-001: Current Attenuation / Consumption Model -> MISC-ELEC-001: Current Attenuation / Consumption Model -> MISC-ELEC-001: Current Attenuation / Consumption Model,RECURRENT_CURRENT_ATTENUATION_PATTERN,unresolved_persistent_misconception,trigger_targeted_multimodal_intervention,train
SEQ-0202,STU_0302,Class 9,Motion: Kinematics Operations,3,Step 1: 500 m/s; multiplied 100 by 5. -> Step 2: 4500 m/s; speed = distance * time. -> Step 3: 180 m/s; multiplied distance by time.,MISC-MOT-001: Speed Distance Operation Inversion -> MISC-MOT-001: Speed Distance Operation Inversion -> MISC-MOT-001: Speed Distance Operation Inversion,RECURRENT_SPEED_DISTANCE_INVERSION_PATTERN,unresolved_persistent_misconception,trigger_targeted_multimodal_intervention,train
SEQ-0203,STU_0303,Class 9,Motion: Speed vs Acceleration,2,Step 1: 20 m/s^2 because it is moving fast. -> Step 2: Acceleration is 72 km/h^2 because it has high velocity.,MISC-MOT-002: Speed-Acceleration Conflation -> MISC-MOT-002: Speed-Acceleration Conflation,RECURRENT_SPEED_ACCELERATION_CONFLATION,unresolved_persistent_misconception,trigger_targeted_multimodal_intervention,train
SEQ-0204,STU_0304,Class 9,Force & Laws of Motion: Inertia,2,Step 1: Requires continuous push of 10 N to sustain speed. -> Step 2: Needs engine firing to keep moving forward.,MISC-FOR-001: Impetus Theory (Force is Required to Sustain Motion) -> MISC-FOR-001: Impetus Theory (Force is Required to Sustain Motion),RECURRENT_IMPETUS_THEORY_PATTERN,unresolved_persistent_misconception,trigger_targeted_multimodal_intervention,train
SEQ-0205,STU_0305,Class 11,Kinematics: 2D Motion Independence,2,Step 1: Ball B lands much later because forward speed floats it. -> Step 2: Fired bullet stays in the air longer because of its speed.,MISC-KIN-001: Horizontal Motion Postpones Gravitational Fall -> MISC-KIN-001: Horizontal Motion Postpones Gravitational Fall,RECURRENT_PROJECTILE_FALLACY_PATTERN,unresolved_persistent_misconception,trigger_targeted_multimodal_intervention,train
SEQ-0206,STU_0306,Class 11,Laws of Motion: Friction Self-Adjustment,2,Step 1: Friction is 49 N because formula is mu_s * N. -> Step 2: Friction is 80 N.,MISC-FRIC-001: Static Friction Formula Overgeneralization Fallacy -> MISC-FRIC-001: Static Friction Formula Overgeneralization Fallacy,RECURRENT_STATIC_FRICTION_OVERGENERALIZATION,unresolved_persistent_misconception,trigger_targeted_multimodal_intervention,train
SEQ-0207,STU_0307,Class 12,Current Electricity: Drift Velocity Scale,2,"Step 1: Electrons race from the switch to the bulb filament at 300,000 km/s. -> Step 2: Drift velocity is close to the speed of light.",MISC-ELEC-008: Electrons Race from Battery to Bulb at Light Speed -> MISC-ELEC-008: Electrons Race from Battery to Bulb at Light Speed,RECURRENT_DRIFT_VELOCITY_SPEED_FALLACY,unresolved_persistent_misconception,trigger_targeted_multimodal_intervention,val
SEQ-0208,STU_0308,Class 10,Optics: Half-Lens Aperture Remediation,3,"Step 1: The upper half of the image disappears completely. -> Step 2: Wait, the full image is still formed on the screen, just dimmer! Every point on lens receives light from entire object. -> Step 3: The complete image remains on screen, but brightness is 70% of original.",MISC-OPT-001: Half-Lens Blocking Fallacy -> COGNITIVE_CONFLICT_RECONCILED: Full image persists with 50% brightness -> CORRECT: Scientifically Accurate Response,SUCCESSFUL_COGNITIVE_REMEDIATION_SEQUENCE,resolved_with_transfer,advance_to_next_topic,val
SEQ-0209,STU_0309,Class 9,Gravitation: Free Fall Mass Independence,3,Step 1: The cannonball falls much faster because it weighs more. -> Step 2: Both hit the ground simultaneously because g is independent of mass! -> Step 3: Both hit the lunar surface at the exact same instant.,MISC-GRAV-001: Heavier Objects Fall Faster Fallacy -> COGNITIVE_CONFLICT_RECONCILED: a = g for all falling bodies -> CORRECT: Scientifically Accurate Response,SUCCESSFUL_COGNITIVE_REMEDIATION_SEQUENCE,resolved_with_transfer,advance_to_next_topic,test
SEQ-0210,STU_0310,Class 9,Kinematics: Velocity Calculation,2,Step 1: 100 / 5 = 25 m/s. Formula is distance divided by time. -> Step 2: Speed = distance / time = 300 / 15 = 20 m/s.,CARELESS_CALCULATION_ERROR -> CORRECT: Scientifically Accurate Response,TRANSIENT_SLIP_WITH_CONCEPTUAL_MASTERY,no_conceptual_misconception,provide_arithmetic_feedback_only,train
SEQ-0211,STU_0311,Class 10,Electricity: Current Conservation,3,"Step 1: A1 = 1.2A, A2 = 0.8A, A3 = 0.4A. Bulb 1 consumes current. -> Step 2: Current at R3 is smaller than R1 because current is consumed along the loop. -> Step 3: Yes, second bulb gets whatever current is left over.",MISC-ELEC-001: Current Attenuation / Consumption Model -> MISC-ELEC-001: Current Attenuation / Consumption Model -> MISC-ELEC-001: Current Attenuation / Consumption Model,RECURRENT_CURRENT_ATTENUATION_PATTERN,unresolved_persistent_misconception,trigger_targeted_multimodal_intervention,train
SEQ-0212,STU_0312,Class 9,Motion: Kinematics Operations,3,Step 1: 500 m/s; multiplied 100 by 5. -> Step 2: 4500 m/s; speed = distance * time. -> Step 3: 180 m/s; multiplied distance by time.,MISC-MOT-001: Speed Distance Operation Inversion -> MISC-MOT-001: Speed Distance Operation Inversion -> MISC-MOT-001: Speed Distance Operation Inversion,RECURRENT_SPEED_DISTANCE_INVERSION_PATTERN,unresolved_persistent_misconception,trigger_targeted_multimodal_intervention,train
SEQ-0213,STU_0313,Class 9,Motion: Speed vs Acceleration,2,Step 1: 20 m/s^2 because it is moving fast. -> Step 2: Acceleration is 72 km/h^2 because it has high velocity.,MISC-MOT-002: Speed-Acceleration Conflation -> MISC-MOT-002: Speed-Acceleration Conflation,RECURRENT_SPEED_ACCELERATION_CONFLATION,unresolved_persistent_misconception,trigger_targeted_multimodal_intervention,train
SEQ-0214,STU_0314,Class 9,Force & Laws of Motion: Inertia,2,Step 1: Requires continuous push of 10 N to sustain speed. -> Step 2: Needs engine firing to keep moving forward.,MISC-FOR-001: Impetus Theory (Force is Required to Sustain Motion) -> MISC-FOR-001: Impetus Theory (Force is Required to Sustain Motion),RECURRENT_IMPETUS_THEORY_PATTERN,unresolved_persistent_misconception,trigger_targeted_multimodal_intervention,train
SEQ-0215,STU_0315,Class 11,Kinematics: 2D Motion Independence,2,Step 1: Ball B lands much later because forward speed floats it. -> Step 2: Fired bullet stays in the air longer because of its speed.,MISC-KIN-001: Horizontal Motion Postpones Gravitational Fall -> MISC-KIN-001: Horizontal Motion Postpones Gravitational Fall,RECURRENT_PROJECTILE_FALLACY_PATTERN,unresolved_persistent_misconception,trigger_targeted_multimodal_intervention,train
SEQ-0216,STU_0316,Class 11,Laws of Motion: Friction Self-Adjustment,2,Step 1: Friction is 49 N because formula is mu_s * N. -> Step 2: Friction is 80 N.,MISC-FRIC-001: Static Friction Formula Overgeneralization Fallacy -> MISC-FRIC-001: Static Friction Formula Overgeneralization Fallacy,RECURRENT_STATIC_FRICTION_OVERGENERALIZATION,unresolved_persistent_misconception,trigger_targeted_multimodal_intervention,train
SEQ-0217,STU_0317,Class 12,Current Electricity: Drift Velocity Scale,2,"Step 1: Electrons race from the switch to the bulb filament at 300,000 km/s. -> Step 2: Drift velocity is close to the speed of light.",MISC-ELEC-008: Electrons Race from Battery to Bulb at Light Speed -> MISC-ELEC-008: Electrons Race from Battery to Bulb at Light Speed,RECURRENT_DRIFT_VELOCITY_SPEED_FALLACY,unresolved_persistent_misconception,trigger_targeted_multimodal_intervention,val
SEQ-0218,STU_0318,Class 10,Optics: Half-Lens Aperture Remediation,3,"Step 1: The upper half of the image disappears completely. -> Step 2: Wait, the full image is still formed on the screen, just dimmer! Every point on lens receives light from entire object. -> Step 3: The complete image remains on screen, but brightness is 70% of original.",MISC-OPT-001: Half-Lens Blocking Fallacy -> COGNITIVE_CONFLICT_RECONCILED: Full image persists with 50% brightness -> CORRECT: Scientifically Accurate Response,SUCCESSFUL_COGNITIVE_REMEDIATION_SEQUENCE,resolved_with_transfer,advance_to_next_topic,val
SEQ-0219,STU_0319,Class 9,Gravitation: Free Fall Mass Independence,3,Step 1: The cannonball falls much faster because it weighs more. -> Step 2: Both hit the ground simultaneously because g is independent of mass! -> Step 3: Both hit the lunar surface at the exact same instant.,MISC-GRAV-001: Heavier Objects Fall Faster Fallacy -> COGNITIVE_CONFLICT_RECONCILED: a = g for all falling bodies -> CORRECT: Scientifically Accurate Response,SUCCESSFUL_COGNITIVE_REMEDIATION_SEQUENCE,resolved_with_transfer,advance_to_next_topic,test
SEQ-0220,STU_0320,Class 9,Kinematics: Velocity Calculation,2,Step 1: 100 / 5 = 25 m/s. Formula is distance divided by time. -> Step 2: Speed = distance / time = 300 / 15 = 20 m/s.,CARELESS_CALCULATION_ERROR -> CORRECT: Scientifically Accurate Response,TRANSIENT_SLIP_WITH_CONCEPTUAL_MASTERY,no_conceptual_misconception,provide_arithmetic_feedback_only,train
SEQ-0221,STU_0321,Class 10,Electricity: Current Conservation,3,"Step 1: A1 = 1.2A, A2 = 0.8A, A3 = 0.4A. Bulb 1 consumes current. -> Step 2: Current at R3 is smaller than R1 because current is consumed along the loop. -> Step 3: Yes, second bulb gets whatever current is left over.",MISC-ELEC-001: Current Attenuation / Consumption Model -> MISC-ELEC-001: Current Attenuation / Consumption Model -> MISC-ELEC-001: Current Attenuation / Consumption Model,RECURRENT_CURRENT_ATTENUATION_PATTERN,unresolved_persistent_misconception,trigger_targeted_multimodal_intervention,train
SEQ-0222,STU_0322,Class 9,Motion: Kinematics Operations,3,Step 1: 500 m/s; multiplied 100 by 5. -> Step 2: 4500 m/s; speed = distance * time. -> Step 3: 180 m/s; multiplied distance by time.,MISC-MOT-001: Speed Distance Operation Inversion -> MISC-MOT-001: Speed Distance Operation Inversion -> MISC-MOT-001: Speed Distance Operation Inversion,RECURRENT_SPEED_DISTANCE_INVERSION_PATTERN,unresolved_persistent_misconception,trigger_targeted_multimodal_intervention,train
SEQ-0223,STU_0323,Class 9,Motion: Speed vs Acceleration,2,Step 1: 20 m/s^2 because it is moving fast. -> Step 2: Acceleration is 72 km/h^2 because it has high velocity.,MISC-MOT-002: Speed-Acceleration Conflation -> MISC-MOT-002: Speed-Acceleration Conflation,RECURRENT_SPEED_ACCELERATION_CONFLATION,unresolved_persistent_misconception,trigger_targeted_multimodal_intervention,train
SEQ-0224,STU_0324,Class 9,Force & Laws of Motion: Inertia,2,Step 1: Requires continuous push of 10 N to sustain speed. -> Step 2: Needs engine firing to keep moving forward.,MISC-FOR-001: Impetus Theory (Force is Required to Sustain Motion) -> MISC-FOR-001: Impetus Theory (Force is Required to Sustain Motion),RECURRENT_IMPETUS_THEORY_PATTERN,unresolved_persistent_misconception,trigger_targeted_multimodal_intervention,train
SEQ-0225,STU_0325,Class 11,Kinematics: 2D Motion Independence,2,Step 1: Ball B lands much later because forward speed floats it. -> Step 2: Fired bullet stays in the air longer because of its speed.,MISC-KIN-001: Horizontal Motion Postpones Gravitational Fall -> MISC-KIN-001: Horizontal Motion Postpones Gravitational Fall,RECURRENT_PROJECTILE_FALLACY_PATTERN,unresolved_persistent_misconception,trigger_targeted_multimodal_intervention,train
SEQ-0226,STU_0326,Class 11,Laws of Motion: Friction Self-Adjustment,2,Step 1: Friction is 49 N because formula is mu_s * N. -> Step 2: Friction is 80 N.,MISC-FRIC-001: Static Friction Formula Overgeneralization Fallacy -> MISC-FRIC-001: Static Friction Formula Overgeneralization Fallacy,RECURRENT_STATIC_FRICTION_OVERGENERALIZATION,unresolved_persistent_misconception,trigger_targeted_multimodal_intervention,train
SEQ-0227,STU_0327,Class 12,Current Electricity: Drift Velocity Scale,2,"Step 1: Electrons race from the switch to the bulb filament at 300,000 km/s. -> Step 2: Drift velocity is close to the speed of light.",MISC-ELEC-008: Electrons Race from Battery to Bulb at Light Speed -> MISC-ELEC-008: Electrons Race from Battery to Bulb at Light Speed,RECURRENT_DRIFT_VELOCITY_SPEED_FALLACY,unresolved_persistent_misconception,trigger_targeted_multimodal_intervention,val
SEQ-0228,STU_0328,Class 10,Optics: Half-Lens Aperture Remediation,3,"Step 1: The upper half of the image disappears completely. -> Step 2: Wait, the full image is still formed on the screen, just dimmer! Every point on lens receives light from entire object. -> Step 3: The complete image remains on screen, but brightness is 70% of original.",MISC-OPT-001: Half-Lens Blocking Fallacy -> COGNITIVE_CONFLICT_RECONCILED: Full image persists with 50% brightness -> CORRECT: Scientifically Accurate Response,SUCCESSFUL_COGNITIVE_REMEDIATION_SEQUENCE,resolved_with_transfer,advance_to_next_topic,val
SEQ-0229,STU_0329,Class 9,Gravitation: Free Fall Mass Independence,3,Step 1: The cannonball falls much faster because it weighs more. -> Step 2: Both hit the ground simultaneously because g is independent of mass! -> Step 3: Both hit the lunar surface at the exact same instant.,MISC-GRAV-001: Heavier Objects Fall Faster Fallacy -> COGNITIVE_CONFLICT_RECONCILED: a = g for all falling bodies -> CORRECT: Scientifically Accurate Response,SUCCESSFUL_COGNITIVE_REMEDIATION_SEQUENCE,resolved_with_transfer,advance_to_next_topic,test
SEQ-0230,STU_0330,Class 9,Kinematics: Velocity Calculation,2,Step 1: 100 / 5 = 25 m/s. Formula is distance divided by time. -> Step 2: Speed = distance / time = 300 / 15 = 20 m/s.,CARELESS_CALCULATION_ERROR -> CORRECT: Scientifically Accurate Response,TRANSIENT_SLIP_WITH_CONCEPTUAL_MASTERY,no_conceptual_misconception,provide_arithmetic_feedback_only,train
SEQ-0231,STU_0331,Class 10,Electricity: Current Conservation,3,"Step 1: A1 = 1.2A, A2 = 0.8A, A3 = 0.4A. Bulb 1 consumes current. -> Step 2: Current at R3 is smaller than R1 because current is consumed along the loop. -> Step 3: Yes, second bulb gets whatever current is left over.",MISC-ELEC-001: Current Attenuation / Consumption Model -> MISC-ELEC-001: Current Attenuation / Consumption Model -> MISC-ELEC-001: Current Attenuation / Consumption Model,RECURRENT_CURRENT_ATTENUATION_PATTERN,unresolved_persistent_misconception,trigger_targeted_multimodal_intervention,train
SEQ-0232,STU_0332,Class 9,Motion: Kinematics Operations,3,Step 1: 500 m/s; multiplied 100 by 5. -> Step 2: 4500 m/s; speed = distance * time. -> Step 3: 180 m/s; multiplied distance by time.,MISC-MOT-001: Speed Distance Operation Inversion -> MISC-MOT-001: Speed Distance Operation Inversion -> MISC-MOT-001: Speed Distance Operation Inversion,RECURRENT_SPEED_DISTANCE_INVERSION_PATTERN,unresolved_persistent_misconception,trigger_targeted_multimodal_intervention,train
SEQ-0233,STU_0333,Class 9,Motion: Speed vs Acceleration,2,Step 1: 20 m/s^2 because it is moving fast. -> Step 2: Acceleration is 72 km/h^2 because it has high velocity.,MISC-MOT-002: Speed-Acceleration Conflation -> MISC-MOT-002: Speed-Acceleration Conflation,RECURRENT_SPEED_ACCELERATION_CONFLATION,unresolved_persistent_misconception,trigger_targeted_multimodal_intervention,train
SEQ-0234,STU_0334,Class 9,Force & Laws of Motion: Inertia,2,Step 1: Requires continuous push of 10 N to sustain speed. -> Step 2: Needs engine firing to keep moving forward.,MISC-FOR-001: Impetus Theory (Force is Required to Sustain Motion) -> MISC-FOR-001: Impetus Theory (Force is Required to Sustain Motion),RECURRENT_IMPETUS_THEORY_PATTERN,unresolved_persistent_misconception,trigger_targeted_multimodal_intervention,train
SEQ-0235,STU_0335,Class 11,Kinematics: 2D Motion Independence,2,Step 1: Ball B lands much later because forward speed floats it. -> Step 2: Fired bullet stays in the air longer because of its speed.,MISC-KIN-001: Horizontal Motion Postpones Gravitational Fall -> MISC-KIN-001: Horizontal Motion Postpones Gravitational Fall,RECURRENT_PROJECTILE_FALLACY_PATTERN,unresolved_persistent_misconception,trigger_targeted_multimodal_intervention,train
SEQ-0236,STU_0336,Class 11,Laws of Motion: Friction Self-Adjustment,2,Step 1: Friction is 49 N because formula is mu_s * N. -> Step 2: Friction is 80 N.,MISC-FRIC-001: Static Friction Formula Overgeneralization Fallacy -> MISC-FRIC-001: Static Friction Formula Overgeneralization Fallacy,RECURRENT_STATIC_FRICTION_OVERGENERALIZATION,unresolved_persistent_misconception,trigger_targeted_multimodal_intervention,train
SEQ-0237,STU_0337,Class 12,Current Electricity: Drift Velocity Scale,2,"Step 1: Electrons race from the switch to the bulb filament at 300,000 km/s. -> Step 2: Drift velocity is close to the speed of light.",MISC-ELEC-008: Electrons Race from Battery to Bulb at Light Speed -> MISC-ELEC-008: Electrons Race from Battery to Bulb at Light Speed,RECURRENT_DRIFT_VELOCITY_SPEED_FALLACY,unresolved_persistent_misconception,trigger_targeted_multimodal_intervention,val
SEQ-0238,STU_0338,Class 10,Optics: Half-Lens Aperture Remediation,3,"Step 1: The upper half of the image disappears completely. -> Step 2: Wait, the full image is still formed on the screen, just dimmer! Every point on lens receives light from entire object. -> Step 3: The complete image remains on screen, but brightness is 70% of original.",MISC-OPT-001: Half-Lens Blocking Fallacy -> COGNITIVE_CONFLICT_RECONCILED: Full image persists with 50% brightness -> CORRECT: Scientifically Accurate Response,SUCCESSFUL_COGNITIVE_REMEDIATION_SEQUENCE,resolved_with_transfer,advance_to_next_topic,val
SEQ-0239,STU_0339,Class 9,Gravitation: Free Fall Mass Independence,3,Step 1: The cannonball falls much faster because it weighs more. -> Step 2: Both hit the ground simultaneously because g is independent of mass! -> Step 3: Both hit the lunar surface at the exact same instant.,MISC-GRAV-001: Heavier Objects Fall Faster Fallacy -> COGNITIVE_CONFLICT_RECONCILED: a = g for all falling bodies -> CORRECT: Scientifically Accurate Response,SUCCESSFUL_COGNITIVE_REMEDIATION_SEQUENCE,resolved_with_transfer,advance_to_next_topic,test
SEQ-0240,STU_0340,Class 9,Kinematics: Velocity Calculation,2,Step 1: 100 / 5 = 25 m/s. Formula is distance divided by time. -> Step 2: Speed = distance / time = 300 / 15 = 20 m/s.,CARELESS_CALCULATION_ERROR -> CORRECT: Scientifically Accurate Response,TRANSIENT_SLIP_WITH_CONCEPTUAL_MASTERY,no_conceptual_misconception,provide_arithmetic_feedback_only,train
SEQ-0241,STU_0341,Class 10,Electricity: Current Conservation,3,"Step 1: A1 = 1.2A, A2 = 0.8A, A3 = 0.4A. Bulb 1 consumes current. -> Step 2: Current at R3 is smaller than R1 because current is consumed along the loop. -> Step 3: Yes, second bulb gets whatever current is left over.",MISC-ELEC-001: Current Attenuation / Consumption Model -> MISC-ELEC-001: Current Attenuation / Consumption Model -> MISC-ELEC-001: Current Attenuation / Consumption Model,RECURRENT_CURRENT_ATTENUATION_PATTERN,unresolved_persistent_misconception,trigger_targeted_multimodal_intervention,train
SEQ-0242,STU_0342,Class 9,Motion: Kinematics Operations,3,Step 1: 500 m/s; multiplied 100 by 5. -> Step 2: 4500 m/s; speed = distance * time. -> Step 3: 180 m/s; multiplied distance by time.,MISC-MOT-001: Speed Distance Operation Inversion -> MISC-MOT-001: Speed Distance Operation Inversion -> MISC-MOT-001: Speed Distance Operation Inversion,RECURRENT_SPEED_DISTANCE_INVERSION_PATTERN,unresolved_persistent_misconception,trigger_targeted_multimodal_intervention,train
SEQ-0243,STU_0343,Class 9,Motion: Speed vs Acceleration,2,Step 1: 20 m/s^2 because it is moving fast. -> Step 2: Acceleration is 72 km/h^2 because it has high velocity.,MISC-MOT-002: Speed-Acceleration Conflation -> MISC-MOT-002: Speed-Acceleration Conflation,RECURRENT_SPEED_ACCELERATION_CONFLATION,unresolved_persistent_misconception,trigger_targeted_multimodal_intervention,train
SEQ-0244,STU_0344,Class 9,Force & Laws of Motion: Inertia,2,Step 1: Requires continuous push of 10 N to sustain speed. -> Step 2: Needs engine firing to keep moving forward.,MISC-FOR-001: Impetus Theory (Force is Required to Sustain Motion) -> MISC-FOR-001: Impetus Theory (Force is Required to Sustain Motion),RECURRENT_IMPETUS_THEORY_PATTERN,unresolved_persistent_misconception,trigger_targeted_multimodal_intervention,train
SEQ-0245,STU_0345,Class 11,Kinematics: 2D Motion Independence,2,Step 1: Ball B lands much later because forward speed floats it. -> Step 2: Fired bullet stays in the air longer because of its speed.,MISC-KIN-001: Horizontal Motion Postpones Gravitational Fall -> MISC-KIN-001: Horizontal Motion Postpones Gravitational Fall,RECURRENT_PROJECTILE_FALLACY_PATTERN,unresolved_persistent_misconception,trigger_targeted_multimodal_intervention,train
SEQ-0246,STU_0346,Class 11,Laws of Motion: Friction Self-Adjustment,2,Step 1: Friction is 49 N because formula is mu_s * N. -> Step 2: Friction is 80 N.,MISC-FRIC-001: Static Friction Formula Overgeneralization Fallacy -> MISC-FRIC-001: Static Friction Formula Overgeneralization Fallacy,RECURRENT_STATIC_FRICTION_OVERGENERALIZATION,unresolved_persistent_misconception,trigger_targeted_multimodal_intervention,train
SEQ-0247,STU_0347,Class 12,Current Electricity: Drift Velocity Scale,2,"Step 1: Electrons race from the switch to the bulb filament at 300,000 km/s. -> Step 2: Drift velocity is close to the speed of light.",MISC-ELEC-008: Electrons Race from Battery to Bulb at Light Speed -> MISC-ELEC-008: Electrons Race from Battery to Bulb at Light Speed,RECURRENT_DRIFT_VELOCITY_SPEED_FALLACY,unresolved_persistent_misconception,trigger_targeted_multimodal_intervention,val
SEQ-0248,STU_0348,Class 10,Optics: Half-Lens Aperture Remediation,3,"Step 1: The upper half of the image disappears completely. -> Step 2: Wait, the full image is still formed on the screen, just dimmer! Every point on lens receives light from entire object. -> Step 3: The complete image remains on screen, but brightness is 70% of original.",MISC-OPT-001: Half-Lens Blocking Fallacy -> COGNITIVE_CONFLICT_RECONCILED: Full image persists with 50% brightness -> CORRECT: Scientifically Accurate Response,SUCCESSFUL_COGNITIVE_REMEDIATION_SEQUENCE,resolved_with_transfer,advance_to_next_topic,val
SEQ-0249,STU_0349,Class 9,Gravitation: Free Fall Mass Independence,3,Step 1: The cannonball falls much faster because it weighs more. -> Step 2: Both hit the ground simultaneously because g is independent of mass! -> Step 3: Both hit the lunar surface at the exact same instant.,MISC-GRAV-001: Heavier Objects Fall Faster Fallacy -> COGNITIVE_CONFLICT_RECONCILED: a = g for all falling bodies -> CORRECT: Scientifically Accurate Response,SUCCESSFUL_COGNITIVE_REMEDIATION_SEQUENCE,resolved_with_transfer,advance_to_next_topic,test
SEQ-0250,STU_0350,Class 9,Kinematics: Velocity Calculation,2,Step 1: 100 / 5 = 25 m/s. Formula is distance divided by time. -> Step 2: Speed = distance / time = 300 / 15 = 20 m/s.,CARELESS_CALCULATION_ERROR -> CORRECT: Scientifically Accurate Response,TRANSIENT_SLIP_WITH_CONCEPTUAL_MASTERY,no_conceptual_misconception,provide_arithmetic_feedback_only,train
SEQ-0251,STU_0351,Class 10,Electricity: Current Conservation,3,"Step 1: A1 = 1.2A, A2 = 0.8A, A3 = 0.4A. Bulb 1 consumes current. -> Step 2: Current at R3 is smaller than R1 because current is consumed along the loop. -> Step 3: Yes, second bulb gets whatever current is left over.",MISC-ELEC-001: Current Attenuation / Consumption Model -> MISC-ELEC-001: Current Attenuation / Consumption Model -> MISC-ELEC-001: Current Attenuation / Consumption Model,RECURRENT_CURRENT_ATTENUATION_PATTERN,unresolved_persistent_misconception,trigger_targeted_multimodal_intervention,train
SEQ-0252,STU_0352,Class 9,Motion: Kinematics Operations,3,Step 1: 500 m/s; multiplied 100 by 5. -> Step 2: 4500 m/s; speed = distance * time. -> Step 3: 180 m/s; multiplied distance by time.,MISC-MOT-001: Speed Distance Operation Inversion -> MISC-MOT-001: Speed Distance Operation Inversion -> MISC-MOT-001: Speed Distance Operation Inversion,RECURRENT_SPEED_DISTANCE_INVERSION_PATTERN,unresolved_persistent_misconception,trigger_targeted_multimodal_intervention,train
SEQ-0253,STU_0353,Class 9,Motion: Speed vs Acceleration,2,Step 1: 20 m/s^2 because it is moving fast. -> Step 2: Acceleration is 72 km/h^2 because it has high velocity.,MISC-MOT-002: Speed-Acceleration Conflation -> MISC-MOT-002: Speed-Acceleration Conflation,RECURRENT_SPEED_ACCELERATION_CONFLATION,unresolved_persistent_misconception,trigger_targeted_multimodal_intervention,train
SEQ-0254,STU_0354,Class 9,Force & Laws of Motion: Inertia,2,Step 1: Requires continuous push of 10 N to sustain speed. -> Step 2: Needs engine firing to keep moving forward.,MISC-FOR-001: Impetus Theory (Force is Required to Sustain Motion) -> MISC-FOR-001: Impetus Theory (Force is Required to Sustain Motion),RECURRENT_IMPETUS_THEORY_PATTERN,unresolved_persistent_misconception,trigger_targeted_multimodal_intervention,train
SEQ-0255,STU_0355,Class 11,Kinematics: 2D Motion Independence,2,Step 1: Ball B lands much later because forward speed floats it. -> Step 2: Fired bullet stays in the air longer because of its speed.,MISC-KIN-001: Horizontal Motion Postpones Gravitational Fall -> MISC-KIN-001: Horizontal Motion Postpones Gravitational Fall,RECURRENT_PROJECTILE_FALLACY_PATTERN,unresolved_persistent_misconception,trigger_targeted_multimodal_intervention,train
SEQ-0256,STU_0356,Class 11,Laws of Motion: Friction Self-Adjustment,2,Step 1: Friction is 49 N because formula is mu_s * N. -> Step 2: Friction is 80 N.,MISC-FRIC-001: Static Friction Formula Overgeneralization Fallacy -> MISC-FRIC-001: Static Friction Formula Overgeneralization Fallacy,RECURRENT_STATIC_FRICTION_OVERGENERALIZATION,unresolved_persistent_misconception,trigger_targeted_multimodal_intervention,train
SEQ-0257,STU_0357,Class 12,Current Electricity: Drift Velocity Scale,2,"Step 1: Electrons race from the switch to the bulb filament at 300,000 km/s. -> Step 2: Drift velocity is close to the speed of light.",MISC-ELEC-008: Electrons Race from Battery to Bulb at Light Speed -> MISC-ELEC-008: Electrons Race from Battery to Bulb at Light Speed,RECURRENT_DRIFT_VELOCITY_SPEED_FALLACY,unresolved_persistent_misconception,trigger_targeted_multimodal_intervention,val
SEQ-0258,STU_0358,Class 10,Optics: Half-Lens Aperture Remediation,3,"Step 1: The upper half of the image disappears completely. -> Step 2: Wait, the full image is still formed on the screen, just dimmer! Every point on lens receives light from entire object. -> Step 3: The complete image remains on screen, but brightness is 70% of original.",MISC-OPT-001: Half-Lens Blocking Fallacy -> COGNITIVE_CONFLICT_RECONCILED: Full image persists with 50% brightness -> CORRECT: Scientifically Accurate Response,SUCCESSFUL_COGNITIVE_REMEDIATION_SEQUENCE,resolved_with_transfer,advance_to_next_topic,val
SEQ-0259,STU_0359,Class 9,Gravitation: Free Fall Mass Independence,3,Step 1: The cannonball falls much faster because it weighs more. -> Step 2: Both hit the ground simultaneously because g is independent of mass! -> Step 3: Both hit the lunar surface at the exact same instant.,MISC-GRAV-001: Heavier Objects Fall Faster Fallacy -> COGNITIVE_CONFLICT_RECONCILED: a = g for all falling bodies -> CORRECT: Scientifically Accurate Response,SUCCESSFUL_COGNITIVE_REMEDIATION_SEQUENCE,resolved_with_transfer,advance_to_next_topic,test
SEQ-0260,STU_0360,Class 9,Kinematics: Velocity Calculation,2,Step 1: 100 / 5 = 25 m/s. Formula is distance divided by time. -> Step 2: Speed = distance / time = 300 / 15 = 20 m/s.,CARELESS_CALCULATION_ERROR -> CORRECT: Scientifically Accurate Response,TRANSIENT_SLIP_WITH_CONCEPTUAL_MASTERY,no_conceptual_misconception,provide_arithmetic_feedback_only,train
SEQ-0261,STU_0361,Class 10,Electricity: Current Conservation,3,"Step 1: A1 = 1.2A, A2 = 0.8A, A3 = 0.4A. Bulb 1 consumes current. -> Step 2: Current at R3 is smaller than R1 because current is consumed along the loop. -> Step 3: Yes, second bulb gets whatever current is left over.",MISC-ELEC-001: Current Attenuation / Consumption Model -> MISC-ELEC-001: Current Attenuation / Consumption Model -> MISC-ELEC-001: Current Attenuation / Consumption Model,RECURRENT_CURRENT_ATTENUATION_PATTERN,unresolved_persistent_misconception,trigger_targeted_multimodal_intervention,train
SEQ-0262,STU_0362,Class 9,Motion: Kinematics Operations,3,Step 1: 500 m/s; multiplied 100 by 5. -> Step 2: 4500 m/s; speed = distance * time. -> Step 3: 180 m/s; multiplied distance by time.,MISC-MOT-001: Speed Distance Operation Inversion -> MISC-MOT-001: Speed Distance Operation Inversion -> MISC-MOT-001: Speed Distance Operation Inversion,RECURRENT_SPEED_DISTANCE_INVERSION_PATTERN,unresolved_persistent_misconception,trigger_targeted_multimodal_intervention,train
SEQ-0263,STU_0363,Class 9,Motion: Speed vs Acceleration,2,Step 1: 20 m/s^2 because it is moving fast. -> Step 2: Acceleration is 72 km/h^2 because it has high velocity.,MISC-MOT-002: Speed-Acceleration Conflation -> MISC-MOT-002: Speed-Acceleration Conflation,RECURRENT_SPEED_ACCELERATION_CONFLATION,unresolved_persistent_misconception,trigger_targeted_multimodal_intervention,train
SEQ-0264,STU_0364,Class 9,Force & Laws of Motion: Inertia,2,Step 1: Requires continuous push of 10 N to sustain speed. -> Step 2: Needs engine firing to keep moving forward.,MISC-FOR-001: Impetus Theory (Force is Required to Sustain Motion) -> MISC-FOR-001: Impetus Theory (Force is Required to Sustain Motion),RECURRENT_IMPETUS_THEORY_PATTERN,unresolved_persistent_misconception,trigger_targeted_multimodal_intervention,train
SEQ-0265,STU_0365,Class 11,Kinematics: 2D Motion Independence,2,Step 1: Ball B lands much later because forward speed floats it. -> Step 2: Fired bullet stays in the air longer because of its speed.,MISC-KIN-001: Horizontal Motion Postpones Gravitational Fall -> MISC-KIN-001: Horizontal Motion Postpones Gravitational Fall,RECURRENT_PROJECTILE_FALLACY_PATTERN,unresolved_persistent_misconception,trigger_targeted_multimodal_intervention,train
SEQ-0266,STU_0366,Class 11,Laws of Motion: Friction Self-Adjustment,2,Step 1: Friction is 49 N because formula is mu_s * N. -> Step 2: Friction is 80 N.,MISC-FRIC-001: Static Friction Formula Overgeneralization Fallacy -> MISC-FRIC-001: Static Friction Formula Overgeneralization Fallacy,RECURRENT_STATIC_FRICTION_OVERGENERALIZATION,unresolved_persistent_misconception,trigger_targeted_multimodal_intervention,train
SEQ-0267,STU_0367,Class 12,Current Electricity: Drift Velocity Scale,2,"Step 1: Electrons race from the switch to the bulb filament at 300,000 km/s. -> Step 2: Drift velocity is close to the speed of light.",MISC-ELEC-008: Electrons Race from Battery to Bulb at Light Speed -> MISC-ELEC-008: Electrons Race from Battery to Bulb at Light Speed,RECURRENT_DRIFT_VELOCITY_SPEED_FALLACY,unresolved_persistent_misconception,trigger_targeted_multimodal_intervention,val
SEQ-0268,STU_0368,Class 10,Optics: Half-Lens Aperture Remediation,3,"Step 1: The upper half of the image disappears completely. -> Step 2: Wait, the full image is still formed on the screen, just dimmer! Every point on lens receives light from entire object. -> Step 3: The complete image remains on screen, but brightness is 70% of original.",MISC-OPT-001: Half-Lens Blocking Fallacy -> COGNITIVE_CONFLICT_RECONCILED: Full image persists with 50% brightness -> CORRECT: Scientifically Accurate Response,SUCCESSFUL_COGNITIVE_REMEDIATION_SEQUENCE,resolved_with_transfer,advance_to_next_topic,val
SEQ-0269,STU_0369,Class 9,Gravitation: Free Fall Mass Independence,3,Step 1: The cannonball falls much faster because it weighs more. -> Step 2: Both hit the ground simultaneously because g is independent of mass! -> Step 3: Both hit the lunar surface at the exact same instant.,MISC-GRAV-001: Heavier Objects Fall Faster Fallacy -> COGNITIVE_CONFLICT_RECONCILED: a = g for all falling bodies -> CORRECT: Scientifically Accurate Response,SUCCESSFUL_COGNITIVE_REMEDIATION_SEQUENCE,resolved_with_transfer,advance_to_next_topic,test
SEQ-0270,STU_0370,Class 9,Kinematics: Velocity Calculation,2,Step 1: 100 / 5 = 25 m/s. Formula is distance divided by time. -> Step 2: Speed = distance / time = 300 / 15 = 20 m/s.,CARELESS_CALCULATION_ERROR -> CORRECT: Scientifically Accurate Response,TRANSIENT_SLIP_WITH_CONCEPTUAL_MASTERY,no_conceptual_misconception,provide_arithmetic_feedback_only,train
SEQ-0271,STU_0371,Class 10,Electricity: Current Conservation,3,"Step 1: A1 = 1.2A, A2 = 0.8A, A3 = 0.4A. Bulb 1 consumes current. -> Step 2: Current at R3 is smaller than R1 because current is consumed along the loop. -> Step 3: Yes, second bulb gets whatever current is left over.",MISC-ELEC-001: Current Attenuation / Consumption Model -> MISC-ELEC-001: Current Attenuation / Consumption Model -> MISC-ELEC-001: Current Attenuation / Consumption Model,RECURRENT_CURRENT_ATTENUATION_PATTERN,unresolved_persistent_misconception,trigger_targeted_multimodal_intervention,train
SEQ-0272,STU_0372,Class 9,Motion: Kinematics Operations,3,Step 1: 500 m/s; multiplied 100 by 5. -> Step 2: 4500 m/s; speed = distance * time. -> Step 3: 180 m/s; multiplied distance by time.,MISC-MOT-001: Speed Distance Operation Inversion -> MISC-MOT-001: Speed Distance Operation Inversion -> MISC-MOT-001: Speed Distance Operation Inversion,RECURRENT_SPEED_DISTANCE_INVERSION_PATTERN,unresolved_persistent_misconception,trigger_targeted_multimodal_intervention,train
SEQ-0273,STU_0373,Class 9,Motion: Speed vs Acceleration,2,Step 1: 20 m/s^2 because it is moving fast. -> Step 2: Acceleration is 72 km/h^2 because it has high velocity.,MISC-MOT-002: Speed-Acceleration Conflation -> MISC-MOT-002: Speed-Acceleration Conflation,RECURRENT_SPEED_ACCELERATION_CONFLATION,unresolved_persistent_misconception,trigger_targeted_multimodal_intervention,train
SEQ-0274,STU_0374,Class 9,Force & Laws of Motion: Inertia,2,Step 1: Requires continuous push of 10 N to sustain speed. -> Step 2: Needs engine firing to keep moving forward.,MISC-FOR-001: Impetus Theory (Force is Required to Sustain Motion) -> MISC-FOR-001: Impetus Theory (Force is Required to Sustain Motion),RECURRENT_IMPETUS_THEORY_PATTERN,unresolved_persistent_misconception,trigger_targeted_multimodal_intervention,train
SEQ-0275,STU_0375,Class 11,Kinematics: 2D Motion Independence,2,Step 1: Ball B lands much later because forward speed floats it. -> Step 2: Fired bullet stays in the air longer because of its speed.,MISC-KIN-001: Horizontal Motion Postpones Gravitational Fall -> MISC-KIN-001: Horizontal Motion Postpones Gravitational Fall,RECURRENT_PROJECTILE_FALLACY_PATTERN,unresolved_persistent_misconception,trigger_targeted_multimodal_intervention,train
SEQ-0276,STU_0376,Class 11,Laws of Motion: Friction Self-Adjustment,2,Step 1: Friction is 49 N because formula is mu_s * N. -> Step 2: Friction is 80 N.,MISC-FRIC-001: Static Friction Formula Overgeneralization Fallacy -> MISC-FRIC-001: Static Friction Formula Overgeneralization Fallacy,RECURRENT_STATIC_FRICTION_OVERGENERALIZATION,unresolved_persistent_misconception,trigger_targeted_multimodal_intervention,train
SEQ-0277,STU_0377,Class 12,Current Electricity: Drift Velocity Scale,2,"Step 1: Electrons race from the switch to the bulb filament at 300,000 km/s. -> Step 2: Drift velocity is close to the speed of light.",MISC-ELEC-008: Electrons Race from Battery to Bulb at Light Speed -> MISC-ELEC-008: Electrons Race from Battery to Bulb at Light Speed,RECURRENT_DRIFT_VELOCITY_SPEED_FALLACY,unresolved_persistent_misconception,trigger_targeted_multimodal_intervention,val
SEQ-0278,STU_0378,Class 10,Optics: Half-Lens Aperture Remediation,3,"Step 1: The upper half of the image disappears completely. -> Step 2: Wait, the full image is still formed on the screen, just dimmer! Every point on lens receives light from entire object. -> Step 3: The complete image remains on screen, but brightness is 70% of original.",MISC-OPT-001: Half-Lens Blocking Fallacy -> COGNITIVE_CONFLICT_RECONCILED: Full image persists with 50% brightness -> CORRECT: Scientifically Accurate Response,SUCCESSFUL_COGNITIVE_REMEDIATION_SEQUENCE,resolved_with_transfer,advance_to_next_topic,val
SEQ-0279,STU_0379,Class 9,Gravitation: Free Fall Mass Independence,3,Step 1: The cannonball falls much faster because it weighs more. -> Step 2: Both hit the ground simultaneously because g is independent of mass! -> Step 3: Both hit the lunar surface at the exact same instant.,MISC-GRAV-001: Heavier Objects Fall Faster Fallacy -> COGNITIVE_CONFLICT_RECONCILED: a = g for all falling bodies -> CORRECT: Scientifically Accurate Response,SUCCESSFUL_COGNITIVE_REMEDIATION_SEQUENCE,resolved_with_transfer,advance_to_next_topic,test
SEQ-0280,STU_0380,Class 9,Kinematics: Velocity Calculation,2,Step 1: 100 / 5 = 25 m/s. Formula is distance divided by time. -> Step 2: Speed = distance / time = 300 / 15 = 20 m/s.,CARELESS_CALCULATION_ERROR -> CORRECT: Scientifically Accurate Response,TRANSIENT_SLIP_WITH_CONCEPTUAL_MASTERY,no_conceptual_misconception,provide_arithmetic_feedback_only,train
SEQ-0281,STU_0381,Class 10,Electricity: Current Conservation,3,"Step 1: A1 = 1.2A, A2 = 0.8A, A3 = 0.4A. Bulb 1 consumes current. -> Step 2: Current at R3 is smaller than R1 because current is consumed along the loop. -> Step 3: Yes, second bulb gets whatever current is left over.",MISC-ELEC-001: Current Attenuation / Consumption Model -> MISC-ELEC-001: Current Attenuation / Consumption Model -> MISC-ELEC-001: Current Attenuation / Consumption Model,RECURRENT_CURRENT_ATTENUATION_PATTERN,unresolved_persistent_misconception,trigger_targeted_multimodal_intervention,train
SEQ-0282,STU_0382,Class 9,Motion: Kinematics Operations,3,Step 1: 500 m/s; multiplied 100 by 5. -> Step 2: 4500 m/s; speed = distance * time. -> Step 3: 180 m/s; multiplied distance by time.,MISC-MOT-001: Speed Distance Operation Inversion -> MISC-MOT-001: Speed Distance Operation Inversion -> MISC-MOT-001: Speed Distance Operation Inversion,RECURRENT_SPEED_DISTANCE_INVERSION_PATTERN,unresolved_persistent_misconception,trigger_targeted_multimodal_intervention,train
SEQ-0283,STU_0383,Class 9,Motion: Speed vs Acceleration,2,Step 1: 20 m/s^2 because it is moving fast. -> Step 2: Acceleration is 72 km/h^2 because it has high velocity.,MISC-MOT-002: Speed-Acceleration Conflation -> MISC-MOT-002: Speed-Acceleration Conflation,RECURRENT_SPEED_ACCELERATION_CONFLATION,unresolved_persistent_misconception,trigger_targeted_multimodal_intervention,train
SEQ-0284,STU_0384,Class 9,Force & Laws of Motion: Inertia,2,Step 1: Requires continuous push of 10 N to sustain speed. -> Step 2: Needs engine firing to keep moving forward.,MISC-FOR-001: Impetus Theory (Force is Required to Sustain Motion) -> MISC-FOR-001: Impetus Theory (Force is Required to Sustain Motion),RECURRENT_IMPETUS_THEORY_PATTERN,unresolved_persistent_misconception,trigger_targeted_multimodal_intervention,train
SEQ-0285,STU_0385,Class 11,Kinematics: 2D Motion Independence,2,Step 1: Ball B lands much later because forward speed floats it. -> Step 2: Fired bullet stays in the air longer because of its speed.,MISC-KIN-001: Horizontal Motion Postpones Gravitational Fall -> MISC-KIN-001: Horizontal Motion Postpones Gravitational Fall,RECURRENT_PROJECTILE_FALLACY_PATTERN,unresolved_persistent_misconception,trigger_targeted_multimodal_intervention,train
SEQ-0286,STU_0386,Class 11,Laws of Motion: Friction Self-Adjustment,2,Step 1: Friction is 49 N because formula is mu_s * N. -> Step 2: Friction is 80 N.,MISC-FRIC-001: Static Friction Formula Overgeneralization Fallacy -> MISC-FRIC-001: Static Friction Formula Overgeneralization Fallacy,RECURRENT_STATIC_FRICTION_OVERGENERALIZATION,unresolved_persistent_misconception,trigger_targeted_multimodal_intervention,train
SEQ-0287,STU_0387,Class 12,Current Electricity: Drift Velocity Scale,2,"Step 1: Electrons race from the switch to the bulb filament at 300,000 km/s. -> Step 2: Drift velocity is close to the speed of light.",MISC-ELEC-008: Electrons Race from Battery to Bulb at Light Speed -> MISC-ELEC-008: Electrons Race from Battery to Bulb at Light Speed,RECURRENT_DRIFT_VELOCITY_SPEED_FALLACY,unresolved_persistent_misconception,trigger_targeted_multimodal_intervention,val
SEQ-0288,STU_0388,Class 10,Optics: Half-Lens Aperture Remediation,3,"Step 1: The upper half of the image disappears completely. -> Step 2: Wait, the full image is still formed on the screen, just dimmer! Every point on lens receives light from entire object. -> Step 3: The complete image remains on screen, but brightness is 70% of original.",MISC-OPT-001: Half-Lens Blocking Fallacy -> COGNITIVE_CONFLICT_RECONCILED: Full image persists with 50% brightness -> CORRECT: Scientifically Accurate Response,SUCCESSFUL_COGNITIVE_REMEDIATION_SEQUENCE,resolved_with_transfer,advance_to_next_topic,val
SEQ-0289,STU_0389,Class 9,Gravitation: Free Fall Mass Independence,3,Step 1: The cannonball falls much faster because it weighs more. -> Step 2: Both hit the ground simultaneously because g is independent of mass! -> Step 3: Both hit the lunar surface at the exact same instant.,MISC-GRAV-001: Heavier Objects Fall Faster Fallacy -> COGNITIVE_CONFLICT_RECONCILED: a = g for all falling bodies -> CORRECT: Scientifically Accurate Response,SUCCESSFUL_COGNITIVE_REMEDIATION_SEQUENCE,resolved_with_transfer,advance_to_next_topic,test
SEQ-0290,STU_0390,Class 9,Kinematics: Velocity Calculation,2,Step 1: 100 / 5 = 25 m/s. Formula is distance divided by time. -> Step 2: Speed = distance / time = 300 / 15 = 20 m/s.,CARELESS_CALCULATION_ERROR -> CORRECT: Scientifically Accurate Response,TRANSIENT_SLIP_WITH_CONCEPTUAL_MASTERY,no_conceptual_misconception,provide_arithmetic_feedback_only,train
SEQ-0291,STU_0391,Class 10,Electricity: Current Conservation,3,"Step 1: A1 = 1.2A, A2 = 0.8A, A3 = 0.4A. Bulb 1 consumes current. -> Step 2: Current at R3 is smaller than R1 because current is consumed along the loop. -> Step 3: Yes, second bulb gets whatever current is left over.",MISC-ELEC-001: Current Attenuation / Consumption Model -> MISC-ELEC-001: Current Attenuation / Consumption Model -> MISC-ELEC-001: Current Attenuation / Consumption Model,RECURRENT_CURRENT_ATTENUATION_PATTERN,unresolved_persistent_misconception,trigger_targeted_multimodal_intervention,train
SEQ-0292,STU_0392,Class 9,Motion: Kinematics Operations,3,Step 1: 500 m/s; multiplied 100 by 5. -> Step 2: 4500 m/s; speed = distance * time. -> Step 3: 180 m/s; multiplied distance by time.,MISC-MOT-001: Speed Distance Operation Inversion -> MISC-MOT-001: Speed Distance Operation Inversion -> MISC-MOT-001: Speed Distance Operation Inversion,RECURRENT_SPEED_DISTANCE_INVERSION_PATTERN,unresolved_persistent_misconception,trigger_targeted_multimodal_intervention,train
SEQ-0293,STU_0393,Class 9,Motion: Speed vs Acceleration,2,Step 1: 20 m/s^2 because it is moving fast. -> Step 2: Acceleration is 72 km/h^2 because it has high velocity.,MISC-MOT-002: Speed-Acceleration Conflation -> MISC-MOT-002: Speed-Acceleration Conflation,RECURRENT_SPEED_ACCELERATION_CONFLATION,unresolved_persistent_misconception,trigger_targeted_multimodal_intervention,train
SEQ-0294,STU_0394,Class 9,Force & Laws of Motion: Inertia,2,Step 1: Requires continuous push of 10 N to sustain speed. -> Step 2: Needs engine firing to keep moving forward.,MISC-FOR-001: Impetus Theory (Force is Required to Sustain Motion) -> MISC-FOR-001: Impetus Theory (Force is Required to Sustain Motion),RECURRENT_IMPETUS_THEORY_PATTERN,unresolved_persistent_misconception,trigger_targeted_multimodal_intervention,train
SEQ-0295,STU_0395,Class 11,Kinematics: 2D Motion Independence,2,Step 1: Ball B lands much later because forward speed floats it. -> Step 2: Fired bullet stays in the air longer because of its speed.,MISC-KIN-001: Horizontal Motion Postpones Gravitational Fall -> MISC-KIN-001: Horizontal Motion Postpones Gravitational Fall,RECURRENT_PROJECTILE_FALLACY_PATTERN,unresolved_persistent_misconception,trigger_targeted_multimodal_intervention,train
SEQ-0296,STU_0396,Class 11,Laws of Motion: Friction Self-Adjustment,2,Step 1: Friction is 49 N because formula is mu_s * N. -> Step 2: Friction is 80 N.,MISC-FRIC-001: Static Friction Formula Overgeneralization Fallacy -> MISC-FRIC-001: Static Friction Formula Overgeneralization Fallacy,RECURRENT_STATIC_FRICTION_OVERGENERALIZATION,unresolved_persistent_misconception,trigger_targeted_multimodal_intervention,train
SEQ-0297,STU_0397,Class 12,Current Electricity: Drift Velocity Scale,2,"Step 1: Electrons race from the switch to the bulb filament at 300,000 km/s. -> Step 2: Drift velocity is close to the speed of light.",MISC-ELEC-008: Electrons Race from Battery to Bulb at Light Speed -> MISC-ELEC-008: Electrons Race from Battery to Bulb at Light Speed,RECURRENT_DRIFT_VELOCITY_SPEED_FALLACY,unresolved_persistent_misconception,trigger_targeted_multimodal_intervention,val
SEQ-0298,STU_0398,Class 10,Optics: Half-Lens Aperture Remediation,3,"Step 1: The upper half of the image disappears completely. -> Step 2: Wait, the full image is still formed on the screen, just dimmer! Every point on lens receives light from entire object. -> Step 3: The complete image remains on screen, but brightness is 70% of original.",MISC-OPT-001: Half-Lens Blocking Fallacy -> COGNITIVE_CONFLICT_RECONCILED: Full image persists with 50% brightness -> CORRECT: Scientifically Accurate Response,SUCCESSFUL_COGNITIVE_REMEDIATION_SEQUENCE,resolved_with_transfer,advance_to_next_topic,val
SEQ-0299,STU_0399,Class 9,Gravitation: Free Fall Mass Independence,3,Step 1: The cannonball falls much faster because it weighs more. -> Step 2: Both hit the ground simultaneously because g is independent of mass! -> Step 3: Both hit the lunar surface at the exact same instant.,MISC-GRAV-001: Heavier Objects Fall Faster Fallacy -> COGNITIVE_CONFLICT_RECONCILED: a = g for all falling bodies -> CORRECT: Scientifically Accurate Response,SUCCESSFUL_COGNITIVE_REMEDIATION_SEQUENCE,resolved_with_transfer,advance_to_next_topic,test
SEQ-0300,STU_0400,Class 9,Kinematics: Velocity Calculation,2,Step 1: 100 / 5 = 25 m/s. Formula is distance divided by time. -> Step 2: Speed = distance / time = 300 / 15 = 20 m/s.,CARELESS_CALCULATION_ERROR -> CORRECT: Scientifically Accurate Response,TRANSIENT_SLIP_WITH_CONCEPTUAL_MASTERY,no_conceptual_misconception,provide_arithmetic_feedback_only,train
SEQ-0301,STU_0401,Class 10,Electricity: Current Conservation,3,"Step 1: A1 = 1.2A, A2 = 0.8A, A3 = 0.4A. Bulb 1 consumes current. -> Step 2: Current at R3 is smaller than R1 because current is consumed along the loop. -> Step 3: Yes, second bulb gets whatever current is left over.",MISC-ELEC-001: Current Attenuation / Consumption Model -> MISC-ELEC-001: Current Attenuation / Consumption Model -> MISC-ELEC-001: Current Attenuation / Consumption Model,RECURRENT_CURRENT_ATTENUATION_PATTERN,unresolved_persistent_misconception,trigger_targeted_multimodal_intervention,train
SEQ-0302,STU_0402,Class 9,Motion: Kinematics Operations,3,Step 1: 500 m/s; multiplied 100 by 5. -> Step 2: 4500 m/s; speed = distance * time. -> Step 3: 180 m/s; multiplied distance by time.,MISC-MOT-001: Speed Distance Operation Inversion -> MISC-MOT-001: Speed Distance Operation Inversion -> MISC-MOT-001: Speed Distance Operation Inversion,RECURRENT_SPEED_DISTANCE_INVERSION_PATTERN,unresolved_persistent_misconception,trigger_targeted_multimodal_intervention,train
SEQ-0303,STU_0403,Class 9,Motion: Speed vs Acceleration,2,Step 1: 20 m/s^2 because it is moving fast. -> Step 2: Acceleration is 72 km/h^2 because it has high velocity.,MISC-MOT-002: Speed-Acceleration Conflation -> MISC-MOT-002: Speed-Acceleration Conflation,RECURRENT_SPEED_ACCELERATION_CONFLATION,unresolved_persistent_misconception,trigger_targeted_multimodal_intervention,train
SEQ-0304,STU_0404,Class 9,Force & Laws of Motion: Inertia,2,Step 1: Requires continuous push of 10 N to sustain speed. -> Step 2: Needs engine firing to keep moving forward.,MISC-FOR-001: Impetus Theory (Force is Required to Sustain Motion) -> MISC-FOR-001: Impetus Theory (Force is Required to Sustain Motion),RECURRENT_IMPETUS_THEORY_PATTERN,unresolved_persistent_misconception,trigger_targeted_multimodal_intervention,train
SEQ-0305,STU_0405,Class 11,Kinematics: 2D Motion Independence,2,Step 1: Ball B lands much later because forward speed floats it. -> Step 2: Fired bullet stays in the air longer because of its speed.,MISC-KIN-001: Horizontal Motion Postpones Gravitational Fall -> MISC-KIN-001: Horizontal Motion Postpones Gravitational Fall,RECURRENT_PROJECTILE_FALLACY_PATTERN,unresolved_persistent_misconception,trigger_targeted_multimodal_intervention,train
SEQ-0306,STU_0406,Class 11,Laws of Motion: Friction Self-Adjustment,2,Step 1: Friction is 49 N because formula is mu_s * N. -> Step 2: Friction is 80 N.,MISC-FRIC-001: Static Friction Formula Overgeneralization Fallacy -> MISC-FRIC-001: Static Friction Formula Overgeneralization Fallacy,RECURRENT_STATIC_FRICTION_OVERGENERALIZATION,unresolved_persistent_misconception,trigger_targeted_multimodal_intervention,train
SEQ-0307,STU_0407,Class 12,Current Electricity: Drift Velocity Scale,2,"Step 1: Electrons race from the switch to the bulb filament at 300,000 km/s. -> Step 2: Drift velocity is close to the speed of light.",MISC-ELEC-008: Electrons Race from Battery to Bulb at Light Speed -> MISC-ELEC-008: Electrons Race from Battery to Bulb at Light Speed,RECURRENT_DRIFT_VELOCITY_SPEED_FALLACY,unresolved_persistent_misconception,trigger_targeted_multimodal_intervention,val
SEQ-0308,STU_0408,Class 10,Optics: Half-Lens Aperture Remediation,3,"Step 1: The upper half of the image disappears completely. -> Step 2: Wait, the full image is still formed on the screen, just dimmer! Every point on lens receives light from entire object. -> Step 3: The complete image remains on screen, but brightness is 70% of original.",MISC-OPT-001: Half-Lens Blocking Fallacy -> COGNITIVE_CONFLICT_RECONCILED: Full image persists with 50% brightness -> CORRECT: Scientifically Accurate Response,SUCCESSFUL_COGNITIVE_REMEDIATION_SEQUENCE,resolved_with_transfer,advance_to_next_topic,val
SEQ-0309,STU_0409,Class 9,Gravitation: Free Fall Mass Independence,3,Step 1: The cannonball falls much faster because it weighs more. -> Step 2: Both hit the ground simultaneously because g is independent of mass! -> Step 3: Both hit the lunar surface at the exact same instant.,MISC-GRAV-001: Heavier Objects Fall Faster Fallacy -> COGNITIVE_CONFLICT_RECONCILED: a = g for all falling bodies -> CORRECT: Scientifically Accurate Response,SUCCESSFUL_COGNITIVE_REMEDIATION_SEQUENCE,resolved_with_transfer,advance_to_next_topic,test
SEQ-0310,STU_0410,Class 9,Kinematics: Velocity Calculation,2,Step 1: 100 / 5 = 25 m/s. Formula is distance divided by time. -> Step 2: Speed = distance / time = 300 / 15 = 20 m/s.,CARELESS_CALCULATION_ERROR -> CORRECT: Scientifically Accurate Response,TRANSIENT_SLIP_WITH_CONCEPTUAL_MASTERY,no_conceptual_misconception,provide_arithmetic_feedback_only,train
SEQ-0311,STU_0411,Class 10,Electricity: Current Conservation,3,"Step 1: A1 = 1.2A, A2 = 0.8A, A3 = 0.4A. Bulb 1 consumes current. -> Step 2: Current at R3 is smaller than R1 because current is consumed along the loop. -> Step 3: Yes, second bulb gets whatever current is left over.",MISC-ELEC-001: Current Attenuation / Consumption Model -> MISC-ELEC-001: Current Attenuation / Consumption Model -> MISC-ELEC-001: Current Attenuation / Consumption Model,RECURRENT_CURRENT_ATTENUATION_PATTERN,unresolved_persistent_misconception,trigger_targeted_multimodal_intervention,train
SEQ-0312,STU_0412,Class 9,Motion: Kinematics Operations,3,Step 1: 500 m/s; multiplied 100 by 5. -> Step 2: 4500 m/s; speed = distance * time. -> Step 3: 180 m/s; multiplied distance by time.,MISC-MOT-001: Speed Distance Operation Inversion -> MISC-MOT-001: Speed Distance Operation Inversion -> MISC-MOT-001: Speed Distance Operation Inversion,RECURRENT_SPEED_DISTANCE_INVERSION_PATTERN,unresolved_persistent_misconception,trigger_targeted_multimodal_intervention,train
SEQ-0313,STU_0413,Class 9,Motion: Speed vs Acceleration,2,Step 1: 20 m/s^2 because it is moving fast. -> Step 2: Acceleration is 72 km/h^2 because it has high velocity.,MISC-MOT-002: Speed-Acceleration Conflation -> MISC-MOT-002: Speed-Acceleration Conflation,RECURRENT_SPEED_ACCELERATION_CONFLATION,unresolved_persistent_misconception,trigger_targeted_multimodal_intervention,train
SEQ-0314,STU_0414,Class 9,Force & Laws of Motion: Inertia,2,Step 1: Requires continuous push of 10 N to sustain speed. -> Step 2: Needs engine firing to keep moving forward.,MISC-FOR-001: Impetus Theory (Force is Required to Sustain Motion) -> MISC-FOR-001: Impetus Theory (Force is Required to Sustain Motion),RECURRENT_IMPETUS_THEORY_PATTERN,unresolved_persistent_misconception,trigger_targeted_multimodal_intervention,train
SEQ-0315,STU_0415,Class 11,Kinematics: 2D Motion Independence,2,Step 1: Ball B lands much later because forward speed floats it. -> Step 2: Fired bullet stays in the air longer because of its speed.,MISC-KIN-001: Horizontal Motion Postpones Gravitational Fall -> MISC-KIN-001: Horizontal Motion Postpones Gravitational Fall,RECURRENT_PROJECTILE_FALLACY_PATTERN,unresolved_persistent_misconception,trigger_targeted_multimodal_intervention,train
SEQ-0316,STU_0416,Class 11,Laws of Motion: Friction Self-Adjustment,2,Step 1: Friction is 49 N because formula is mu_s * N. -> Step 2: Friction is 80 N.,MISC-FRIC-001: Static Friction Formula Overgeneralization Fallacy -> MISC-FRIC-001: Static Friction Formula Overgeneralization Fallacy,RECURRENT_STATIC_FRICTION_OVERGENERALIZATION,unresolved_persistent_misconception,trigger_targeted_multimodal_intervention,train
SEQ-0317,STU_0417,Class 12,Current Electricity: Drift Velocity Scale,2,"Step 1: Electrons race from the switch to the bulb filament at 300,000 km/s. -> Step 2: Drift velocity is close to the speed of light.",MISC-ELEC-008: Electrons Race from Battery to Bulb at Light Speed -> MISC-ELEC-008: Electrons Race from Battery to Bulb at Light Speed,RECURRENT_DRIFT_VELOCITY_SPEED_FALLACY,unresolved_persistent_misconception,trigger_targeted_multimodal_intervention,val
SEQ-0318,STU_0418,Class 10,Optics: Half-Lens Aperture Remediation,3,"Step 1: The upper half of the image disappears completely. -> Step 2: Wait, the full image is still formed on the screen, just dimmer! Every point on lens receives light from entire object. -> Step 3: The complete image remains on screen, but brightness is 70% of original.",MISC-OPT-001: Half-Lens Blocking Fallacy -> COGNITIVE_CONFLICT_RECONCILED: Full image persists with 50% brightness -> CORRECT: Scientifically Accurate Response,SUCCESSFUL_COGNITIVE_REMEDIATION_SEQUENCE,resolved_with_transfer,advance_to_next_topic,val
SEQ-0319,STU_0419,Class 9,Gravitation: Free Fall Mass Independence,3,Step 1: The cannonball falls much faster because it weighs more. -> Step 2: Both hit the ground simultaneously because g is independent of mass! -> Step 3: Both hit the lunar surface at the exact same instant.,MISC-GRAV-001: Heavier Objects Fall Faster Fallacy -> COGNITIVE_CONFLICT_RECONCILED: a = g for all falling bodies -> CORRECT: Scientifically Accurate Response,SUCCESSFUL_COGNITIVE_REMEDIATION_SEQUENCE,resolved_with_transfer,advance_to_next_topic,test
SEQ-0320,STU_0420,Class 9,Kinematics: Velocity Calculation,2,Step 1: 100 / 5 = 25 m/s. Formula is distance divided by time. -> Step 2: Speed = distance / time = 300 / 15 = 20 m/s.,CARELESS_CALCULATION_ERROR -> CORRECT: Scientifically Accurate Response,TRANSIENT_SLIP_WITH_CONCEPTUAL_MASTERY,no_conceptual_misconception,provide_arithmetic_feedback_only,train
