record_id,question_id,question_family,curriculum_grade,curriculum_chapter,topic_concept,question_text,correct_answer_and_steps,student_response,misconception_label,error_type,diagnostic_confidence,evidence_rationale,has_diagram,diagram_type,diagram_description,split
REC-00001,PHY-Class10-01-0001,OPTICS_HALF_LENS_BLOCKING,Class 10,Light – Reflection and Refraction,Image Formation and Aperture of Convex Lens,A student forms a sharp image of a lighted candle on a screen using a convex lens of focal length 15 cm. The lower half of the lens is now covered with black paper. What happens to the image on the screen?,"The image remains completely intact and full. Every exposed portion of the lens refracts light rays from all parts of the object. Covering half the lens reduces the light energy transmitted, decreasing brightness without cropping.",The top half of the candle image is completely missing because the bottom half of the lens is covered.,MISC-OPT-001: Half-Lens Blocking Fallacy,conceptual_misconception,High,"Believes covering half the lens cuts the image in half, misunderstanding that every point on the lens receives light from every point on the object.",True,ray_diagram,Convex lens with lower half covered by black opaque cardboard. Object placed beyond 2F forms a complete real inverted image on the screen with reduced brightness.,train
REC-00002,PHY-Class10-01-0002,OPTICS_HALF_LENS_BLOCKING,Class 10,Light – Reflection and Refraction,Image Formation and Aperture of Convex Lens,"A converging lens of focal length 20 cm projects an image of an illuminated slide. If the upper half of the lens is blocked by an opaque cover, describe the change in the projected image.","The image remains completely intact and full. Every exposed portion of the lens refracts light rays from all parts of the object. Covering half the lens reduces the light energy transmitted, decreasing brightness without cropping.",Only half the image will appear on the screen because blocking half the glass blocks half the picture.,MISC-OPT-001: Half-Lens Blocking Fallacy,conceptual_misconception,High,"Believes covering half the lens cuts the image in half, misunderstanding that every point on the lens receives light from every point on the object.",True,ray_diagram,Convex lens with lower half covered by black opaque cardboard. Object placed beyond 2F forms a complete real inverted image on the screen with reduced brightness.,test
REC-00003,PHY-Class10-01-0003,OPTICS_HALF_LENS_BLOCKING,Class 10,Light – Reflection and Refraction,Image Formation and Aperture of Convex Lens,An experimenter covers 50% of a convex lens with black tape. How does this affect the image formed by the lens on a viewing card?,"The image remains completely intact and full. Every exposed portion of the lens refracts light rays from all parts of the object. Covering half the lens reduces the light energy transmitted, decreasing brightness without cropping.","The bottom rays are blocked, so only the top half of the object can be focused.",MISC-OPT-001: Half-Lens Blocking Fallacy,conceptual_misconception,High,"Believes covering half the lens cuts the image in half, misunderstanding that every point on the lens receives light from every point on the object.",True,ray_diagram,Convex lens with lower half covered by black opaque cardboard. Object placed beyond 2F forms a complete real inverted image on the screen with reduced brightness.,train
REC-00004,PHY-Class10-01-0004,OPTICS_HALF_LENS_BLOCKING,Class 10,Light – Reflection and Refraction,Image Formation and Aperture of Convex Lens,"A ray optics setup uses a convex lens of focal length 25 cm. If half of the lens area is wrapped in black foil, what will be observed on the image screen?","The image remains completely intact and full. Every exposed portion of the lens refracts light rays from all parts of the object. Covering half the lens reduces the light energy transmitted, decreasing brightness without cropping.",Half of the image disappears from the screen since 50% of the lens is covered with black paper.,MISC-OPT-001: Half-Lens Blocking Fallacy,conceptual_misconception,High,"Believes covering half the lens cuts the image in half, misunderstanding that every point on the lens receives light from every point on the object.",True,ray_diagram,Convex lens with lower half covered by black opaque cardboard. Object placed beyond 2F forms a complete real inverted image on the screen with reduced brightness.,val
REC-00005,PHY-Class10-01-0005,OPTICS_HALF_LENS_BLOCKING,Class 10,Light – Reflection and Refraction,Image Formation and Aperture of Convex Lens,A student forms a sharp image of a lighted candle on a screen using a convex lens of focal length 12 cm. The lower half of the lens is now covered with black paper. What happens to the image on the screen?,"The image remains completely intact and full. Every exposed portion of the lens refracts light rays from all parts of the object. Covering half the lens reduces the light energy transmitted, decreasing brightness without cropping.",The screen will show only the lower portion of the image because light from the upper half cannot get through.,MISC-OPT-001: Half-Lens Blocking Fallacy,conceptual_misconception,High,"Believes covering half the lens cuts the image in half, misunderstanding that every point on the lens receives light from every point on the object.",True,ray_diagram,Convex lens with lower half covered by black opaque cardboard. Object placed beyond 2F forms a complete real inverted image on the screen with reduced brightness.,test
REC-00006,PHY-Class10-01-0006,OPTICS_HALF_LENS_BLOCKING,Class 10,Light – Reflection and Refraction,Image Formation and Aperture of Convex Lens,"A converging lens of focal length 18 cm projects an image of an illuminated slide. If the upper half of the lens is blocked by an opaque cover, describe the change in the projected image.","The image remains completely intact and full. Every exposed portion of the lens refracts light rays from all parts of the object. Covering half the lens reduces the light energy transmitted, decreasing brightness without cropping.",The top half of the candle image is completely missing because the bottom half of the lens is covered.,MISC-OPT-001: Half-Lens Blocking Fallacy,conceptual_misconception,High,"Believes covering half the lens cuts the image in half, misunderstanding that every point on the lens receives light from every point on the object.",True,ray_diagram,Convex lens with lower half covered by black opaque cardboard. Object placed beyond 2F forms a complete real inverted image on the screen with reduced brightness.,train
REC-00007,PHY-Class10-01-0007,OPTICS_HALF_LENS_BLOCKING,Class 10,Light – Reflection and Refraction,Image Formation and Aperture of Convex Lens,An experimenter covers 50% of a convex lens with black tape. How does this affect the image formed by the lens on a viewing card?,"The image remains completely intact and full. Every exposed portion of the lens refracts light rays from all parts of the object. Covering half the lens reduces the light energy transmitted, decreasing brightness without cropping.",Only half the image will appear on the screen because blocking half the glass blocks half the picture.,MISC-OPT-001: Half-Lens Blocking Fallacy,conceptual_misconception,High,"Believes covering half the lens cuts the image in half, misunderstanding that every point on the lens receives light from every point on the object.",True,ray_diagram,Convex lens with lower half covered by black opaque cardboard. Object placed beyond 2F forms a complete real inverted image on the screen with reduced brightness.,train
REC-00008,PHY-Class10-01-0008,OPTICS_HALF_LENS_BLOCKING,Class 10,Light – Reflection and Refraction,Image Formation and Aperture of Convex Lens,"A ray optics setup uses a convex lens of focal length 20 cm. If half of the lens area is wrapped in black foil, what will be observed on the image screen?","The image remains completely intact and full. Every exposed portion of the lens refracts light rays from all parts of the object. Covering half the lens reduces the light energy transmitted, decreasing brightness without cropping.","The bottom rays are blocked, so only the top half of the object can be focused.",MISC-OPT-001: Half-Lens Blocking Fallacy,conceptual_misconception,High,"Believes covering half the lens cuts the image in half, misunderstanding that every point on the lens receives light from every point on the object.",True,ray_diagram,Convex lens with lower half covered by black opaque cardboard. Object placed beyond 2F forms a complete real inverted image on the screen with reduced brightness.,test
REC-00009,PHY-Class10-01-0009,OPTICS_HALF_LENS_BLOCKING,Class 10,Light – Reflection and Refraction,Image Formation and Aperture of Convex Lens,A student forms a sharp image of a lighted candle on a screen using a convex lens of focal length 10 cm. The lower half of the lens is now covered with black paper. What happens to the image on the screen?,"The image remains completely intact and full. Every exposed portion of the lens refracts light rays from all parts of the object. Covering half the lens reduces the light energy transmitted, decreasing brightness without cropping.",Half of the image disappears from the screen since 50% of the lens is covered with black paper.,MISC-OPT-001: Half-Lens Blocking Fallacy,conceptual_misconception,High,"Believes covering half the lens cuts the image in half, misunderstanding that every point on the lens receives light from every point on the object.",True,ray_diagram,Convex lens with lower half covered by black opaque cardboard. Object placed beyond 2F forms a complete real inverted image on the screen with reduced brightness.,train
REC-00010,PHY-Class10-01-0010,OPTICS_HALF_LENS_BLOCKING,Class 10,Light – Reflection and Refraction,Image Formation and Aperture of Convex Lens,"A converging lens of focal length 25 cm projects an image of an illuminated slide. If the upper half of the lens is blocked by an opaque cover, describe the change in the projected image.","The image remains completely intact and full. Every exposed portion of the lens refracts light rays from all parts of the object. Covering half the lens reduces the light energy transmitted, decreasing brightness without cropping.",The screen will show only the lower portion of the image because light from the upper half cannot get through.,MISC-OPT-001: Half-Lens Blocking Fallacy,conceptual_misconception,High,"Believes covering half the lens cuts the image in half, misunderstanding that every point on the lens receives light from every point on the object.",True,ray_diagram,Convex lens with lower half covered by black opaque cardboard. Object placed beyond 2F forms a complete real inverted image on the screen with reduced brightness.,train
REC-00011,PHY-Class10-01-0011,OPTICS_HALF_LENS_BLOCKING,Class 10,Light – Reflection and Refraction,Image Formation and Aperture of Convex Lens,An experimenter covers 50% of a convex lens with black tape. How does this affect the image formed by the lens on a viewing card?,"The image remains completely intact and full. Every exposed portion of the lens refracts light rays from all parts of the object. Covering half the lens reduces the light energy transmitted, decreasing brightness without cropping.",The top half of the candle image is completely missing because the bottom half of the lens is covered.,MISC-OPT-001: Half-Lens Blocking Fallacy,conceptual_misconception,High,"Believes covering half the lens cuts the image in half, misunderstanding that every point on the lens receives light from every point on the object.",True,ray_diagram,Convex lens with lower half covered by black opaque cardboard. Object placed beyond 2F forms a complete real inverted image on the screen with reduced brightness.,train
REC-00012,PHY-Class10-01-0012,OPTICS_HALF_LENS_BLOCKING,Class 10,Light – Reflection and Refraction,Image Formation and Aperture of Convex Lens,"A ray optics setup uses a convex lens of focal length 18 cm. If half of the lens area is wrapped in black foil, what will be observed on the image screen?","The image remains completely intact and full. Every exposed portion of the lens refracts light rays from all parts of the object. Covering half the lens reduces the light energy transmitted, decreasing brightness without cropping.",Only half the image will appear on the screen because blocking half the glass blocks half the picture.,MISC-OPT-001: Half-Lens Blocking Fallacy,conceptual_misconception,High,"Believes covering half the lens cuts the image in half, misunderstanding that every point on the lens receives light from every point on the object.",True,ray_diagram,Convex lens with lower half covered by black opaque cardboard. Object placed beyond 2F forms a complete real inverted image on the screen with reduced brightness.,train
REC-00013,PHY-Class10-01-0013,OPTICS_HALF_LENS_BLOCKING,Class 10,Light – Reflection and Refraction,Image Formation and Aperture of Convex Lens,A student forms a sharp image of a lighted candle on a screen using a convex lens of focal length 15 cm. The lower half of the lens is now covered with black paper. What happens to the image on the screen?,"The image remains completely intact and full. Every exposed portion of the lens refracts light rays from all parts of the object. Covering half the lens reduces the light energy transmitted, decreasing brightness without cropping.","The bottom rays are blocked, so only the top half of the object can be focused.",MISC-OPT-001: Half-Lens Blocking Fallacy,conceptual_misconception,High,"Believes covering half the lens cuts the image in half, misunderstanding that every point on the lens receives light from every point on the object.",True,ray_diagram,Convex lens with lower half covered by black opaque cardboard. Object placed beyond 2F forms a complete real inverted image on the screen with reduced brightness.,train
REC-00014,PHY-Class10-01-0014,OPTICS_HALF_LENS_BLOCKING,Class 10,Light – Reflection and Refraction,Image Formation and Aperture of Convex Lens,"A converging lens of focal length 20 cm projects an image of an illuminated slide. If the upper half of the lens is blocked by an opaque cover, describe the change in the projected image.","The image remains completely intact and full. Every exposed portion of the lens refracts light rays from all parts of the object. Covering half the lens reduces the light energy transmitted, decreasing brightness without cropping.",Half of the image disappears from the screen since 50% of the lens is covered with black paper.,MISC-OPT-001: Half-Lens Blocking Fallacy,conceptual_misconception,High,"Believes covering half the lens cuts the image in half, misunderstanding that every point on the lens receives light from every point on the object.",True,ray_diagram,Convex lens with lower half covered by black opaque cardboard. Object placed beyond 2F forms a complete real inverted image on the screen with reduced brightness.,train
REC-00015,PHY-Class10-01-0015,OPTICS_HALF_LENS_BLOCKING,Class 10,Light – Reflection and Refraction,Image Formation and Aperture of Convex Lens,An experimenter covers 50% of a convex lens with black tape. How does this affect the image formed by the lens on a viewing card?,"The image remains completely intact and full. Every exposed portion of the lens refracts light rays from all parts of the object. Covering half the lens reduces the light energy transmitted, decreasing brightness without cropping.",The screen will show only the lower portion of the image because light from the upper half cannot get through.,MISC-OPT-001: Half-Lens Blocking Fallacy,conceptual_misconception,High,"Believes covering half the lens cuts the image in half, misunderstanding that every point on the lens receives light from every point on the object.",True,ray_diagram,Convex lens with lower half covered by black opaque cardboard. Object placed beyond 2F forms a complete real inverted image on the screen with reduced brightness.,test
REC-00016,PHY-Class10-01-0016,OPTICS_HALF_LENS_BLOCKING,Class 10,Light – Reflection and Refraction,Image Formation and Aperture of Convex Lens,"A ray optics setup uses a convex lens of focal length 25 cm. If half of the lens area is wrapped in black foil, what will be observed on the image screen?","The image remains completely intact and full. Every exposed portion of the lens refracts light rays from all parts of the object. Covering half the lens reduces the light energy transmitted, decreasing brightness without cropping.",The top half of the candle image is completely missing because the bottom half of the lens is covered.,MISC-OPT-001: Half-Lens Blocking Fallacy,conceptual_misconception,High,"Believes covering half the lens cuts the image in half, misunderstanding that every point on the lens receives light from every point on the object.",True,ray_diagram,Convex lens with lower half covered by black opaque cardboard. Object placed beyond 2F forms a complete real inverted image on the screen with reduced brightness.,test
REC-00017,PHY-Class10-01-0017,OPTICS_HALF_LENS_BLOCKING,Class 10,Light – Reflection and Refraction,Image Formation and Aperture of Convex Lens,A student forms a sharp image of a lighted candle on a screen using a convex lens of focal length 12 cm. The lower half of the lens is now covered with black paper. What happens to the image on the screen?,"The image remains completely intact and full. Every exposed portion of the lens refracts light rays from all parts of the object. Covering half the lens reduces the light energy transmitted, decreasing brightness without cropping.",Only half the image will appear on the screen because blocking half the glass blocks half the picture.,MISC-OPT-001: Half-Lens Blocking Fallacy,conceptual_misconception,High,"Believes covering half the lens cuts the image in half, misunderstanding that every point on the lens receives light from every point on the object.",True,ray_diagram,Convex lens with lower half covered by black opaque cardboard. Object placed beyond 2F forms a complete real inverted image on the screen with reduced brightness.,train
REC-00018,PHY-Class10-01-0018,OPTICS_HALF_LENS_BLOCKING,Class 10,Light – Reflection and Refraction,Image Formation and Aperture of Convex Lens,"A converging lens of focal length 18 cm projects an image of an illuminated slide. If the upper half of the lens is blocked by an opaque cover, describe the change in the projected image.","The image remains completely intact and full. Every exposed portion of the lens refracts light rays from all parts of the object. Covering half the lens reduces the light energy transmitted, decreasing brightness without cropping.","The bottom rays are blocked, so only the top half of the object can be focused.",MISC-OPT-001: Half-Lens Blocking Fallacy,conceptual_misconception,High,"Believes covering half the lens cuts the image in half, misunderstanding that every point on the lens receives light from every point on the object.",True,ray_diagram,Convex lens with lower half covered by black opaque cardboard. Object placed beyond 2F forms a complete real inverted image on the screen with reduced brightness.,test
REC-00019,PHY-Class10-01-0019,OPTICS_HALF_LENS_BLOCKING,Class 10,Light – Reflection and Refraction,Image Formation and Aperture of Convex Lens,An experimenter covers 50% of a convex lens with black tape. How does this affect the image formed by the lens on a viewing card?,"The image remains completely intact and full. Every exposed portion of the lens refracts light rays from all parts of the object. Covering half the lens reduces the light energy transmitted, decreasing brightness without cropping.",Half of the image disappears from the screen since 50% of the lens is covered with black paper.,MISC-OPT-001: Half-Lens Blocking Fallacy,conceptual_misconception,High,"Believes covering half the lens cuts the image in half, misunderstanding that every point on the lens receives light from every point on the object.",True,ray_diagram,Convex lens with lower half covered by black opaque cardboard. Object placed beyond 2F forms a complete real inverted image on the screen with reduced brightness.,train
REC-00020,PHY-Class10-01-0020,OPTICS_HALF_LENS_BLOCKING,Class 10,Light – Reflection and Refraction,Image Formation and Aperture of Convex Lens,"A ray optics setup uses a convex lens of focal length 20 cm. If half of the lens area is wrapped in black foil, what will be observed on the image screen?","The image remains completely intact and full. Every exposed portion of the lens refracts light rays from all parts of the object. Covering half the lens reduces the light energy transmitted, decreasing brightness without cropping.",The screen will show only the lower portion of the image because light from the upper half cannot get through.,MISC-OPT-001: Half-Lens Blocking Fallacy,conceptual_misconception,High,"Believes covering half the lens cuts the image in half, misunderstanding that every point on the lens receives light from every point on the object.",True,ray_diagram,Convex lens with lower half covered by black opaque cardboard. Object placed beyond 2F forms a complete real inverted image on the screen with reduced brightness.,train
REC-00021,PHY-Class10-01-0021,OPTICS_HALF_LENS_BLOCKING,Class 10,Light – Reflection and Refraction,Image Formation and Aperture of Convex Lens,A student forms a sharp image of a lighted candle on a screen using a convex lens of focal length 10 cm. The lower half of the lens is now covered with black paper. What happens to the image on the screen?,"The image remains completely intact and full. Every exposed portion of the lens refracts light rays from all parts of the object. Covering half the lens reduces the light energy transmitted, decreasing brightness without cropping.",The top half of the candle image is completely missing because the bottom half of the lens is covered.,MISC-OPT-001: Half-Lens Blocking Fallacy,conceptual_misconception,High,"Believes covering half the lens cuts the image in half, misunderstanding that every point on the lens receives light from every point on the object.",True,ray_diagram,Convex lens with lower half covered by black opaque cardboard. Object placed beyond 2F forms a complete real inverted image on the screen with reduced brightness.,train
REC-00022,PHY-Class10-01-0022,OPTICS_HALF_LENS_BLOCKING,Class 10,Light – Reflection and Refraction,Image Formation and Aperture of Convex Lens,"A converging lens of focal length 25 cm projects an image of an illuminated slide. If the upper half of the lens is blocked by an opaque cover, describe the change in the projected image.","The image remains completely intact and full. Every exposed portion of the lens refracts light rays from all parts of the object. Covering half the lens reduces the light energy transmitted, decreasing brightness without cropping.",Only half the image will appear on the screen because blocking half the glass blocks half the picture.,MISC-OPT-001: Half-Lens Blocking Fallacy,conceptual_misconception,High,"Believes covering half the lens cuts the image in half, misunderstanding that every point on the lens receives light from every point on the object.",True,ray_diagram,Convex lens with lower half covered by black opaque cardboard. Object placed beyond 2F forms a complete real inverted image on the screen with reduced brightness.,val
REC-00023,PHY-Class10-01-0023,OPTICS_HALF_LENS_BLOCKING,Class 10,Light – Reflection and Refraction,Image Formation and Aperture of Convex Lens,An experimenter covers 50% of a convex lens with black tape. How does this affect the image formed by the lens on a viewing card?,"The image remains completely intact and full. Every exposed portion of the lens refracts light rays from all parts of the object. Covering half the lens reduces the light energy transmitted, decreasing brightness without cropping.","The bottom rays are blocked, so only the top half of the object can be focused.",MISC-OPT-001: Half-Lens Blocking Fallacy,conceptual_misconception,High,"Believes covering half the lens cuts the image in half, misunderstanding that every point on the lens receives light from every point on the object.",True,ray_diagram,Convex lens with lower half covered by black opaque cardboard. Object placed beyond 2F forms a complete real inverted image on the screen with reduced brightness.,train
REC-00024,PHY-Class10-01-0024,OPTICS_HALF_LENS_BLOCKING,Class 10,Light – Reflection and Refraction,Image Formation and Aperture of Convex Lens,"A ray optics setup uses a convex lens of focal length 18 cm. If half of the lens area is wrapped in black foil, what will be observed on the image screen?","The image remains completely intact and full. Every exposed portion of the lens refracts light rays from all parts of the object. Covering half the lens reduces the light energy transmitted, decreasing brightness without cropping.",Half of the image disappears from the screen since 50% of the lens is covered with black paper.,MISC-OPT-001: Half-Lens Blocking Fallacy,conceptual_misconception,High,"Believes covering half the lens cuts the image in half, misunderstanding that every point on the lens receives light from every point on the object.",True,ray_diagram,Convex lens with lower half covered by black opaque cardboard. Object placed beyond 2F forms a complete real inverted image on the screen with reduced brightness.,val
REC-00025,PHY-Class10-01-0025,OPTICS_HALF_LENS_BLOCKING,Class 10,Light – Reflection and Refraction,Image Formation and Aperture of Convex Lens,A student forms a sharp image of a lighted candle on a screen using a convex lens of focal length 15 cm. The lower half of the lens is now covered with black paper. What happens to the image on the screen?,"The image remains completely intact and full. Every exposed portion of the lens refracts light rays from all parts of the object. Covering half the lens reduces the light energy transmitted, decreasing brightness without cropping.",The screen will show only the lower portion of the image because light from the upper half cannot get through.,MISC-OPT-001: Half-Lens Blocking Fallacy,conceptual_misconception,High,"Believes covering half the lens cuts the image in half, misunderstanding that every point on the lens receives light from every point on the object.",True,ray_diagram,Convex lens with lower half covered by black opaque cardboard. Object placed beyond 2F forms a complete real inverted image on the screen with reduced brightness.,train
REC-00026,PHY-Class10-01-0026,OPTICS_HALF_LENS_BLOCKING,Class 10,Light – Reflection and Refraction,Image Formation and Aperture of Convex Lens,"A converging lens of focal length 20 cm projects an image of an illuminated slide. If the upper half of the lens is blocked by an opaque cover, describe the change in the projected image.","The image remains completely intact and full. Every exposed portion of the lens refracts light rays from all parts of the object. Covering half the lens reduces the light energy transmitted, decreasing brightness without cropping.",The top half of the candle image is completely missing because the bottom half of the lens is covered.,MISC-OPT-001: Half-Lens Blocking Fallacy,conceptual_misconception,High,"Believes covering half the lens cuts the image in half, misunderstanding that every point on the lens receives light from every point on the object.",True,ray_diagram,Convex lens with lower half covered by black opaque cardboard. Object placed beyond 2F forms a complete real inverted image on the screen with reduced brightness.,train
REC-00027,PHY-Class10-01-0027,OPTICS_HALF_LENS_BLOCKING,Class 10,Light – Reflection and Refraction,Image Formation and Aperture of Convex Lens,An experimenter covers 50% of a convex lens with black tape. How does this affect the image formed by the lens on a viewing card?,"The image remains completely intact and full. Every exposed portion of the lens refracts light rays from all parts of the object. Covering half the lens reduces the light energy transmitted, decreasing brightness without cropping.",Only half the image will appear on the screen because blocking half the glass blocks half the picture.,MISC-OPT-001: Half-Lens Blocking Fallacy,conceptual_misconception,High,"Believes covering half the lens cuts the image in half, misunderstanding that every point on the lens receives light from every point on the object.",True,ray_diagram,Convex lens with lower half covered by black opaque cardboard. Object placed beyond 2F forms a complete real inverted image on the screen with reduced brightness.,train
REC-00028,PHY-Class10-01-0028,OPTICS_HALF_LENS_BLOCKING,Class 10,Light – Reflection and Refraction,Image Formation and Aperture of Convex Lens,"A ray optics setup uses a convex lens of focal length 25 cm. If half of the lens area is wrapped in black foil, what will be observed on the image screen?","The image remains completely intact and full. Every exposed portion of the lens refracts light rays from all parts of the object. Covering half the lens reduces the light energy transmitted, decreasing brightness without cropping.","The bottom rays are blocked, so only the top half of the object can be focused.",MISC-OPT-001: Half-Lens Blocking Fallacy,conceptual_misconception,High,"Believes covering half the lens cuts the image in half, misunderstanding that every point on the lens receives light from every point on the object.",True,ray_diagram,Convex lens with lower half covered by black opaque cardboard. Object placed beyond 2F forms a complete real inverted image on the screen with reduced brightness.,train
REC-00029,PHY-Class10-01-0029,OPTICS_HALF_LENS_BLOCKING,Class 10,Light – Reflection and Refraction,Image Formation and Aperture of Convex Lens,A student forms a sharp image of a lighted candle on a screen using a convex lens of focal length 12 cm. The lower half of the lens is now covered with black paper. What happens to the image on the screen?,"The image remains completely intact and full. Every exposed portion of the lens refracts light rays from all parts of the object. Covering half the lens reduces the light energy transmitted, decreasing brightness without cropping.",Half of the image disappears from the screen since 50% of the lens is covered with black paper.,MISC-OPT-001: Half-Lens Blocking Fallacy,conceptual_misconception,High,"Believes covering half the lens cuts the image in half, misunderstanding that every point on the lens receives light from every point on the object.",True,ray_diagram,Convex lens with lower half covered by black opaque cardboard. Object placed beyond 2F forms a complete real inverted image on the screen with reduced brightness.,train
REC-00030,PHY-Class10-01-0030,OPTICS_HALF_LENS_BLOCKING,Class 10,Light – Reflection and Refraction,Image Formation and Aperture of Convex Lens,"A converging lens of focal length 18 cm projects an image of an illuminated slide. If the upper half of the lens is blocked by an opaque cover, describe the change in the projected image.","The image remains completely intact and full. Every exposed portion of the lens refracts light rays from all parts of the object. Covering half the lens reduces the light energy transmitted, decreasing brightness without cropping.",The screen will show only the lower portion of the image because light from the upper half cannot get through.,MISC-OPT-001: Half-Lens Blocking Fallacy,conceptual_misconception,High,"Believes covering half the lens cuts the image in half, misunderstanding that every point on the lens receives light from every point on the object.",True,ray_diagram,Convex lens with lower half covered by black opaque cardboard. Object placed beyond 2F forms a complete real inverted image on the screen with reduced brightness.,val
REC-00031,PHY-Class10-01-0031,OPTICS_HALF_LENS_BLOCKING,Class 10,Light – Reflection and Refraction,Image Formation and Aperture of Convex Lens,An experimenter covers 50% of a convex lens with black tape. How does this affect the image formed by the lens on a viewing card?,"The image remains completely intact and full. Every exposed portion of the lens refracts light rays from all parts of the object. Covering half the lens reduces the light energy transmitted, decreasing brightness without cropping.",The top half of the candle image is completely missing because the bottom half of the lens is covered.,MISC-OPT-001: Half-Lens Blocking Fallacy,conceptual_misconception,High,"Believes covering half the lens cuts the image in half, misunderstanding that every point on the lens receives light from every point on the object.",True,ray_diagram,Convex lens with lower half covered by black opaque cardboard. Object placed beyond 2F forms a complete real inverted image on the screen with reduced brightness.,train
REC-00032,PHY-Class10-01-0032,OPTICS_HALF_LENS_BLOCKING,Class 10,Light – Reflection and Refraction,Image Formation and Aperture of Convex Lens,"A ray optics setup uses a convex lens of focal length 20 cm. If half of the lens area is wrapped in black foil, what will be observed on the image screen?","The image remains completely intact and full. Every exposed portion of the lens refracts light rays from all parts of the object. Covering half the lens reduces the light energy transmitted, decreasing brightness without cropping.",Only half the image will appear on the screen because blocking half the glass blocks half the picture.,MISC-OPT-001: Half-Lens Blocking Fallacy,conceptual_misconception,High,"Believes covering half the lens cuts the image in half, misunderstanding that every point on the lens receives light from every point on the object.",True,ray_diagram,Convex lens with lower half covered by black opaque cardboard. Object placed beyond 2F forms a complete real inverted image on the screen with reduced brightness.,train
REC-00033,PHY-Class10-01-0033,OPTICS_HALF_LENS_BLOCKING,Class 10,Light – Reflection and Refraction,Image Formation and Aperture of Convex Lens,A student forms a sharp image of a lighted candle on a screen using a convex lens of focal length 10 cm. The lower half of the lens is now covered with black paper. What happens to the image on the screen?,"The image remains completely intact and full. Every exposed portion of the lens refracts light rays from all parts of the object. Covering half the lens reduces the light energy transmitted, decreasing brightness without cropping.","The bottom rays are blocked, so only the top half of the object can be focused.",MISC-OPT-001: Half-Lens Blocking Fallacy,conceptual_misconception,High,"Believes covering half the lens cuts the image in half, misunderstanding that every point on the lens receives light from every point on the object.",True,ray_diagram,Convex lens with lower half covered by black opaque cardboard. Object placed beyond 2F forms a complete real inverted image on the screen with reduced brightness.,train
REC-00034,PHY-Class10-01-0034,OPTICS_HALF_LENS_BLOCKING,Class 10,Light – Reflection and Refraction,Image Formation and Aperture of Convex Lens,"A converging lens of focal length 25 cm projects an image of an illuminated slide. If the upper half of the lens is blocked by an opaque cover, describe the change in the projected image.","The image remains completely intact and full. Every exposed portion of the lens refracts light rays from all parts of the object. Covering half the lens reduces the light energy transmitted, decreasing brightness without cropping.",Half of the image disappears from the screen since 50% of the lens is covered with black paper.,MISC-OPT-001: Half-Lens Blocking Fallacy,conceptual_misconception,High,"Believes covering half the lens cuts the image in half, misunderstanding that every point on the lens receives light from every point on the object.",True,ray_diagram,Convex lens with lower half covered by black opaque cardboard. Object placed beyond 2F forms a complete real inverted image on the screen with reduced brightness.,val
REC-00035,PHY-Class10-01-0035,OPTICS_HALF_LENS_BLOCKING,Class 10,Light – Reflection and Refraction,Image Formation and Aperture of Convex Lens,An experimenter covers 50% of a convex lens with black tape. How does this affect the image formed by the lens on a viewing card?,"The image remains completely intact and full. Every exposed portion of the lens refracts light rays from all parts of the object. Covering half the lens reduces the light energy transmitted, decreasing brightness without cropping.",The screen will show only the lower portion of the image because light from the upper half cannot get through.,MISC-OPT-001: Half-Lens Blocking Fallacy,conceptual_misconception,High,"Believes covering half the lens cuts the image in half, misunderstanding that every point on the lens receives light from every point on the object.",True,ray_diagram,Convex lens with lower half covered by black opaque cardboard. Object placed beyond 2F forms a complete real inverted image on the screen with reduced brightness.,train
REC-00036,PHY-Class10-01-0036,OPTICS_HALF_LENS_BLOCKING,Class 10,Light – Reflection and Refraction,Image Formation and Aperture of Convex Lens,"A ray optics setup uses a convex lens of focal length 18 cm. If half of the lens area is wrapped in black foil, what will be observed on the image screen?","The image remains completely intact and full. Every exposed portion of the lens refracts light rays from all parts of the object. Covering half the lens reduces the light energy transmitted, decreasing brightness without cropping.",The top half of the candle image is completely missing because the bottom half of the lens is covered.,MISC-OPT-001: Half-Lens Blocking Fallacy,conceptual_misconception,High,"Believes covering half the lens cuts the image in half, misunderstanding that every point on the lens receives light from every point on the object.",True,ray_diagram,Convex lens with lower half covered by black opaque cardboard. Object placed beyond 2F forms a complete real inverted image on the screen with reduced brightness.,train
REC-00037,PHY-Class10-01-0037,OPTICS_HALF_LENS_BLOCKING,Class 10,Light – Reflection and Refraction,Image Formation and Aperture of Convex Lens,A student forms a sharp image of a lighted candle on a screen using a convex lens of focal length 15 cm. The lower half of the lens is now covered with black paper. What happens to the image on the screen?,"The image remains completely intact and full. Every exposed portion of the lens refracts light rays from all parts of the object. Covering half the lens reduces the light energy transmitted, decreasing brightness without cropping.","The complete image is still formed on the screen, but its brightness is reduced by half because each point on the lens receives light from all parts of the object.",CORRECT: Scientifically Accurate Response,no_error,High,Rigorous scientific reasoning with valid physical principles and mathematical steps.,True,ray_diagram,Convex lens with lower half covered by black opaque cardboard. Object placed beyond 2F forms a complete real inverted image on the screen with reduced brightness.,train
REC-00038,PHY-Class10-01-0038,OPTICS_HALF_LENS_BLOCKING,Class 10,Light – Reflection and Refraction,Image Formation and Aperture of Convex Lens,"A converging lens of focal length 20 cm projects an image of an illuminated slide. If the upper half of the lens is blocked by an opaque cover, describe the change in the projected image.","The image remains completely intact and full. Every exposed portion of the lens refracts light rays from all parts of the object. Covering half the lens reduces the light energy transmitted, decreasing brightness without cropping.",The image remains whole and complete; only the intensity of light decreases because the effective aperture area is halved.,CORRECT: Scientifically Accurate Response,no_error,High,Rigorous scientific reasoning with valid physical principles and mathematical steps.,True,ray_diagram,Convex lens with lower half covered by black opaque cardboard. Object placed beyond 2F forms a complete real inverted image on the screen with reduced brightness.,train
REC-00039,PHY-Class10-01-0039,OPTICS_HALF_LENS_BLOCKING,Class 10,Light – Reflection and Refraction,Image Formation and Aperture of Convex Lens,An experimenter covers 50% of a convex lens with black tape. How does this affect the image formed by the lens on a viewing card?,"The image remains completely intact and full. Every exposed portion of the lens refracts light rays from all parts of the object. Covering half the lens reduces the light energy transmitted, decreasing brightness without cropping.","Full image is formed, but it becomes dimmer because fewer light rays reach the screen.",CORRECT: Scientifically Accurate Response,no_error,High,Rigorous scientific reasoning with valid physical principles and mathematical steps.,True,ray_diagram,Convex lens with lower half covered by black opaque cardboard. Object placed beyond 2F forms a complete real inverted image on the screen with reduced brightness.,val
REC-00040,PHY-Class10-01-0040,OPTICS_HALF_LENS_BLOCKING,Class 10,Light – Reflection and Refraction,Image Formation and Aperture of Convex Lens,"A ray optics setup uses a convex lens of focal length 25 cm. If half of the lens area is wrapped in black foil, what will be observed on the image screen?","The image remains completely intact and full. Every exposed portion of the lens refracts light rays from all parts of the object. Covering half the lens reduces the light energy transmitted, decreasing brightness without cropping.","The complete image is still formed on the screen, but its brightness is reduced by half because each point on the lens receives light from all parts of the object.",CORRECT: Scientifically Accurate Response,no_error,High,Rigorous scientific reasoning with valid physical principles and mathematical steps.,True,ray_diagram,Convex lens with lower half covered by black opaque cardboard. Object placed beyond 2F forms a complete real inverted image on the screen with reduced brightness.,val
REC-00041,PHY-Class10-01-0041,OPTICS_HALF_LENS_BLOCKING,Class 10,Light – Reflection and Refraction,Image Formation and Aperture of Convex Lens,A student forms a sharp image of a lighted candle on a screen using a convex lens of focal length 12 cm. The lower half of the lens is now covered with black paper. What happens to the image on the screen?,"The image remains completely intact and full. Every exposed portion of the lens refracts light rays from all parts of the object. Covering half the lens reduces the light energy transmitted, decreasing brightness without cropping.",The image remains whole and complete; only the intensity of light decreases because the effective aperture area is halved.,CORRECT: Scientifically Accurate Response,no_error,High,Rigorous scientific reasoning with valid physical principles and mathematical steps.,True,ray_diagram,Convex lens with lower half covered by black opaque cardboard. Object placed beyond 2F forms a complete real inverted image on the screen with reduced brightness.,test
REC-00042,PHY-Class10-01-0042,OPTICS_HALF_LENS_BLOCKING,Class 10,Light – Reflection and Refraction,Image Formation and Aperture of Convex Lens,"A converging lens of focal length 18 cm projects an image of an illuminated slide. If the upper half of the lens is blocked by an opaque cover, describe the change in the projected image.","The image remains completely intact and full. Every exposed portion of the lens refracts light rays from all parts of the object. Covering half the lens reduces the light energy transmitted, decreasing brightness without cropping.","Full image is formed, but it becomes dimmer because fewer light rays reach the screen.",CORRECT: Scientifically Accurate Response,no_error,High,Rigorous scientific reasoning with valid physical principles and mathematical steps.,True,ray_diagram,Convex lens with lower half covered by black opaque cardboard. Object placed beyond 2F forms a complete real inverted image on the screen with reduced brightness.,test
REC-00043,PHY-Class10-01-0043,OPTICS_HALF_LENS_BLOCKING,Class 10,Light – Reflection and Refraction,Image Formation and Aperture of Convex Lens,An experimenter covers 50% of a convex lens with black tape. How does this affect the image formed by the lens on a viewing card?,"The image remains completely intact and full. Every exposed portion of the lens refracts light rays from all parts of the object. Covering half the lens reduces the light energy transmitted, decreasing brightness without cropping.","The complete image is still formed on the screen, but its brightness is reduced by half because each point on the lens receives light from all parts of the object.",CORRECT: Scientifically Accurate Response,no_error,High,Rigorous scientific reasoning with valid physical principles and mathematical steps.,True,ray_diagram,Convex lens with lower half covered by black opaque cardboard. Object placed beyond 2F forms a complete real inverted image on the screen with reduced brightness.,train
REC-00044,PHY-Class10-01-0044,OPTICS_HALF_LENS_BLOCKING,Class 10,Light – Reflection and Refraction,Image Formation and Aperture of Convex Lens,"A ray optics setup uses a convex lens of focal length 20 cm. If half of the lens area is wrapped in black foil, what will be observed on the image screen?","The image remains completely intact and full. Every exposed portion of the lens refracts light rays from all parts of the object. Covering half the lens reduces the light energy transmitted, decreasing brightness without cropping.",The image remains whole and complete; only the intensity of light decreases because the effective aperture area is halved.,CORRECT: Scientifically Accurate Response,no_error,High,Rigorous scientific reasoning with valid physical principles and mathematical steps.,True,ray_diagram,Convex lens with lower half covered by black opaque cardboard. Object placed beyond 2F forms a complete real inverted image on the screen with reduced brightness.,train
REC-00045,PHY-Class10-01-0045,OPTICS_HALF_LENS_BLOCKING,Class 10,Light – Reflection and Refraction,Image Formation and Aperture of Convex Lens,A student forms a sharp image of a lighted candle on a screen using a convex lens of focal length 10 cm. The lower half of the lens is now covered with black paper. What happens to the image on the screen?,"The image remains completely intact and full. Every exposed portion of the lens refracts light rays from all parts of the object. Covering half the lens reduces the light energy transmitted, decreasing brightness without cropping.","Full image is formed, but it becomes dimmer because fewer light rays reach the screen.",CORRECT: Scientifically Accurate Response,no_error,High,Rigorous scientific reasoning with valid physical principles and mathematical steps.,True,ray_diagram,Convex lens with lower half covered by black opaque cardboard. Object placed beyond 2F forms a complete real inverted image on the screen with reduced brightness.,train
REC-00046,PHY-Class10-01-0046,OPTICS_HALF_LENS_BLOCKING,Class 10,Light – Reflection and Refraction,Image Formation and Aperture of Convex Lens,"A converging lens of focal length 25 cm projects an image of an illuminated slide. If the upper half of the lens is blocked by an opaque cover, describe the change in the projected image.","The image remains completely intact and full. Every exposed portion of the lens refracts light rays from all parts of the object. Covering half the lens reduces the light energy transmitted, decreasing brightness without cropping.","The complete image is still formed on the screen, but its brightness is reduced by half because each point on the lens receives light from all parts of the object.",CORRECT: Scientifically Accurate Response,no_error,High,Rigorous scientific reasoning with valid physical principles and mathematical steps.,True,ray_diagram,Convex lens with lower half covered by black opaque cardboard. Object placed beyond 2F forms a complete real inverted image on the screen with reduced brightness.,train
REC-00047,PHY-Class10-01-0047,OPTICS_HALF_LENS_BLOCKING,Class 10,Light – Reflection and Refraction,Image Formation and Aperture of Convex Lens,An experimenter covers 50% of a convex lens with black tape. How does this affect the image formed by the lens on a viewing card?,"The image remains completely intact and full. Every exposed portion of the lens refracts light rays from all parts of the object. Covering half the lens reduces the light energy transmitted, decreasing brightness without cropping.",The image remains whole and complete; only the intensity of light decreases because the effective aperture area is halved.,CORRECT: Scientifically Accurate Response,no_error,High,Rigorous scientific reasoning with valid physical principles and mathematical steps.,True,ray_diagram,Convex lens with lower half covered by black opaque cardboard. Object placed beyond 2F forms a complete real inverted image on the screen with reduced brightness.,train
REC-00048,PHY-Class10-01-0048,OPTICS_HALF_LENS_BLOCKING,Class 10,Light – Reflection and Refraction,Image Formation and Aperture of Convex Lens,"A ray optics setup uses a convex lens of focal length 18 cm. If half of the lens area is wrapped in black foil, what will be observed on the image screen?","The image remains completely intact and full. Every exposed portion of the lens refracts light rays from all parts of the object. Covering half the lens reduces the light energy transmitted, decreasing brightness without cropping.","Full image is formed, but it becomes dimmer because fewer light rays reach the screen.",CORRECT: Scientifically Accurate Response,no_error,High,Rigorous scientific reasoning with valid physical principles and mathematical steps.,True,ray_diagram,Convex lens with lower half covered by black opaque cardboard. Object placed beyond 2F forms a complete real inverted image on the screen with reduced brightness.,train
REC-00049,PHY-Class10-01-0049,OPTICS_HALF_LENS_BLOCKING,Class 10,Light – Reflection and Refraction,Image Formation and Aperture of Convex Lens,A student forms a sharp image of a lighted candle on a screen using a convex lens of focal length 15 cm. The lower half of the lens is now covered with black paper. What happens to the image on the screen?,"The image remains completely intact and full. Every exposed portion of the lens refracts light rays from all parts of the object. Covering half the lens reduces the light energy transmitted, decreasing brightness without cropping.","The image remains complete, but the focal length changes from 15 cm to 22.5 cm.",CARELESS_CALCULATION_ERROR,calculation_slip,Medium,Conceptual formula choice is correct; error is isolated to an arithmetic slip.,True,ray_diagram,Convex lens with lower half covered by black opaque cardboard. Object placed beyond 2F forms a complete real inverted image on the screen with reduced brightness.,val
REC-00050,PHY-Class10-01-0050,OPTICS_HALF_LENS_BLOCKING,Class 10,Light – Reflection and Refraction,Image Formation and Aperture of Convex Lens,"A converging lens of focal length 20 cm projects an image of an illuminated slide. If the upper half of the lens is blocked by an opaque cover, describe the change in the projected image.","The image remains completely intact and full. Every exposed portion of the lens refracts light rays from all parts of the object. Covering half the lens reduces the light energy transmitted, decreasing brightness without cropping.","Full image remains, but the magnification drops from -1.0 to -0.2 due to arithmetic error.",CARELESS_CALCULATION_ERROR,calculation_slip,Medium,Conceptual formula choice is correct; error is isolated to an arithmetic slip.,True,ray_diagram,Convex lens with lower half covered by black opaque cardboard. Object placed beyond 2F forms a complete real inverted image on the screen with reduced brightness.,train
REC-00051,PHY-Class10-01-0051,OPTICS_HALF_LENS_BLOCKING,Class 10,Light – Reflection and Refraction,Image Formation and Aperture of Convex Lens,An experimenter covers 50% of a convex lens with black tape. How does this affect the image formed by the lens on a viewing card?,"The image remains completely intact and full. Every exposed portion of the lens refracts light rays from all parts of the object. Covering half the lens reduces the light energy transmitted, decreasing brightness without cropping.","The image remains complete, but the focal length changes from 10 cm to 15.0 cm.",CARELESS_CALCULATION_ERROR,calculation_slip,Medium,Conceptual formula choice is correct; error is isolated to an arithmetic slip.,True,ray_diagram,Convex lens with lower half covered by black opaque cardboard. Object placed beyond 2F forms a complete real inverted image on the screen with reduced brightness.,test
REC-00052,PHY-Class10-01-0052,OPTICS_HALF_LENS_BLOCKING,Class 10,Light – Reflection and Refraction,Image Formation and Aperture of Convex Lens,"A ray optics setup uses a convex lens of focal length 25 cm. If half of the lens area is wrapped in black foil, what will be observed on the image screen?","The image remains completely intact and full. Every exposed portion of the lens refracts light rays from all parts of the object. Covering half the lens reduces the light energy transmitted, decreasing brightness without cropping.","Full image remains, but the magnification drops from -1.0 to -0.2 due to arithmetic error.",CARELESS_CALCULATION_ERROR,calculation_slip,Medium,Conceptual formula choice is correct; error is isolated to an arithmetic slip.,True,ray_diagram,Convex lens with lower half covered by black opaque cardboard. Object placed beyond 2F forms a complete real inverted image on the screen with reduced brightness.,train
REC-00053,PHY-Class10-01-0053,OPTICS_HALF_LENS_BLOCKING,Class 10,Light – Reflection and Refraction,Image Formation and Aperture of Convex Lens,A student forms a sharp image of a lighted candle on a screen using a convex lens of focal length 15 cm. The lower half of the lens is now covered with black paper. What happens to the image on the screen?,"The image remains completely intact and full. Every exposed portion of the lens refracts light rays from all parts of the object. Covering half the lens reduces the light energy transmitted, decreasing brightness without cropping.",The full image is formed with a brightness drop of 50 lumens/cm instead of percent.,UNIT_CONVERSION_ERROR,unit_error,High,"Numerical reasoning is sound, but units were omitted or confused with another physical quantity.",True,ray_diagram,Convex lens with lower half covered by black opaque cardboard. Object placed beyond 2F forms a complete real inverted image on the screen with reduced brightness.,test
REC-00054,PHY-Class10-01-0054,OPTICS_HALF_LENS_BLOCKING,Class 10,Light – Reflection and Refraction,Image Formation and Aperture of Convex Lens,"A converging lens of focal length 20 cm projects an image of an illuminated slide. If the upper half of the lens is blocked by an opaque cover, describe the change in the projected image.","The image remains completely intact and full. Every exposed portion of the lens refracts light rays from all parts of the object. Covering half the lens reduces the light energy transmitted, decreasing brightness without cropping.",Image is complete with illumination intensity measured in Volts instead of Lux.,UNIT_CONVERSION_ERROR,unit_error,High,"Numerical reasoning is sound, but units were omitted or confused with another physical quantity.",True,ray_diagram,Convex lens with lower half covered by black opaque cardboard. Object placed beyond 2F forms a complete real inverted image on the screen with reduced brightness.,val
REC-00055,PHY-Class10-01-0055,OPTICS_HALF_LENS_BLOCKING,Class 10,Light – Reflection and Refraction,Image Formation and Aperture of Convex Lens,An experimenter covers 50% of a convex lens with black tape. How does this affect the image formed by the lens on a viewing card?,"The image remains completely intact and full. Every exposed portion of the lens refracts light rays from all parts of the object. Covering half the lens reduces the light energy transmitted, decreasing brightness without cropping.",The full image is formed with a brightness drop of 50 lumens/cm instead of percent.,UNIT_CONVERSION_ERROR,unit_error,High,"Numerical reasoning is sound, but units were omitted or confused with another physical quantity.",True,ray_diagram,Convex lens with lower half covered by black opaque cardboard. Object placed beyond 2F forms a complete real inverted image on the screen with reduced brightness.,train
REC-00056,PHY-Class10-01-0056,OPTICS_HALF_LENS_BLOCKING,Class 10,Light – Reflection and Refraction,Image Formation and Aperture of Convex Lens,"A ray optics setup uses a convex lens of focal length 25 cm. If half of the lens area is wrapped in black foil, what will be observed on the image screen?","The image remains completely intact and full. Every exposed portion of the lens refracts light rays from all parts of the object. Covering half the lens reduces the light energy transmitted, decreasing brightness without cropping.",Image is complete with illumination intensity measured in Volts instead of Lux.,UNIT_CONVERSION_ERROR,unit_error,High,"Numerical reasoning is sound, but units were omitted or confused with another physical quantity.",True,ray_diagram,Convex lens with lower half covered by black opaque cardboard. Object placed beyond 2F forms a complete real inverted image on the screen with reduced brightness.,train
REC-00057,PHY-Class10-01-0057,OPTICS_HALF_LENS_BLOCKING,Class 10,Light – Reflection and Refraction,Image Formation and Aperture of Convex Lens,A student forms a sharp image of a lighted candle on a screen using a convex lens of focal length 15 cm. The lower half of the lens is now covered with black paper. What happens to the image on the screen?,"The image remains completely intact and full. Every exposed portion of the lens refracts light rays from all parts of the object. Covering half the lens reduces the light energy transmitted, decreasing brightness without cropping.","Maybe half the image disappears or it becomes blurry, not sure of the exact ray rule.",UNSURE_INSUFFICIENT_EVIDENCE,guessing_unclear,Low,Student response contains minimal reasoning or expresses explicit uncertainty; requires diagnostic probe.,True,ray_diagram,Convex lens with lower half covered by black opaque cardboard. Object placed beyond 2F forms a complete real inverted image on the screen with reduced brightness.,train
REC-00058,PHY-Class10-01-0058,OPTICS_HALF_LENS_BLOCKING,Class 10,Light – Reflection and Refraction,Image Formation and Aperture of Convex Lens,"A converging lens of focal length 20 cm projects an image of an illuminated slide. If the upper half of the lens is blocked by an opaque cover, describe the change in the projected image.","The image remains completely intact and full. Every exposed portion of the lens refracts light rays from all parts of the object. Covering half the lens reduces the light energy transmitted, decreasing brightness without cropping.","I guess the image might move to another position, but I am uncertain.",UNSURE_INSUFFICIENT_EVIDENCE,guessing_unclear,Low,Student response contains minimal reasoning or expresses explicit uncertainty; requires diagnostic probe.,True,ray_diagram,Convex lens with lower half covered by black opaque cardboard. Object placed beyond 2F forms a complete real inverted image on the screen with reduced brightness.,train
REC-00059,PHY-Class10-01-0059,OPTICS_HALF_LENS_BLOCKING,Class 10,Light – Reflection and Refraction,Image Formation and Aperture of Convex Lens,An experimenter covers 50% of a convex lens with black tape. How does this affect the image formed by the lens on a viewing card?,"The image remains completely intact and full. Every exposed portion of the lens refracts light rays from all parts of the object. Covering half the lens reduces the light energy transmitted, decreasing brightness without cropping.","Maybe half the image disappears or it becomes blurry, not sure of the exact ray rule.",UNSURE_INSUFFICIENT_EVIDENCE,guessing_unclear,Low,Student response contains minimal reasoning or expresses explicit uncertainty; requires diagnostic probe.,True,ray_diagram,Convex lens with lower half covered by black opaque cardboard. Object placed beyond 2F forms a complete real inverted image on the screen with reduced brightness.,test
REC-00060,PHY-Class10-01-0060,OPTICS_HALF_LENS_BLOCKING,Class 10,Light – Reflection and Refraction,Image Formation and Aperture of Convex Lens,"A ray optics setup uses a convex lens of focal length 25 cm. If half of the lens area is wrapped in black foil, what will be observed on the image screen?","The image remains completely intact and full. Every exposed portion of the lens refracts light rays from all parts of the object. Covering half the lens reduces the light energy transmitted, decreasing brightness without cropping.","I guess the image might move to another position, but I am uncertain.",UNSURE_INSUFFICIENT_EVIDENCE,guessing_unclear,Low,Student response contains minimal reasoning or expresses explicit uncertainty; requires diagnostic probe.,True,ray_diagram,Convex lens with lower half covered by black opaque cardboard. Object placed beyond 2F forms a complete real inverted image on the screen with reduced brightness.,val
REC-00061,PHY-Class10-02-0061,OPTICS_CARTESIAN_SIGN_CONVENTION,Class 10,Light – Reflection and Refraction,New Cartesian Sign Convention in Mirror Formula,"An object is placed at a distance of 30 cm in front of a concave mirror of focal length 15 cm. Using the mirror formula, calculate the image position v.","By New Cartesian Sign Convention: u = -{u} cm, f = -{f} cm. 1/f = 1/v + 1/u => 1/v = 1/f - 1/u. Image is formed at negative distance in front of mirror.",v = +15 cm because distances are always positive scalars; 1/v = 1/15 - 1/30.,MISC-OPT-004: Sign Convention Spatial Inversion,conceptual_misconception,High,"Omits negative signs for real object distance u and concave focal length f, treating distances as positive scalars.",True,ray_diagram,"Concave mirror with optical pole P at origin (0,0). Object AB located at distance u to the left of the mirror.",train
REC-00062,PHY-Class10-02-0062,OPTICS_CARTESIAN_SIGN_CONVENTION,Class 10,Light – Reflection and Refraction,New Cartesian Sign Convention in Mirror Formula,A candle is placed 40 cm from a concave spherical mirror having focal length 20 cm. Find the distance and nature of the image formed.,"By New Cartesian Sign Convention: u = -{u} cm, f = -{f} cm. 1/f = 1/v + 1/u => 1/v = 1/f - 1/u. Image is formed at negative distance in front of mirror.",Image distance v = +40 cm. I used positive values for both u and f since lengths cannot be negative.,MISC-OPT-004: Sign Convention Spatial Inversion,conceptual_misconception,High,"Omits negative signs for real object distance u and concave focal length f, treating distances as positive scalars.",True,ray_diagram,"Concave mirror with optical pole P at origin (0,0). Object AB located at distance u to the left of the mirror.",train
REC-00063,PHY-Class10-02-0063,OPTICS_CARTESIAN_SIGN_CONVENTION,Class 10,Light – Reflection and Refraction,New Cartesian Sign Convention in Mirror Formula,A pin is positioned 25 cm to the left of a concave mirror of focal length 10 cm. Determine the image distance v.,"By New Cartesian Sign Convention: u = -{u} cm, f = -{f} cm. 1/f = 1/v + 1/u => 1/v = 1/f - 1/u. Image is formed at negative distance in front of mirror.","1/v = 1/10 + 1/25 giving positive v, because the object is in front of the mirror.",MISC-OPT-004: Sign Convention Spatial Inversion,conceptual_misconception,High,"Omits negative signs for real object distance u and concave focal length f, treating distances as positive scalars.",True,ray_diagram,"Concave mirror with optical pole P at origin (0,0). Object AB located at distance u to the left of the mirror.",test
REC-00064,PHY-Class10-02-0064,OPTICS_CARTESIAN_SIGN_CONVENTION,Class 10,Light – Reflection and Refraction,New Cartesian Sign Convention in Mirror Formula,"An object is placed at a distance of 60 cm in front of a concave mirror of focal length 20 cm. Using the mirror formula, calculate the image position v.","By New Cartesian Sign Convention: u = -{u} cm, f = -{f} cm. 1/f = 1/v + 1/u => 1/v = 1/f - 1/u. Image is formed at negative distance in front of mirror.",v is positive because light travels forward from the candle to the mirror.,MISC-OPT-004: Sign Convention Spatial Inversion,conceptual_misconception,High,"Omits negative signs for real object distance u and concave focal length f, treating distances as positive scalars.",True,ray_diagram,"Concave mirror with optical pole P at origin (0,0). Object AB located at distance u to the left of the mirror.",val
REC-00065,PHY-Class10-02-0065,OPTICS_CARTESIAN_SIGN_CONVENTION,Class 10,Light – Reflection and Refraction,New Cartesian Sign Convention in Mirror Formula,A candle is placed 20 cm from a concave spherical mirror having focal length 10 cm. Find the distance and nature of the image formed.,"By New Cartesian Sign Convention: u = -{u} cm, f = -{f} cm. 1/f = 1/v + 1/u => 1/v = 1/f - 1/u. Image is formed at negative distance in front of mirror.",v = +10 cm because distances are always positive scalars; 1/v = 1/10 - 1/20.,MISC-OPT-004: Sign Convention Spatial Inversion,conceptual_misconception,High,"Omits negative signs for real object distance u and concave focal length f, treating distances as positive scalars.",True,ray_diagram,"Concave mirror with optical pole P at origin (0,0). Object AB located at distance u to the left of the mirror.",test
REC-00066,PHY-Class10-02-0066,OPTICS_CARTESIAN_SIGN_CONVENTION,Class 10,Light – Reflection and Refraction,New Cartesian Sign Convention in Mirror Formula,A pin is positioned 30 cm to the left of a concave mirror of focal length 15 cm. Determine the image distance v.,"By New Cartesian Sign Convention: u = -{u} cm, f = -{f} cm. 1/f = 1/v + 1/u => 1/v = 1/f - 1/u. Image is formed at negative distance in front of mirror.",Image distance v = +30 cm. I used positive values for both u and f since lengths cannot be negative.,MISC-OPT-004: Sign Convention Spatial Inversion,conceptual_misconception,High,"Omits negative signs for real object distance u and concave focal length f, treating distances as positive scalars.",True,ray_diagram,"Concave mirror with optical pole P at origin (0,0). Object AB located at distance u to the left of the mirror.",train
REC-00067,PHY-Class10-02-0067,OPTICS_CARTESIAN_SIGN_CONVENTION,Class 10,Light – Reflection and Refraction,New Cartesian Sign Convention in Mirror Formula,"An object is placed at a distance of 40 cm in front of a concave mirror of focal length 20 cm. Using the mirror formula, calculate the image position v.","By New Cartesian Sign Convention: u = -{u} cm, f = -{f} cm. 1/f = 1/v + 1/u => 1/v = 1/f - 1/u. Image is formed at negative distance in front of mirror.","1/v = 1/20 + 1/40 giving positive v, because the object is in front of the mirror.",MISC-OPT-004: Sign Convention Spatial Inversion,conceptual_misconception,High,"Omits negative signs for real object distance u and concave focal length f, treating distances as positive scalars.",True,ray_diagram,"Concave mirror with optical pole P at origin (0,0). Object AB located at distance u to the left of the mirror.",train
REC-00068,PHY-Class10-02-0068,OPTICS_CARTESIAN_SIGN_CONVENTION,Class 10,Light – Reflection and Refraction,New Cartesian Sign Convention in Mirror Formula,A candle is placed 25 cm from a concave spherical mirror having focal length 10 cm. Find the distance and nature of the image formed.,"By New Cartesian Sign Convention: u = -{u} cm, f = -{f} cm. 1/f = 1/v + 1/u => 1/v = 1/f - 1/u. Image is formed at negative distance in front of mirror.",v is positive because light travels forward from the candle to the mirror.,MISC-OPT-004: Sign Convention Spatial Inversion,conceptual_misconception,High,"Omits negative signs for real object distance u and concave focal length f, treating distances as positive scalars.",True,ray_diagram,"Concave mirror with optical pole P at origin (0,0). Object AB located at distance u to the left of the mirror.",val
REC-00069,PHY-Class10-02-0069,OPTICS_CARTESIAN_SIGN_CONVENTION,Class 10,Light – Reflection and Refraction,New Cartesian Sign Convention in Mirror Formula,A pin is positioned 60 cm to the left of a concave mirror of focal length 20 cm. Determine the image distance v.,"By New Cartesian Sign Convention: u = -{u} cm, f = -{f} cm. 1/f = 1/v + 1/u => 1/v = 1/f - 1/u. Image is formed at negative distance in front of mirror.",v = +20 cm because distances are always positive scalars; 1/v = 1/20 - 1/60.,MISC-OPT-004: Sign Convention Spatial Inversion,conceptual_misconception,High,"Omits negative signs for real object distance u and concave focal length f, treating distances as positive scalars.",True,ray_diagram,"Concave mirror with optical pole P at origin (0,0). Object AB located at distance u to the left of the mirror.",train
REC-00070,PHY-Class10-02-0070,OPTICS_CARTESIAN_SIGN_CONVENTION,Class 10,Light – Reflection and Refraction,New Cartesian Sign Convention in Mirror Formula,"An object is placed at a distance of 20 cm in front of a concave mirror of focal length 10 cm. Using the mirror formula, calculate the image position v.","By New Cartesian Sign Convention: u = -{u} cm, f = -{f} cm. 1/f = 1/v + 1/u => 1/v = 1/f - 1/u. Image is formed at negative distance in front of mirror.",Image distance v = +20 cm. I used positive values for both u and f since lengths cannot be negative.,MISC-OPT-004: Sign Convention Spatial Inversion,conceptual_misconception,High,"Omits negative signs for real object distance u and concave focal length f, treating distances as positive scalars.",True,ray_diagram,"Concave mirror with optical pole P at origin (0,0). Object AB located at distance u to the left of the mirror.",train
REC-00071,PHY-Class10-02-0071,OPTICS_CARTESIAN_SIGN_CONVENTION,Class 10,Light – Reflection and Refraction,New Cartesian Sign Convention in Mirror Formula,A candle is placed 30 cm from a concave spherical mirror having focal length 15 cm. Find the distance and nature of the image formed.,"By New Cartesian Sign Convention: u = -{u} cm, f = -{f} cm. 1/f = 1/v + 1/u => 1/v = 1/f - 1/u. Image is formed at negative distance in front of mirror.","1/v = 1/15 + 1/30 giving positive v, because the object is in front of the mirror.",MISC-OPT-004: Sign Convention Spatial Inversion,conceptual_misconception,High,"Omits negative signs for real object distance u and concave focal length f, treating distances as positive scalars.",True,ray_diagram,"Concave mirror with optical pole P at origin (0,0). Object AB located at distance u to the left of the mirror.",train
REC-00072,PHY-Class10-02-0072,OPTICS_CARTESIAN_SIGN_CONVENTION,Class 10,Light – Reflection and Refraction,New Cartesian Sign Convention in Mirror Formula,A pin is positioned 40 cm to the left of a concave mirror of focal length 20 cm. Determine the image distance v.,"By New Cartesian Sign Convention: u = -{u} cm, f = -{f} cm. 1/f = 1/v + 1/u => 1/v = 1/f - 1/u. Image is formed at negative distance in front of mirror.",v is positive because light travels forward from the candle to the mirror.,MISC-OPT-004: Sign Convention Spatial Inversion,conceptual_misconception,High,"Omits negative signs for real object distance u and concave focal length f, treating distances as positive scalars.",True,ray_diagram,"Concave mirror with optical pole P at origin (0,0). Object AB located at distance u to the left of the mirror.",train
REC-00073,PHY-Class10-02-0073,OPTICS_CARTESIAN_SIGN_CONVENTION,Class 10,Light – Reflection and Refraction,New Cartesian Sign Convention in Mirror Formula,"An object is placed at a distance of 25 cm in front of a concave mirror of focal length 10 cm. Using the mirror formula, calculate the image position v.","By New Cartesian Sign Convention: u = -{u} cm, f = -{f} cm. 1/f = 1/v + 1/u => 1/v = 1/f - 1/u. Image is formed at negative distance in front of mirror.",v = +10 cm because distances are always positive scalars; 1/v = 1/10 - 1/25.,MISC-OPT-004: Sign Convention Spatial Inversion,conceptual_misconception,High,"Omits negative signs for real object distance u and concave focal length f, treating distances as positive scalars.",True,ray_diagram,"Concave mirror with optical pole P at origin (0,0). Object AB located at distance u to the left of the mirror.",test
REC-00074,PHY-Class10-02-0074,OPTICS_CARTESIAN_SIGN_CONVENTION,Class 10,Light – Reflection and Refraction,New Cartesian Sign Convention in Mirror Formula,A candle is placed 60 cm from a concave spherical mirror having focal length 20 cm. Find the distance and nature of the image formed.,"By New Cartesian Sign Convention: u = -{u} cm, f = -{f} cm. 1/f = 1/v + 1/u => 1/v = 1/f - 1/u. Image is formed at negative distance in front of mirror.",Image distance v = +60 cm. I used positive values for both u and f since lengths cannot be negative.,MISC-OPT-004: Sign Convention Spatial Inversion,conceptual_misconception,High,"Omits negative signs for real object distance u and concave focal length f, treating distances as positive scalars.",True,ray_diagram,"Concave mirror with optical pole P at origin (0,0). Object AB located at distance u to the left of the mirror.",train
REC-00075,PHY-Class10-02-0075,OPTICS_CARTESIAN_SIGN_CONVENTION,Class 10,Light – Reflection and Refraction,New Cartesian Sign Convention in Mirror Formula,A pin is positioned 20 cm to the left of a concave mirror of focal length 10 cm. Determine the image distance v.,"By New Cartesian Sign Convention: u = -{u} cm, f = -{f} cm. 1/f = 1/v + 1/u => 1/v = 1/f - 1/u. Image is formed at negative distance in front of mirror.","1/v = 1/10 + 1/20 giving positive v, because the object is in front of the mirror.",MISC-OPT-004: Sign Convention Spatial Inversion,conceptual_misconception,High,"Omits negative signs for real object distance u and concave focal length f, treating distances as positive scalars.",True,ray_diagram,"Concave mirror with optical pole P at origin (0,0). Object AB located at distance u to the left of the mirror.",test
REC-00076,PHY-Class10-02-0076,OPTICS_CARTESIAN_SIGN_CONVENTION,Class 10,Light – Reflection and Refraction,New Cartesian Sign Convention in Mirror Formula,"An object is placed at a distance of 30 cm in front of a concave mirror of focal length 15 cm. Using the mirror formula, calculate the image position v.","By New Cartesian Sign Convention: u = -{u} cm, f = -{f} cm. 1/f = 1/v + 1/u => 1/v = 1/f - 1/u. Image is formed at negative distance in front of mirror.",v is positive because light travels forward from the candle to the mirror.,MISC-OPT-004: Sign Convention Spatial Inversion,conceptual_misconception,High,"Omits negative signs for real object distance u and concave focal length f, treating distances as positive scalars.",True,ray_diagram,"Concave mirror with optical pole P at origin (0,0). Object AB located at distance u to the left of the mirror.",train
REC-00077,PHY-Class10-02-0077,OPTICS_CARTESIAN_SIGN_CONVENTION,Class 10,Light – Reflection and Refraction,New Cartesian Sign Convention in Mirror Formula,A candle is placed 40 cm from a concave spherical mirror having focal length 20 cm. Find the distance and nature of the image formed.,"By New Cartesian Sign Convention: u = -{u} cm, f = -{f} cm. 1/f = 1/v + 1/u => 1/v = 1/f - 1/u. Image is formed at negative distance in front of mirror.",v = +20 cm because distances are always positive scalars; 1/v = 1/20 - 1/40.,MISC-OPT-004: Sign Convention Spatial Inversion,conceptual_misconception,High,"Omits negative signs for real object distance u and concave focal length f, treating distances as positive scalars.",True,ray_diagram,"Concave mirror with optical pole P at origin (0,0). Object AB located at distance u to the left of the mirror.",train
REC-00078,PHY-Class10-02-0078,OPTICS_CARTESIAN_SIGN_CONVENTION,Class 10,Light – Reflection and Refraction,New Cartesian Sign Convention in Mirror Formula,A pin is positioned 25 cm to the left of a concave mirror of focal length 10 cm. Determine the image distance v.,"By New Cartesian Sign Convention: u = -{u} cm, f = -{f} cm. 1/f = 1/v + 1/u => 1/v = 1/f - 1/u. Image is formed at negative distance in front of mirror.",Image distance v = +25 cm. I used positive values for both u and f since lengths cannot be negative.,MISC-OPT-004: Sign Convention Spatial Inversion,conceptual_misconception,High,"Omits negative signs for real object distance u and concave focal length f, treating distances as positive scalars.",True,ray_diagram,"Concave mirror with optical pole P at origin (0,0). Object AB located at distance u to the left of the mirror.",train
REC-00079,PHY-Class10-02-0079,OPTICS_CARTESIAN_SIGN_CONVENTION,Class 10,Light – Reflection and Refraction,New Cartesian Sign Convention in Mirror Formula,"An object is placed at a distance of 60 cm in front of a concave mirror of focal length 20 cm. Using the mirror formula, calculate the image position v.","By New Cartesian Sign Convention: u = -{u} cm, f = -{f} cm. 1/f = 1/v + 1/u => 1/v = 1/f - 1/u. Image is formed at negative distance in front of mirror.","1/v = 1/20 + 1/60 giving positive v, because the object is in front of the mirror.",MISC-OPT-004: Sign Convention Spatial Inversion,conceptual_misconception,High,"Omits negative signs for real object distance u and concave focal length f, treating distances as positive scalars.",True,ray_diagram,"Concave mirror with optical pole P at origin (0,0). Object AB located at distance u to the left of the mirror.",test
REC-00080,PHY-Class10-02-0080,OPTICS_CARTESIAN_SIGN_CONVENTION,Class 10,Light – Reflection and Refraction,New Cartesian Sign Convention in Mirror Formula,A candle is placed 20 cm from a concave spherical mirror having focal length 10 cm. Find the distance and nature of the image formed.,"By New Cartesian Sign Convention: u = -{u} cm, f = -{f} cm. 1/f = 1/v + 1/u => 1/v = 1/f - 1/u. Image is formed at negative distance in front of mirror.",v is positive because light travels forward from the candle to the mirror.,MISC-OPT-004: Sign Convention Spatial Inversion,conceptual_misconception,High,"Omits negative signs for real object distance u and concave focal length f, treating distances as positive scalars.",True,ray_diagram,"Concave mirror with optical pole P at origin (0,0). Object AB located at distance u to the left of the mirror.",train
REC-00081,PHY-Class10-02-0081,OPTICS_CARTESIAN_SIGN_CONVENTION,Class 10,Light – Reflection and Refraction,New Cartesian Sign Convention in Mirror Formula,A pin is positioned 30 cm to the left of a concave mirror of focal length 15 cm. Determine the image distance v.,"By New Cartesian Sign Convention: u = -{u} cm, f = -{f} cm. 1/f = 1/v + 1/u => 1/v = 1/f - 1/u. Image is formed at negative distance in front of mirror.",v = +15 cm because distances are always positive scalars; 1/v = 1/15 - 1/30.,MISC-OPT-004: Sign Convention Spatial Inversion,conceptual_misconception,High,"Omits negative signs for real object distance u and concave focal length f, treating distances as positive scalars.",True,ray_diagram,"Concave mirror with optical pole P at origin (0,0). Object AB located at distance u to the left of the mirror.",train
REC-00082,PHY-Class10-02-0082,OPTICS_CARTESIAN_SIGN_CONVENTION,Class 10,Light – Reflection and Refraction,New Cartesian Sign Convention in Mirror Formula,"An object is placed at a distance of 40 cm in front of a concave mirror of focal length 20 cm. Using the mirror formula, calculate the image position v.","By New Cartesian Sign Convention: u = -{u} cm, f = -{f} cm. 1/f = 1/v + 1/u => 1/v = 1/f - 1/u. Image is formed at negative distance in front of mirror.",Image distance v = +40 cm. I used positive values for both u and f since lengths cannot be negative.,MISC-OPT-004: Sign Convention Spatial Inversion,conceptual_misconception,High,"Omits negative signs for real object distance u and concave focal length f, treating distances as positive scalars.",True,ray_diagram,"Concave mirror with optical pole P at origin (0,0). Object AB located at distance u to the left of the mirror.",train
REC-00083,PHY-Class10-02-0083,OPTICS_CARTESIAN_SIGN_CONVENTION,Class 10,Light – Reflection and Refraction,New Cartesian Sign Convention in Mirror Formula,A candle is placed 25 cm from a concave spherical mirror having focal length 10 cm. Find the distance and nature of the image formed.,"By New Cartesian Sign Convention: u = -{u} cm, f = -{f} cm. 1/f = 1/v + 1/u => 1/v = 1/f - 1/u. Image is formed at negative distance in front of mirror.","1/v = 1/10 + 1/25 giving positive v, because the object is in front of the mirror.",MISC-OPT-004: Sign Convention Spatial Inversion,conceptual_misconception,High,"Omits negative signs for real object distance u and concave focal length f, treating distances as positive scalars.",True,ray_diagram,"Concave mirror with optical pole P at origin (0,0). Object AB located at distance u to the left of the mirror.",train
REC-00084,PHY-Class10-02-0084,OPTICS_CARTESIAN_SIGN_CONVENTION,Class 10,Light – Reflection and Refraction,New Cartesian Sign Convention in Mirror Formula,A pin is positioned 60 cm to the left of a concave mirror of focal length 20 cm. Determine the image distance v.,"By New Cartesian Sign Convention: u = -{u} cm, f = -{f} cm. 1/f = 1/v + 1/u => 1/v = 1/f - 1/u. Image is formed at negative distance in front of mirror.",v is positive because light travels forward from the candle to the mirror.,MISC-OPT-004: Sign Convention Spatial Inversion,conceptual_misconception,High,"Omits negative signs for real object distance u and concave focal length f, treating distances as positive scalars.",True,ray_diagram,"Concave mirror with optical pole P at origin (0,0). Object AB located at distance u to the left of the mirror.",train
REC-00085,PHY-Class10-02-0085,OPTICS_CARTESIAN_SIGN_CONVENTION,Class 10,Light – Reflection and Refraction,New Cartesian Sign Convention in Mirror Formula,"An object is placed at a distance of 20 cm in front of a concave mirror of focal length 10 cm. Using the mirror formula, calculate the image position v.","By New Cartesian Sign Convention: u = -{u} cm, f = -{f} cm. 1/f = 1/v + 1/u => 1/v = 1/f - 1/u. Image is formed at negative distance in front of mirror.",v = +10 cm because distances are always positive scalars; 1/v = 1/10 - 1/20.,MISC-OPT-004: Sign Convention Spatial Inversion,conceptual_misconception,High,"Omits negative signs for real object distance u and concave focal length f, treating distances as positive scalars.",True,ray_diagram,"Concave mirror with optical pole P at origin (0,0). Object AB located at distance u to the left of the mirror.",train
REC-00086,PHY-Class10-02-0086,OPTICS_CARTESIAN_SIGN_CONVENTION,Class 10,Light – Reflection and Refraction,New Cartesian Sign Convention in Mirror Formula,A candle is placed 30 cm from a concave spherical mirror having focal length 15 cm. Find the distance and nature of the image formed.,"By New Cartesian Sign Convention: u = -{u} cm, f = -{f} cm. 1/f = 1/v + 1/u => 1/v = 1/f - 1/u. Image is formed at negative distance in front of mirror.",Image distance v = +30 cm. I used positive values for both u and f since lengths cannot be negative.,MISC-OPT-004: Sign Convention Spatial Inversion,conceptual_misconception,High,"Omits negative signs for real object distance u and concave focal length f, treating distances as positive scalars.",True,ray_diagram,"Concave mirror with optical pole P at origin (0,0). Object AB located at distance u to the left of the mirror.",train
REC-00087,PHY-Class10-02-0087,OPTICS_CARTESIAN_SIGN_CONVENTION,Class 10,Light – Reflection and Refraction,New Cartesian Sign Convention in Mirror Formula,A pin is positioned 40 cm to the left of a concave mirror of focal length 20 cm. Determine the image distance v.,"By New Cartesian Sign Convention: u = -{u} cm, f = -{f} cm. 1/f = 1/v + 1/u => 1/v = 1/f - 1/u. Image is formed at negative distance in front of mirror.","1/v = 1/20 + 1/40 giving positive v, because the object is in front of the mirror.",MISC-OPT-004: Sign Convention Spatial Inversion,conceptual_misconception,High,"Omits negative signs for real object distance u and concave focal length f, treating distances as positive scalars.",True,ray_diagram,"Concave mirror with optical pole P at origin (0,0). Object AB located at distance u to the left of the mirror.",train
REC-00088,PHY-Class10-02-0088,OPTICS_CARTESIAN_SIGN_CONVENTION,Class 10,Light – Reflection and Refraction,New Cartesian Sign Convention in Mirror Formula,"An object is placed at a distance of 25 cm in front of a concave mirror of focal length 10 cm. Using the mirror formula, calculate the image position v.","By New Cartesian Sign Convention: u = -{u} cm, f = -{f} cm. 1/f = 1/v + 1/u => 1/v = 1/f - 1/u. Image is formed at negative distance in front of mirror.",v is positive because light travels forward from the candle to the mirror.,MISC-OPT-004: Sign Convention Spatial Inversion,conceptual_misconception,High,"Omits negative signs for real object distance u and concave focal length f, treating distances as positive scalars.",True,ray_diagram,"Concave mirror with optical pole P at origin (0,0). Object AB located at distance u to the left of the mirror.",val
REC-00089,PHY-Class10-02-0089,OPTICS_CARTESIAN_SIGN_CONVENTION,Class 10,Light – Reflection and Refraction,New Cartesian Sign Convention in Mirror Formula,A candle is placed 60 cm from a concave spherical mirror having focal length 20 cm. Find the distance and nature of the image formed.,"By New Cartesian Sign Convention: u = -{u} cm, f = -{f} cm. 1/f = 1/v + 1/u => 1/v = 1/f - 1/u. Image is formed at negative distance in front of mirror.",v = +20 cm because distances are always positive scalars; 1/v = 1/20 - 1/60.,MISC-OPT-004: Sign Convention Spatial Inversion,conceptual_misconception,High,"Omits negative signs for real object distance u and concave focal length f, treating distances as positive scalars.",True,ray_diagram,"Concave mirror with optical pole P at origin (0,0). Object AB located at distance u to the left of the mirror.",train
REC-00090,PHY-Class10-02-0090,OPTICS_CARTESIAN_SIGN_CONVENTION,Class 10,Light – Reflection and Refraction,New Cartesian Sign Convention in Mirror Formula,A pin is positioned 20 cm to the left of a concave mirror of focal length 10 cm. Determine the image distance v.,"By New Cartesian Sign Convention: u = -{u} cm, f = -{f} cm. 1/f = 1/v + 1/u => 1/v = 1/f - 1/u. Image is formed at negative distance in front of mirror.",Image distance v = +20 cm. I used positive values for both u and f since lengths cannot be negative.,MISC-OPT-004: Sign Convention Spatial Inversion,conceptual_misconception,High,"Omits negative signs for real object distance u and concave focal length f, treating distances as positive scalars.",True,ray_diagram,"Concave mirror with optical pole P at origin (0,0). Object AB located at distance u to the left of the mirror.",val
REC-00091,PHY-Class10-02-0091,OPTICS_CARTESIAN_SIGN_CONVENTION,Class 10,Light – Reflection and Refraction,New Cartesian Sign Convention in Mirror Formula,"An object is placed at a distance of 30 cm in front of a concave mirror of focal length 15 cm. Using the mirror formula, calculate the image position v.","By New Cartesian Sign Convention: u = -{u} cm, f = -{f} cm. 1/f = 1/v + 1/u => 1/v = 1/f - 1/u. Image is formed at negative distance in front of mirror.","1/v = 1/15 + 1/30 giving positive v, because the object is in front of the mirror.",MISC-OPT-004: Sign Convention Spatial Inversion,conceptual_misconception,High,"Omits negative signs for real object distance u and concave focal length f, treating distances as positive scalars.",True,ray_diagram,"Concave mirror with optical pole P at origin (0,0). Object AB located at distance u to the left of the mirror.",train
REC-00092,PHY-Class10-02-0092,OPTICS_CARTESIAN_SIGN_CONVENTION,Class 10,Light – Reflection and Refraction,New Cartesian Sign Convention in Mirror Formula,A candle is placed 40 cm from a concave spherical mirror having focal length 20 cm. Find the distance and nature of the image formed.,"By New Cartesian Sign Convention: u = -{u} cm, f = -{f} cm. 1/f = 1/v + 1/u => 1/v = 1/f - 1/u. Image is formed at negative distance in front of mirror.",v is positive because light travels forward from the candle to the mirror.,MISC-OPT-004: Sign Convention Spatial Inversion,conceptual_misconception,High,"Omits negative signs for real object distance u and concave focal length f, treating distances as positive scalars.",True,ray_diagram,"Concave mirror with optical pole P at origin (0,0). Object AB located at distance u to the left of the mirror.",train
REC-00093,PHY-Class10-02-0093,OPTICS_CARTESIAN_SIGN_CONVENTION,Class 10,Light – Reflection and Refraction,New Cartesian Sign Convention in Mirror Formula,A pin is positioned 25 cm to the left of a concave mirror of focal length 10 cm. Determine the image distance v.,"By New Cartesian Sign Convention: u = -{u} cm, f = -{f} cm. 1/f = 1/v + 1/u => 1/v = 1/f - 1/u. Image is formed at negative distance in front of mirror.",v = +10 cm because distances are always positive scalars; 1/v = 1/10 - 1/25.,MISC-OPT-004: Sign Convention Spatial Inversion,conceptual_misconception,High,"Omits negative signs for real object distance u and concave focal length f, treating distances as positive scalars.",True,ray_diagram,"Concave mirror with optical pole P at origin (0,0). Object AB located at distance u to the left of the mirror.",train
REC-00094,PHY-Class10-02-0094,OPTICS_CARTESIAN_SIGN_CONVENTION,Class 10,Light – Reflection and Refraction,New Cartesian Sign Convention in Mirror Formula,"An object is placed at a distance of 60 cm in front of a concave mirror of focal length 20 cm. Using the mirror formula, calculate the image position v.","By New Cartesian Sign Convention: u = -{u} cm, f = -{f} cm. 1/f = 1/v + 1/u => 1/v = 1/f - 1/u. Image is formed at negative distance in front of mirror.",Image distance v = +60 cm. I used positive values for both u and f since lengths cannot be negative.,MISC-OPT-004: Sign Convention Spatial Inversion,conceptual_misconception,High,"Omits negative signs for real object distance u and concave focal length f, treating distances as positive scalars.",True,ray_diagram,"Concave mirror with optical pole P at origin (0,0). Object AB located at distance u to the left of the mirror.",test
REC-00095,PHY-Class10-02-0095,OPTICS_CARTESIAN_SIGN_CONVENTION,Class 10,Light – Reflection and Refraction,New Cartesian Sign Convention in Mirror Formula,A candle is placed 20 cm from a concave spherical mirror having focal length 10 cm. Find the distance and nature of the image formed.,"By New Cartesian Sign Convention: u = -{u} cm, f = -{f} cm. 1/f = 1/v + 1/u => 1/v = 1/f - 1/u. Image is formed at negative distance in front of mirror.","1/v = 1/10 + 1/20 giving positive v, because the object is in front of the mirror.",MISC-OPT-004: Sign Convention Spatial Inversion,conceptual_misconception,High,"Omits negative signs for real object distance u and concave focal length f, treating distances as positive scalars.",True,ray_diagram,"Concave mirror with optical pole P at origin (0,0). Object AB located at distance u to the left of the mirror.",train
REC-00096,PHY-Class10-02-0096,OPTICS_CARTESIAN_SIGN_CONVENTION,Class 10,Light – Reflection and Refraction,New Cartesian Sign Convention in Mirror Formula,A pin is positioned 30 cm to the left of a concave mirror of focal length 15 cm. Determine the image distance v.,"By New Cartesian Sign Convention: u = -{u} cm, f = -{f} cm. 1/f = 1/v + 1/u => 1/v = 1/f - 1/u. Image is formed at negative distance in front of mirror.",v is positive because light travels forward from the candle to the mirror.,MISC-OPT-004: Sign Convention Spatial Inversion,conceptual_misconception,High,"Omits negative signs for real object distance u and concave focal length f, treating distances as positive scalars.",True,ray_diagram,"Concave mirror with optical pole P at origin (0,0). Object AB located at distance u to the left of the mirror.",val
REC-00097,PHY-Class10-02-0097,OPTICS_CARTESIAN_SIGN_CONVENTION,Class 10,Light – Reflection and Refraction,New Cartesian Sign Convention in Mirror Formula,"An object is placed at a distance of 30 cm in front of a concave mirror of focal length 15 cm. Using the mirror formula, calculate the image position v.","By New Cartesian Sign Convention: u = -{u} cm, f = -{f} cm. 1/f = 1/v + 1/u => 1/v = 1/f - 1/u. Image is formed at negative distance in front of mirror.","u = -30 cm, f = -15 cm. Using 1/f = 1/v + 1/u => 1/v = -1/15 - (-1/30). Image is real and inverted in front of the mirror.",CORRECT: Scientifically Accurate Response,no_error,High,Rigorous scientific reasoning with valid physical principles and mathematical steps.,True,ray_diagram,"Concave mirror with optical pole P at origin (0,0). Object AB located at distance u to the left of the mirror.",test
REC-00098,PHY-Class10-02-0098,OPTICS_CARTESIAN_SIGN_CONVENTION,Class 10,Light – Reflection and Refraction,New Cartesian Sign Convention in Mirror Formula,A candle is placed 40 cm from a concave spherical mirror having focal length 20 cm. Find the distance and nature of the image formed.,"By New Cartesian Sign Convention: u = -{u} cm, f = -{f} cm. 1/f = 1/v + 1/u => 1/v = 1/f - 1/u. Image is formed at negative distance in front of mirror.",Both object distance and focal length are negative according to Cartesian sign convention. Solving gives negative image distance.,CORRECT: Scientifically Accurate Response,no_error,High,Rigorous scientific reasoning with valid physical principles and mathematical steps.,True,ray_diagram,"Concave mirror with optical pole P at origin (0,0). Object AB located at distance u to the left of the mirror.",train
REC-00099,PHY-Class10-02-0099,OPTICS_CARTESIAN_SIGN_CONVENTION,Class 10,Light – Reflection and Refraction,New Cartesian Sign Convention in Mirror Formula,A pin is positioned 25 cm to the left of a concave mirror of focal length 10 cm. Determine the image distance v.,"By New Cartesian Sign Convention: u = -{u} cm, f = -{f} cm. 1/f = 1/v + 1/u => 1/v = 1/f - 1/u. Image is formed at negative distance in front of mirror.","u = -25 cm, f = -10 cm. Using 1/f = 1/v + 1/u => 1/v = -1/10 - (-1/25). Image is real and inverted in front of the mirror.",CORRECT: Scientifically Accurate Response,no_error,High,Rigorous scientific reasoning with valid physical principles and mathematical steps.,True,ray_diagram,"Concave mirror with optical pole P at origin (0,0). Object AB located at distance u to the left of the mirror.",train
REC-00100,PHY-Class10-02-0100,OPTICS_CARTESIAN_SIGN_CONVENTION,Class 10,Light – Reflection and Refraction,New Cartesian Sign Convention in Mirror Formula,"An object is placed at a distance of 60 cm in front of a concave mirror of focal length 20 cm. Using the mirror formula, calculate the image position v.","By New Cartesian Sign Convention: u = -{u} cm, f = -{f} cm. 1/f = 1/v + 1/u => 1/v = 1/f - 1/u. Image is formed at negative distance in front of mirror.",Both object distance and focal length are negative according to Cartesian sign convention. Solving gives negative image distance.,CORRECT: Scientifically Accurate Response,no_error,High,Rigorous scientific reasoning with valid physical principles and mathematical steps.,True,ray_diagram,"Concave mirror with optical pole P at origin (0,0). Object AB located at distance u to the left of the mirror.",test
REC-00101,PHY-Class10-02-0101,OPTICS_CARTESIAN_SIGN_CONVENTION,Class 10,Light – Reflection and Refraction,New Cartesian Sign Convention in Mirror Formula,A candle is placed 20 cm from a concave spherical mirror having focal length 10 cm. Find the distance and nature of the image formed.,"By New Cartesian Sign Convention: u = -{u} cm, f = -{f} cm. 1/f = 1/v + 1/u => 1/v = 1/f - 1/u. Image is formed at negative distance in front of mirror.","u = -20 cm, f = -10 cm. Using 1/f = 1/v + 1/u => 1/v = -1/10 - (-1/20). Image is real and inverted in front of the mirror.",CORRECT: Scientifically Accurate Response,no_error,High,Rigorous scientific reasoning with valid physical principles and mathematical steps.,True,ray_diagram,"Concave mirror with optical pole P at origin (0,0). Object AB located at distance u to the left of the mirror.",train
REC-00102,PHY-Class10-02-0102,OPTICS_CARTESIAN_SIGN_CONVENTION,Class 10,Light – Reflection and Refraction,New Cartesian Sign Convention in Mirror Formula,A pin is positioned 30 cm to the left of a concave mirror of focal length 15 cm. Determine the image distance v.,"By New Cartesian Sign Convention: u = -{u} cm, f = -{f} cm. 1/f = 1/v + 1/u => 1/v = 1/f - 1/u. Image is formed at negative distance in front of mirror.",Both object distance and focal length are negative according to Cartesian sign convention. Solving gives negative image distance.,CORRECT: Scientifically Accurate Response,no_error,High,Rigorous scientific reasoning with valid physical principles and mathematical steps.,True,ray_diagram,"Concave mirror with optical pole P at origin (0,0). Object AB located at distance u to the left of the mirror.",val
REC-00103,PHY-Class10-02-0103,OPTICS_CARTESIAN_SIGN_CONVENTION,Class 10,Light – Reflection and Refraction,New Cartesian Sign Convention in Mirror Formula,"An object is placed at a distance of 40 cm in front of a concave mirror of focal length 20 cm. Using the mirror formula, calculate the image position v.","By New Cartesian Sign Convention: u = -{u} cm, f = -{f} cm. 1/f = 1/v + 1/u => 1/v = 1/f - 1/u. Image is formed at negative distance in front of mirror.","u = -40 cm, f = -20 cm. Using 1/f = 1/v + 1/u => 1/v = -1/20 - (-1/40). Image is real and inverted in front of the mirror.",CORRECT: Scientifically Accurate Response,no_error,High,Rigorous scientific reasoning with valid physical principles and mathematical steps.,True,ray_diagram,"Concave mirror with optical pole P at origin (0,0). Object AB located at distance u to the left of the mirror.",train
REC-00104,PHY-Class10-02-0104,OPTICS_CARTESIAN_SIGN_CONVENTION,Class 10,Light – Reflection and Refraction,New Cartesian Sign Convention in Mirror Formula,A candle is placed 25 cm from a concave spherical mirror having focal length 10 cm. Find the distance and nature of the image formed.,"By New Cartesian Sign Convention: u = -{u} cm, f = -{f} cm. 1/f = 1/v + 1/u => 1/v = 1/f - 1/u. Image is formed at negative distance in front of mirror.",Both object distance and focal length are negative according to Cartesian sign convention. Solving gives negative image distance.,CORRECT: Scientifically Accurate Response,no_error,High,Rigorous scientific reasoning with valid physical principles and mathematical steps.,True,ray_diagram,"Concave mirror with optical pole P at origin (0,0). Object AB located at distance u to the left of the mirror.",train
REC-00105,PHY-Class10-02-0105,OPTICS_CARTESIAN_SIGN_CONVENTION,Class 10,Light – Reflection and Refraction,New Cartesian Sign Convention in Mirror Formula,A pin is positioned 60 cm to the left of a concave mirror of focal length 20 cm. Determine the image distance v.,"By New Cartesian Sign Convention: u = -{u} cm, f = -{f} cm. 1/f = 1/v + 1/u => 1/v = 1/f - 1/u. Image is formed at negative distance in front of mirror.","u = -60 cm, f = -20 cm. Using 1/f = 1/v + 1/u => 1/v = -1/20 - (-1/60). Image is real and inverted in front of the mirror.",CORRECT: Scientifically Accurate Response,no_error,High,Rigorous scientific reasoning with valid physical principles and mathematical steps.,True,ray_diagram,"Concave mirror with optical pole P at origin (0,0). Object AB located at distance u to the left of the mirror.",train
REC-00106,PHY-Class10-02-0106,OPTICS_CARTESIAN_SIGN_CONVENTION,Class 10,Light – Reflection and Refraction,New Cartesian Sign Convention in Mirror Formula,"An object is placed at a distance of 20 cm in front of a concave mirror of focal length 10 cm. Using the mirror formula, calculate the image position v.","By New Cartesian Sign Convention: u = -{u} cm, f = -{f} cm. 1/f = 1/v + 1/u => 1/v = 1/f - 1/u. Image is formed at negative distance in front of mirror.",Both object distance and focal length are negative according to Cartesian sign convention. Solving gives negative image distance.,CORRECT: Scientifically Accurate Response,no_error,High,Rigorous scientific reasoning with valid physical principles and mathematical steps.,True,ray_diagram,"Concave mirror with optical pole P at origin (0,0). Object AB located at distance u to the left of the mirror.",train
REC-00107,PHY-Class10-02-0107,OPTICS_CARTESIAN_SIGN_CONVENTION,Class 10,Light – Reflection and Refraction,New Cartesian Sign Convention in Mirror Formula,A candle is placed 30 cm from a concave spherical mirror having focal length 15 cm. Find the distance and nature of the image formed.,"By New Cartesian Sign Convention: u = -{u} cm, f = -{f} cm. 1/f = 1/v + 1/u => 1/v = 1/f - 1/u. Image is formed at negative distance in front of mirror.","u = -30 cm, f = -15 cm. Using 1/f = 1/v + 1/u => 1/v = -1/15 - (-1/30). Image is real and inverted in front of the mirror.",CORRECT: Scientifically Accurate Response,no_error,High,Rigorous scientific reasoning with valid physical principles and mathematical steps.,True,ray_diagram,"Concave mirror with optical pole P at origin (0,0). Object AB located at distance u to the left of the mirror.",train
REC-00108,PHY-Class10-02-0108,OPTICS_CARTESIAN_SIGN_CONVENTION,Class 10,Light – Reflection and Refraction,New Cartesian Sign Convention in Mirror Formula,A pin is positioned 40 cm to the left of a concave mirror of focal length 20 cm. Determine the image distance v.,"By New Cartesian Sign Convention: u = -{u} cm, f = -{f} cm. 1/f = 1/v + 1/u => 1/v = 1/f - 1/u. Image is formed at negative distance in front of mirror.",Both object distance and focal length are negative according to Cartesian sign convention. Solving gives negative image distance.,CORRECT: Scientifically Accurate Response,no_error,High,Rigorous scientific reasoning with valid physical principles and mathematical steps.,True,ray_diagram,"Concave mirror with optical pole P at origin (0,0). Object AB located at distance u to the left of the mirror.",val
REC-00109,PHY-Class10-02-0109,OPTICS_CARTESIAN_SIGN_CONVENTION,Class 10,Light – Reflection and Refraction,New Cartesian Sign Convention in Mirror Formula,"An object is placed at a distance of 30 cm in front of a concave mirror of focal length 15 cm. Using the mirror formula, calculate the image position v.","By New Cartesian Sign Convention: u = -{u} cm, f = -{f} cm. 1/f = 1/v + 1/u => 1/v = 1/f - 1/u. Image is formed at negative distance in front of mirror.","Substituted u = -30 and f = -15 correctly, but made an arithmetic fraction error: 1/v = -1/5.",CARELESS_CALCULATION_ERROR,calculation_slip,Medium,Conceptual formula choice is correct; error is isolated to an arithmetic slip.,True,ray_diagram,"Concave mirror with optical pole P at origin (0,0). Object AB located at distance u to the left of the mirror.",train
REC-00110,PHY-Class10-02-0110,OPTICS_CARTESIAN_SIGN_CONVENTION,Class 10,Light – Reflection and Refraction,New Cartesian Sign Convention in Mirror Formula,A candle is placed 40 cm from a concave spherical mirror having focal length 20 cm. Find the distance and nature of the image formed.,"By New Cartesian Sign Convention: u = -{u} cm, f = -{f} cm. 1/f = 1/v + 1/u => 1/v = 1/f - 1/u. Image is formed at negative distance in front of mirror.","Setup is correct with negative signs, but calculated common denominator incorrectly.",CARELESS_CALCULATION_ERROR,calculation_slip,Medium,Conceptual formula choice is correct; error is isolated to an arithmetic slip.,True,ray_diagram,"Concave mirror with optical pole P at origin (0,0). Object AB located at distance u to the left of the mirror.",train
REC-00111,PHY-Class10-02-0111,OPTICS_CARTESIAN_SIGN_CONVENTION,Class 10,Light – Reflection and Refraction,New Cartesian Sign Convention in Mirror Formula,A pin is positioned 25 cm to the left of a concave mirror of focal length 10 cm. Determine the image distance v.,"By New Cartesian Sign Convention: u = -{u} cm, f = -{f} cm. 1/f = 1/v + 1/u => 1/v = 1/f - 1/u. Image is formed at negative distance in front of mirror.","Substituted u = -25 and f = -10 correctly, but made an arithmetic fraction error: 1/v = -1/5.",CARELESS_CALCULATION_ERROR,calculation_slip,Medium,Conceptual formula choice is correct; error is isolated to an arithmetic slip.,True,ray_diagram,"Concave mirror with optical pole P at origin (0,0). Object AB located at distance u to the left of the mirror.",val
REC-00112,PHY-Class10-02-0112,OPTICS_CARTESIAN_SIGN_CONVENTION,Class 10,Light – Reflection and Refraction,New Cartesian Sign Convention in Mirror Formula,"An object is placed at a distance of 60 cm in front of a concave mirror of focal length 20 cm. Using the mirror formula, calculate the image position v.","By New Cartesian Sign Convention: u = -{u} cm, f = -{f} cm. 1/f = 1/v + 1/u => 1/v = 1/f - 1/u. Image is formed at negative distance in front of mirror.","Setup is correct with negative signs, but calculated common denominator incorrectly.",CARELESS_CALCULATION_ERROR,calculation_slip,Medium,Conceptual formula choice is correct; error is isolated to an arithmetic slip.,True,ray_diagram,"Concave mirror with optical pole P at origin (0,0). Object AB located at distance u to the left of the mirror.",test
REC-00113,PHY-Class10-02-0113,OPTICS_CARTESIAN_SIGN_CONVENTION,Class 10,Light – Reflection and Refraction,New Cartesian Sign Convention in Mirror Formula,"An object is placed at a distance of 30 cm in front of a concave mirror of focal length 15 cm. Using the mirror formula, calculate the image position v.","By New Cartesian Sign Convention: u = -{u} cm, f = -{f} cm. 1/f = 1/v + 1/u => 1/v = 1/f - 1/u. Image is formed at negative distance in front of mirror.",v = -30 meters instead of centimeters.,UNIT_CONVERSION_ERROR,unit_error,High,"Numerical reasoning is sound, but units were omitted or confused with another physical quantity.",True,ray_diagram,"Concave mirror with optical pole P at origin (0,0). Object AB located at distance u to the left of the mirror.",train
REC-00114,PHY-Class10-02-0114,OPTICS_CARTESIAN_SIGN_CONVENTION,Class 10,Light – Reflection and Refraction,New Cartesian Sign Convention in Mirror Formula,A candle is placed 40 cm from a concave spherical mirror having focal length 20 cm. Find the distance and nature of the image formed.,"By New Cartesian Sign Convention: u = -{u} cm, f = -{f} cm. 1/f = 1/v + 1/u => 1/v = 1/f - 1/u. Image is formed at negative distance in front of mirror.",Calculated v = -30 without writing any units.,UNIT_CONVERSION_ERROR,unit_error,High,"Numerical reasoning is sound, but units were omitted or confused with another physical quantity.",True,ray_diagram,"Concave mirror with optical pole P at origin (0,0). Object AB located at distance u to the left of the mirror.",test
REC-00115,PHY-Class10-02-0115,OPTICS_CARTESIAN_SIGN_CONVENTION,Class 10,Light – Reflection and Refraction,New Cartesian Sign Convention in Mirror Formula,A pin is positioned 25 cm to the left of a concave mirror of focal length 10 cm. Determine the image distance v.,"By New Cartesian Sign Convention: u = -{u} cm, f = -{f} cm. 1/f = 1/v + 1/u => 1/v = 1/f - 1/u. Image is formed at negative distance in front of mirror.",v = -30 meters instead of centimeters.,UNIT_CONVERSION_ERROR,unit_error,High,"Numerical reasoning is sound, but units were omitted or confused with another physical quantity.",True,ray_diagram,"Concave mirror with optical pole P at origin (0,0). Object AB located at distance u to the left of the mirror.",train
REC-00116,PHY-Class10-02-0116,OPTICS_CARTESIAN_SIGN_CONVENTION,Class 10,Light – Reflection and Refraction,New Cartesian Sign Convention in Mirror Formula,"An object is placed at a distance of 60 cm in front of a concave mirror of focal length 20 cm. Using the mirror formula, calculate the image position v.","By New Cartesian Sign Convention: u = -{u} cm, f = -{f} cm. 1/f = 1/v + 1/u => 1/v = 1/f - 1/u. Image is formed at negative distance in front of mirror.",Calculated v = -30 without writing any units.,UNIT_CONVERSION_ERROR,unit_error,High,"Numerical reasoning is sound, but units were omitted or confused with another physical quantity.",True,ray_diagram,"Concave mirror with optical pole P at origin (0,0). Object AB located at distance u to the left of the mirror.",val
REC-00117,PHY-Class10-02-0117,OPTICS_CARTESIAN_SIGN_CONVENTION,Class 10,Light – Reflection and Refraction,New Cartesian Sign Convention in Mirror Formula,"An object is placed at a distance of 30 cm in front of a concave mirror of focal length 15 cm. Using the mirror formula, calculate the image position v.","By New Cartesian Sign Convention: u = -{u} cm, f = -{f} cm. 1/f = 1/v + 1/u => 1/v = 1/f - 1/u. Image is formed at negative distance in front of mirror.","I remember there is a minus sign somewhere in the mirror formula, but not sure which one gets it.",UNSURE_INSUFFICIENT_EVIDENCE,guessing_unclear,Low,Student response contains minimal reasoning or expresses explicit uncertainty; requires diagnostic probe.,True,ray_diagram,"Concave mirror with optical pole P at origin (0,0). Object AB located at distance u to the left of the mirror.",train
REC-00118,PHY-Class10-02-0118,OPTICS_CARTESIAN_SIGN_CONVENTION,Class 10,Light – Reflection and Refraction,New Cartesian Sign Convention in Mirror Formula,A candle is placed 40 cm from a concave spherical mirror having focal length 20 cm. Find the distance and nature of the image formed.,"By New Cartesian Sign Convention: u = -{u} cm, f = -{f} cm. 1/f = 1/v + 1/u => 1/v = 1/f - 1/u. Image is formed at negative distance in front of mirror.",Not sure whether concave mirror focal length is positive or negative.,UNSURE_INSUFFICIENT_EVIDENCE,guessing_unclear,Low,Student response contains minimal reasoning or expresses explicit uncertainty; requires diagnostic probe.,True,ray_diagram,"Concave mirror with optical pole P at origin (0,0). Object AB located at distance u to the left of the mirror.",test
REC-00119,PHY-Class10-02-0119,OPTICS_CARTESIAN_SIGN_CONVENTION,Class 10,Light – Reflection and Refraction,New Cartesian Sign Convention in Mirror Formula,A pin is positioned 25 cm to the left of a concave mirror of focal length 10 cm. Determine the image distance v.,"By New Cartesian Sign Convention: u = -{u} cm, f = -{f} cm. 1/f = 1/v + 1/u => 1/v = 1/f - 1/u. Image is formed at negative distance in front of mirror.","I remember there is a minus sign somewhere in the mirror formula, but not sure which one gets it.",UNSURE_INSUFFICIENT_EVIDENCE,guessing_unclear,Low,Student response contains minimal reasoning or expresses explicit uncertainty; requires diagnostic probe.,True,ray_diagram,"Concave mirror with optical pole P at origin (0,0). Object AB located at distance u to the left of the mirror.",val
REC-00120,PHY-Class10-02-0120,OPTICS_CARTESIAN_SIGN_CONVENTION,Class 10,Light – Reflection and Refraction,New Cartesian Sign Convention in Mirror Formula,"An object is placed at a distance of 60 cm in front of a concave mirror of focal length 20 cm. Using the mirror formula, calculate the image position v.","By New Cartesian Sign Convention: u = -{u} cm, f = -{f} cm. 1/f = 1/v + 1/u => 1/v = 1/f - 1/u. Image is formed at negative distance in front of mirror.",Not sure whether concave mirror focal length is positive or negative.,UNSURE_INSUFFICIENT_EVIDENCE,guessing_unclear,Low,Student response contains minimal reasoning or expresses explicit uncertainty; requires diagnostic probe.,True,ray_diagram,"Concave mirror with optical pole P at origin (0,0). Object AB located at distance u to the left of the mirror.",train
REC-00121,PHY-Class10-03-0121,HUMAN_EYE_VISION_DEFECTS,Class 10,The Human Eye and the Colourful World,Myopia and Hypermetropia Correction,A student sitting on the back bench cannot read the chalkboard clearly (distant vision impaired) but can read his textbook easily. Name the defect and the type of corrective lens required.,"The defect is Myopia (nearsightedness), where parallel rays from distant objects converge in front of the retina. A Concave (diverging) lens is required.","The defect is Hypermetropia, and it requires a Convex (converging) lens to see the board clearly.",MISC-EYE-001: Vision Defect Corrective Inversion,conceptual_misconception,High,Inverts corrective lens assignment (prescribing convex converging lenses for nearsightedness/myopia).,True,eye_defect_diagram,Myopic eye where rays from distant object focus in front of the retina. Concave diverging lens corrects focus back onto the retina.,train
REC-00122,PHY-Class10-03-0122,HUMAN_EYE_VISION_DEFECTS,Class 10,The Human Eye and the Colourful World,Myopia and Hypermetropia Correction,A person with a far point of 150 cm cannot see distant stars clearly. What eye defect do they have and which lens will restore clear vision?,"The defect is Myopia (nearsightedness), where parallel rays from distant objects converge in front of the retina. A Concave (diverging) lens is required.","He has far-sightedness, so he needs a converging lens to bring the distant image into focus.",MISC-EYE-001: Vision Defect Corrective Inversion,conceptual_misconception,High,Inverts corrective lens assignment (prescribing convex converging lenses for nearsightedness/myopia).,True,eye_defect_diagram,Myopic eye where rays from distant object focus in front of the retina. Concave diverging lens corrects focus back onto the retina.,val
REC-00123,PHY-Class10-03-0123,HUMAN_EYE_VISION_DEFECTS,Class 10,The Human Eye and the Colourful World,Myopia and Hypermetropia Correction,An adult has trouble seeing road signs 50 meters away while having normal reading vision. Specify the ocular condition and the required spectacle lens.,"The defect is Myopia (nearsightedness), where parallel rays from distant objects converge in front of the retina. A Concave (diverging) lens is required.","Defect is Myopia, but he needs a convex magnifying lens to make the distant chalkboard larger.",MISC-EYE-001: Vision Defect Corrective Inversion,conceptual_misconception,High,Inverts corrective lens assignment (prescribing convex converging lenses for nearsightedness/myopia).,True,eye_defect_diagram,Myopic eye where rays from distant object focus in front of the retina. Concave diverging lens corrects focus back onto the retina.,val
REC-00124,PHY-Class10-03-0124,HUMAN_EYE_VISION_DEFECTS,Class 10,The Human Eye and the Colourful World,Myopia and Hypermetropia Correction,A student sitting on the back bench cannot read the chalkboard clearly (distant vision impaired) but can read his textbook easily. Name the defect and the type of corrective lens required.,"The defect is Myopia (nearsightedness), where parallel rays from distant objects converge in front of the retina. A Concave (diverging) lens is required.",Use a convex lens because distant objects need more converging power to reach the eye.,MISC-EYE-001: Vision Defect Corrective Inversion,conceptual_misconception,High,Inverts corrective lens assignment (prescribing convex converging lenses for nearsightedness/myopia).,True,eye_defect_diagram,Myopic eye where rays from distant object focus in front of the retina. Concave diverging lens corrects focus back onto the retina.,val
REC-00125,PHY-Class10-03-0125,HUMAN_EYE_VISION_DEFECTS,Class 10,The Human Eye and the Colourful World,Myopia and Hypermetropia Correction,A person with a far point of 120 cm cannot see distant stars clearly. What eye defect do they have and which lens will restore clear vision?,"The defect is Myopia (nearsightedness), where parallel rays from distant objects converge in front of the retina. A Concave (diverging) lens is required.","The defect is Hypermetropia, and it requires a Convex (converging) lens to see the board clearly.",MISC-EYE-001: Vision Defect Corrective Inversion,conceptual_misconception,High,Inverts corrective lens assignment (prescribing convex converging lenses for nearsightedness/myopia).,True,eye_defect_diagram,Myopic eye where rays from distant object focus in front of the retina. Concave diverging lens corrects focus back onto the retina.,train
REC-00126,PHY-Class10-03-0126,HUMAN_EYE_VISION_DEFECTS,Class 10,The Human Eye and the Colourful World,Myopia and Hypermetropia Correction,An adult has trouble seeing road signs 50 meters away while having normal reading vision. Specify the ocular condition and the required spectacle lens.,"The defect is Myopia (nearsightedness), where parallel rays from distant objects converge in front of the retina. A Concave (diverging) lens is required.","He has far-sightedness, so he needs a converging lens to bring the distant image into focus.",MISC-EYE-001: Vision Defect Corrective Inversion,conceptual_misconception,High,Inverts corrective lens assignment (prescribing convex converging lenses for nearsightedness/myopia).,True,eye_defect_diagram,Myopic eye where rays from distant object focus in front of the retina. Concave diverging lens corrects focus back onto the retina.,train
REC-00127,PHY-Class10-03-0127,HUMAN_EYE_VISION_DEFECTS,Class 10,The Human Eye and the Colourful World,Myopia and Hypermetropia Correction,A student sitting on the back bench cannot read the chalkboard clearly (distant vision impaired) but can read his textbook easily. Name the defect and the type of corrective lens required.,"The defect is Myopia (nearsightedness), where parallel rays from distant objects converge in front of the retina. A Concave (diverging) lens is required.","Defect is Myopia, but he needs a convex magnifying lens to make the distant chalkboard larger.",MISC-EYE-001: Vision Defect Corrective Inversion,conceptual_misconception,High,Inverts corrective lens assignment (prescribing convex converging lenses for nearsightedness/myopia).,True,eye_defect_diagram,Myopic eye where rays from distant object focus in front of the retina. Concave diverging lens corrects focus back onto the retina.,train
REC-00128,PHY-Class10-03-0128,HUMAN_EYE_VISION_DEFECTS,Class 10,The Human Eye and the Colourful World,Myopia and Hypermetropia Correction,A person with a far point of 200 cm cannot see distant stars clearly. What eye defect do they have and which lens will restore clear vision?,"The defect is Myopia (nearsightedness), where parallel rays from distant objects converge in front of the retina. A Concave (diverging) lens is required.",Use a convex lens because distant objects need more converging power to reach the eye.,MISC-EYE-001: Vision Defect Corrective Inversion,conceptual_misconception,High,Inverts corrective lens assignment (prescribing convex converging lenses for nearsightedness/myopia).,True,eye_defect_diagram,Myopic eye where rays from distant object focus in front of the retina. Concave diverging lens corrects focus back onto the retina.,train
REC-00129,PHY-Class10-03-0129,HUMAN_EYE_VISION_DEFECTS,Class 10,The Human Eye and the Colourful World,Myopia and Hypermetropia Correction,An adult has trouble seeing road signs 50 meters away while having normal reading vision. Specify the ocular condition and the required spectacle lens.,"The defect is Myopia (nearsightedness), where parallel rays from distant objects converge in front of the retina. A Concave (diverging) lens is required.","The defect is Hypermetropia, and it requires a Convex (converging) lens to see the board clearly.",MISC-EYE-001: Vision Defect Corrective Inversion,conceptual_misconception,High,Inverts corrective lens assignment (prescribing convex converging lenses for nearsightedness/myopia).,True,eye_defect_diagram,Myopic eye where rays from distant object focus in front of the retina. Concave diverging lens corrects focus back onto the retina.,test
REC-00130,PHY-Class10-03-0130,HUMAN_EYE_VISION_DEFECTS,Class 10,The Human Eye and the Colourful World,Myopia and Hypermetropia Correction,A student sitting on the back bench cannot read the chalkboard clearly (distant vision impaired) but can read his textbook easily. Name the defect and the type of corrective lens required.,"The defect is Myopia (nearsightedness), where parallel rays from distant objects converge in front of the retina. A Concave (diverging) lens is required.","He has far-sightedness, so he needs a converging lens to bring the distant image into focus.",MISC-EYE-001: Vision Defect Corrective Inversion,conceptual_misconception,High,Inverts corrective lens assignment (prescribing convex converging lenses for nearsightedness/myopia).,True,eye_defect_diagram,Myopic eye where rays from distant object focus in front of the retina. Concave diverging lens corrects focus back onto the retina.,train
REC-00131,PHY-Class10-03-0131,HUMAN_EYE_VISION_DEFECTS,Class 10,The Human Eye and the Colourful World,Myopia and Hypermetropia Correction,A person with a far point of 80 cm cannot see distant stars clearly. What eye defect do they have and which lens will restore clear vision?,"The defect is Myopia (nearsightedness), where parallel rays from distant objects converge in front of the retina. A Concave (diverging) lens is required.","Defect is Myopia, but he needs a convex magnifying lens to make the distant chalkboard larger.",MISC-EYE-001: Vision Defect Corrective Inversion,conceptual_misconception,High,Inverts corrective lens assignment (prescribing convex converging lenses for nearsightedness/myopia).,True,eye_defect_diagram,Myopic eye where rays from distant object focus in front of the retina. Concave diverging lens corrects focus back onto the retina.,train
REC-00132,PHY-Class10-03-0132,HUMAN_EYE_VISION_DEFECTS,Class 10,The Human Eye and the Colourful World,Myopia and Hypermetropia Correction,An adult has trouble seeing road signs 50 meters away while having normal reading vision. Specify the ocular condition and the required spectacle lens.,"The defect is Myopia (nearsightedness), where parallel rays from distant objects converge in front of the retina. A Concave (diverging) lens is required.",Use a convex lens because distant objects need more converging power to reach the eye.,MISC-EYE-001: Vision Defect Corrective Inversion,conceptual_misconception,High,Inverts corrective lens assignment (prescribing convex converging lenses for nearsightedness/myopia).,True,eye_defect_diagram,Myopic eye where rays from distant object focus in front of the retina. Concave diverging lens corrects focus back onto the retina.,train
REC-00133,PHY-Class10-03-0133,HUMAN_EYE_VISION_DEFECTS,Class 10,The Human Eye and the Colourful World,Myopia and Hypermetropia Correction,A student sitting on the back bench cannot read the chalkboard clearly (distant vision impaired) but can read his textbook easily. Name the defect and the type of corrective lens required.,"The defect is Myopia (nearsightedness), where parallel rays from distant objects converge in front of the retina. A Concave (diverging) lens is required.","The defect is Hypermetropia, and it requires a Convex (converging) lens to see the board clearly.",MISC-EYE-001: Vision Defect Corrective Inversion,conceptual_misconception,High,Inverts corrective lens assignment (prescribing convex converging lenses for nearsightedness/myopia).,True,eye_defect_diagram,Myopic eye where rays from distant object focus in front of the retina. Concave diverging lens corrects focus back onto the retina.,train
REC-00134,PHY-Class10-03-0134,HUMAN_EYE_VISION_DEFECTS,Class 10,The Human Eye and the Colourful World,Myopia and Hypermetropia Correction,A person with a far point of 100 cm cannot see distant stars clearly. What eye defect do they have and which lens will restore clear vision?,"The defect is Myopia (nearsightedness), where parallel rays from distant objects converge in front of the retina. A Concave (diverging) lens is required.","He has far-sightedness, so he needs a converging lens to bring the distant image into focus.",MISC-EYE-001: Vision Defect Corrective Inversion,conceptual_misconception,High,Inverts corrective lens assignment (prescribing convex converging lenses for nearsightedness/myopia).,True,eye_defect_diagram,Myopic eye where rays from distant object focus in front of the retina. Concave diverging lens corrects focus back onto the retina.,train
REC-00135,PHY-Class10-03-0135,HUMAN_EYE_VISION_DEFECTS,Class 10,The Human Eye and the Colourful World,Myopia and Hypermetropia Correction,An adult has trouble seeing road signs 50 meters away while having normal reading vision. Specify the ocular condition and the required spectacle lens.,"The defect is Myopia (nearsightedness), where parallel rays from distant objects converge in front of the retina. A Concave (diverging) lens is required.","Defect is Myopia, but he needs a convex magnifying lens to make the distant chalkboard larger.",MISC-EYE-001: Vision Defect Corrective Inversion,conceptual_misconception,High,Inverts corrective lens assignment (prescribing convex converging lenses for nearsightedness/myopia).,True,eye_defect_diagram,Myopic eye where rays from distant object focus in front of the retina. Concave diverging lens corrects focus back onto the retina.,test
REC-00136,PHY-Class10-03-0136,HUMAN_EYE_VISION_DEFECTS,Class 10,The Human Eye and the Colourful World,Myopia and Hypermetropia Correction,A student sitting on the back bench cannot read the chalkboard clearly (distant vision impaired) but can read his textbook easily. Name the defect and the type of corrective lens required.,"The defect is Myopia (nearsightedness), where parallel rays from distant objects converge in front of the retina. A Concave (diverging) lens is required.",Use a convex lens because distant objects need more converging power to reach the eye.,MISC-EYE-001: Vision Defect Corrective Inversion,conceptual_misconception,High,Inverts corrective lens assignment (prescribing convex converging lenses for nearsightedness/myopia).,True,eye_defect_diagram,Myopic eye where rays from distant object focus in front of the retina. Concave diverging lens corrects focus back onto the retina.,val
REC-00137,PHY-Class10-03-0137,HUMAN_EYE_VISION_DEFECTS,Class 10,The Human Eye and the Colourful World,Myopia and Hypermetropia Correction,A person with a far point of 150 cm cannot see distant stars clearly. What eye defect do they have and which lens will restore clear vision?,"The defect is Myopia (nearsightedness), where parallel rays from distant objects converge in front of the retina. A Concave (diverging) lens is required.","The defect is Hypermetropia, and it requires a Convex (converging) lens to see the board clearly.",MISC-EYE-001: Vision Defect Corrective Inversion,conceptual_misconception,High,Inverts corrective lens assignment (prescribing convex converging lenses for nearsightedness/myopia).,True,eye_defect_diagram,Myopic eye where rays from distant object focus in front of the retina. Concave diverging lens corrects focus back onto the retina.,test
REC-00138,PHY-Class10-03-0138,HUMAN_EYE_VISION_DEFECTS,Class 10,The Human Eye and the Colourful World,Myopia and Hypermetropia Correction,An adult has trouble seeing road signs 50 meters away while having normal reading vision. Specify the ocular condition and the required spectacle lens.,"The defect is Myopia (nearsightedness), where parallel rays from distant objects converge in front of the retina. A Concave (diverging) lens is required.","He has far-sightedness, so he needs a converging lens to bring the distant image into focus.",MISC-EYE-001: Vision Defect Corrective Inversion,conceptual_misconception,High,Inverts corrective lens assignment (prescribing convex converging lenses for nearsightedness/myopia).,True,eye_defect_diagram,Myopic eye where rays from distant object focus in front of the retina. Concave diverging lens corrects focus back onto the retina.,train
REC-00139,PHY-Class10-03-0139,HUMAN_EYE_VISION_DEFECTS,Class 10,The Human Eye and the Colourful World,Myopia and Hypermetropia Correction,A student sitting on the back bench cannot read the chalkboard clearly (distant vision impaired) but can read his textbook easily. Name the defect and the type of corrective lens required.,"The defect is Myopia (nearsightedness), where parallel rays from distant objects converge in front of the retina. A Concave (diverging) lens is required.","Defect is Myopia, but he needs a convex magnifying lens to make the distant chalkboard larger.",MISC-EYE-001: Vision Defect Corrective Inversion,conceptual_misconception,High,Inverts corrective lens assignment (prescribing convex converging lenses for nearsightedness/myopia).,True,eye_defect_diagram,Myopic eye where rays from distant object focus in front of the retina. Concave diverging lens corrects focus back onto the retina.,train
REC-00140,PHY-Class10-03-0140,HUMAN_EYE_VISION_DEFECTS,Class 10,The Human Eye and the Colourful World,Myopia and Hypermetropia Correction,A person with a far point of 120 cm cannot see distant stars clearly. What eye defect do they have and which lens will restore clear vision?,"The defect is Myopia (nearsightedness), where parallel rays from distant objects converge in front of the retina. A Concave (diverging) lens is required.",Use a convex lens because distant objects need more converging power to reach the eye.,MISC-EYE-001: Vision Defect Corrective Inversion,conceptual_misconception,High,Inverts corrective lens assignment (prescribing convex converging lenses for nearsightedness/myopia).,True,eye_defect_diagram,Myopic eye where rays from distant object focus in front of the retina. Concave diverging lens corrects focus back onto the retina.,train
REC-00141,PHY-Class10-03-0141,HUMAN_EYE_VISION_DEFECTS,Class 10,The Human Eye and the Colourful World,Myopia and Hypermetropia Correction,An adult has trouble seeing road signs 50 meters away while having normal reading vision. Specify the ocular condition and the required spectacle lens.,"The defect is Myopia (nearsightedness), where parallel rays from distant objects converge in front of the retina. A Concave (diverging) lens is required.","The defect is Hypermetropia, and it requires a Convex (converging) lens to see the board clearly.",MISC-EYE-001: Vision Defect Corrective Inversion,conceptual_misconception,High,Inverts corrective lens assignment (prescribing convex converging lenses for nearsightedness/myopia).,True,eye_defect_diagram,Myopic eye where rays from distant object focus in front of the retina. Concave diverging lens corrects focus back onto the retina.,train
REC-00142,PHY-Class10-03-0142,HUMAN_EYE_VISION_DEFECTS,Class 10,The Human Eye and the Colourful World,Myopia and Hypermetropia Correction,A student sitting on the back bench cannot read the chalkboard clearly (distant vision impaired) but can read his textbook easily. Name the defect and the type of corrective lens required.,"The defect is Myopia (nearsightedness), where parallel rays from distant objects converge in front of the retina. A Concave (diverging) lens is required.","He has far-sightedness, so he needs a converging lens to bring the distant image into focus.",MISC-EYE-001: Vision Defect Corrective Inversion,conceptual_misconception,High,Inverts corrective lens assignment (prescribing convex converging lenses for nearsightedness/myopia).,True,eye_defect_diagram,Myopic eye where rays from distant object focus in front of the retina. Concave diverging lens corrects focus back onto the retina.,train
REC-00143,PHY-Class10-03-0143,HUMAN_EYE_VISION_DEFECTS,Class 10,The Human Eye and the Colourful World,Myopia and Hypermetropia Correction,A person with a far point of 200 cm cannot see distant stars clearly. What eye defect do they have and which lens will restore clear vision?,"The defect is Myopia (nearsightedness), where parallel rays from distant objects converge in front of the retina. A Concave (diverging) lens is required.","Defect is Myopia, but he needs a convex magnifying lens to make the distant chalkboard larger.",MISC-EYE-001: Vision Defect Corrective Inversion,conceptual_misconception,High,Inverts corrective lens assignment (prescribing convex converging lenses for nearsightedness/myopia).,True,eye_defect_diagram,Myopic eye where rays from distant object focus in front of the retina. Concave diverging lens corrects focus back onto the retina.,train
REC-00144,PHY-Class10-03-0144,HUMAN_EYE_VISION_DEFECTS,Class 10,The Human Eye and the Colourful World,Myopia and Hypermetropia Correction,An adult has trouble seeing road signs 50 meters away while having normal reading vision. Specify the ocular condition and the required spectacle lens.,"The defect is Myopia (nearsightedness), where parallel rays from distant objects converge in front of the retina. A Concave (diverging) lens is required.",Use a convex lens because distant objects need more converging power to reach the eye.,MISC-EYE-001: Vision Defect Corrective Inversion,conceptual_misconception,High,Inverts corrective lens assignment (prescribing convex converging lenses for nearsightedness/myopia).,True,eye_defect_diagram,Myopic eye where rays from distant object focus in front of the retina. Concave diverging lens corrects focus back onto the retina.,test
REC-00145,PHY-Class10-03-0145,HUMAN_EYE_VISION_DEFECTS,Class 10,The Human Eye and the Colourful World,Myopia and Hypermetropia Correction,A student sitting on the back bench cannot read the chalkboard clearly (distant vision impaired) but can read his textbook easily. Name the defect and the type of corrective lens required.,"The defect is Myopia (nearsightedness), where parallel rays from distant objects converge in front of the retina. A Concave (diverging) lens is required.","The defect is Hypermetropia, and it requires a Convex (converging) lens to see the board clearly.",MISC-EYE-001: Vision Defect Corrective Inversion,conceptual_misconception,High,Inverts corrective lens assignment (prescribing convex converging lenses for nearsightedness/myopia).,True,eye_defect_diagram,Myopic eye where rays from distant object focus in front of the retina. Concave diverging lens corrects focus back onto the retina.,val
REC-00146,PHY-Class10-03-0146,HUMAN_EYE_VISION_DEFECTS,Class 10,The Human Eye and the Colourful World,Myopia and Hypermetropia Correction,A person with a far point of 80 cm cannot see distant stars clearly. What eye defect do they have and which lens will restore clear vision?,"The defect is Myopia (nearsightedness), where parallel rays from distant objects converge in front of the retina. A Concave (diverging) lens is required.","He has far-sightedness, so he needs a converging lens to bring the distant image into focus.",MISC-EYE-001: Vision Defect Corrective Inversion,conceptual_misconception,High,Inverts corrective lens assignment (prescribing convex converging lenses for nearsightedness/myopia).,True,eye_defect_diagram,Myopic eye where rays from distant object focus in front of the retina. Concave diverging lens corrects focus back onto the retina.,test
REC-00147,PHY-Class10-03-0147,HUMAN_EYE_VISION_DEFECTS,Class 10,The Human Eye and the Colourful World,Myopia and Hypermetropia Correction,An adult has trouble seeing road signs 50 meters away while having normal reading vision. Specify the ocular condition and the required spectacle lens.,"The defect is Myopia (nearsightedness), where parallel rays from distant objects converge in front of the retina. A Concave (diverging) lens is required.","Defect is Myopia, but he needs a convex magnifying lens to make the distant chalkboard larger.",MISC-EYE-001: Vision Defect Corrective Inversion,conceptual_misconception,High,Inverts corrective lens assignment (prescribing convex converging lenses for nearsightedness/myopia).,True,eye_defect_diagram,Myopic eye where rays from distant object focus in front of the retina. Concave diverging lens corrects focus back onto the retina.,train
REC-00148,PHY-Class10-03-0148,HUMAN_EYE_VISION_DEFECTS,Class 10,The Human Eye and the Colourful World,Myopia and Hypermetropia Correction,A student sitting on the back bench cannot read the chalkboard clearly (distant vision impaired) but can read his textbook easily. Name the defect and the type of corrective lens required.,"The defect is Myopia (nearsightedness), where parallel rays from distant objects converge in front of the retina. A Concave (diverging) lens is required.",Use a convex lens because distant objects need more converging power to reach the eye.,MISC-EYE-001: Vision Defect Corrective Inversion,conceptual_misconception,High,Inverts corrective lens assignment (prescribing convex converging lenses for nearsightedness/myopia).,True,eye_defect_diagram,Myopic eye where rays from distant object focus in front of the retina. Concave diverging lens corrects focus back onto the retina.,test
REC-00149,PHY-Class10-03-0149,HUMAN_EYE_VISION_DEFECTS,Class 10,The Human Eye and the Colourful World,Myopia and Hypermetropia Correction,A person with a far point of 100 cm cannot see distant stars clearly. What eye defect do they have and which lens will restore clear vision?,"The defect is Myopia (nearsightedness), where parallel rays from distant objects converge in front of the retina. A Concave (diverging) lens is required.","The defect is Hypermetropia, and it requires a Convex (converging) lens to see the board clearly.",MISC-EYE-001: Vision Defect Corrective Inversion,conceptual_misconception,High,Inverts corrective lens assignment (prescribing convex converging lenses for nearsightedness/myopia).,True,eye_defect_diagram,Myopic eye where rays from distant object focus in front of the retina. Concave diverging lens corrects focus back onto the retina.,train
REC-00150,PHY-Class10-03-0150,HUMAN_EYE_VISION_DEFECTS,Class 10,The Human Eye and the Colourful World,Myopia and Hypermetropia Correction,An adult has trouble seeing road signs 50 meters away while having normal reading vision. Specify the ocular condition and the required spectacle lens.,"The defect is Myopia (nearsightedness), where parallel rays from distant objects converge in front of the retina. A Concave (diverging) lens is required.","He has far-sightedness, so he needs a converging lens to bring the distant image into focus.",MISC-EYE-001: Vision Defect Corrective Inversion,conceptual_misconception,High,Inverts corrective lens assignment (prescribing convex converging lenses for nearsightedness/myopia).,True,eye_defect_diagram,Myopic eye where rays from distant object focus in front of the retina. Concave diverging lens corrects focus back onto the retina.,train
REC-00151,PHY-Class10-03-0151,HUMAN_EYE_VISION_DEFECTS,Class 10,The Human Eye and the Colourful World,Myopia and Hypermetropia Correction,A student sitting on the back bench cannot read the chalkboard clearly (distant vision impaired) but can read his textbook easily. Name the defect and the type of corrective lens required.,"The defect is Myopia (nearsightedness), where parallel rays from distant objects converge in front of the retina. A Concave (diverging) lens is required.","Defect is Myopia, but he needs a convex magnifying lens to make the distant chalkboard larger.",MISC-EYE-001: Vision Defect Corrective Inversion,conceptual_misconception,High,Inverts corrective lens assignment (prescribing convex converging lenses for nearsightedness/myopia).,True,eye_defect_diagram,Myopic eye where rays from distant object focus in front of the retina. Concave diverging lens corrects focus back onto the retina.,train
REC-00152,PHY-Class10-03-0152,HUMAN_EYE_VISION_DEFECTS,Class 10,The Human Eye and the Colourful World,Myopia and Hypermetropia Correction,A person with a far point of 150 cm cannot see distant stars clearly. What eye defect do they have and which lens will restore clear vision?,"The defect is Myopia (nearsightedness), where parallel rays from distant objects converge in front of the retina. A Concave (diverging) lens is required.",Use a convex lens because distant objects need more converging power to reach the eye.,MISC-EYE-001: Vision Defect Corrective Inversion,conceptual_misconception,High,Inverts corrective lens assignment (prescribing convex converging lenses for nearsightedness/myopia).,True,eye_defect_diagram,Myopic eye where rays from distant object focus in front of the retina. Concave diverging lens corrects focus back onto the retina.,train
REC-00153,PHY-Class10-03-0153,HUMAN_EYE_VISION_DEFECTS,Class 10,The Human Eye and the Colourful World,Myopia and Hypermetropia Correction,An adult has trouble seeing road signs 50 meters away while having normal reading vision. Specify the ocular condition and the required spectacle lens.,"The defect is Myopia (nearsightedness), where parallel rays from distant objects converge in front of the retina. A Concave (diverging) lens is required.","The defect is Hypermetropia, and it requires a Convex (converging) lens to see the board clearly.",MISC-EYE-001: Vision Defect Corrective Inversion,conceptual_misconception,High,Inverts corrective lens assignment (prescribing convex converging lenses for nearsightedness/myopia).,True,eye_defect_diagram,Myopic eye where rays from distant object focus in front of the retina. Concave diverging lens corrects focus back onto the retina.,train
REC-00154,PHY-Class10-03-0154,HUMAN_EYE_VISION_DEFECTS,Class 10,The Human Eye and the Colourful World,Myopia and Hypermetropia Correction,A student sitting on the back bench cannot read the chalkboard clearly (distant vision impaired) but can read his textbook easily. Name the defect and the type of corrective lens required.,"The defect is Myopia (nearsightedness), where parallel rays from distant objects converge in front of the retina. A Concave (diverging) lens is required.","He has far-sightedness, so he needs a converging lens to bring the distant image into focus.",MISC-EYE-001: Vision Defect Corrective Inversion,conceptual_misconception,High,Inverts corrective lens assignment (prescribing convex converging lenses for nearsightedness/myopia).,True,eye_defect_diagram,Myopic eye where rays from distant object focus in front of the retina. Concave diverging lens corrects focus back onto the retina.,train
REC-00155,PHY-Class10-03-0155,HUMAN_EYE_VISION_DEFECTS,Class 10,The Human Eye and the Colourful World,Myopia and Hypermetropia Correction,A person with a far point of 120 cm cannot see distant stars clearly. What eye defect do they have and which lens will restore clear vision?,"The defect is Myopia (nearsightedness), where parallel rays from distant objects converge in front of the retina. A Concave (diverging) lens is required.","Defect is Myopia, but he needs a convex magnifying lens to make the distant chalkboard larger.",MISC-EYE-001: Vision Defect Corrective Inversion,conceptual_misconception,High,Inverts corrective lens assignment (prescribing convex converging lenses for nearsightedness/myopia).,True,eye_defect_diagram,Myopic eye where rays from distant object focus in front of the retina. Concave diverging lens corrects focus back onto the retina.,train
REC-00156,PHY-Class10-03-0156,HUMAN_EYE_VISION_DEFECTS,Class 10,The Human Eye and the Colourful World,Myopia and Hypermetropia Correction,An adult has trouble seeing road signs 50 meters away while having normal reading vision. Specify the ocular condition and the required spectacle lens.,"The defect is Myopia (nearsightedness), where parallel rays from distant objects converge in front of the retina. A Concave (diverging) lens is required.",Use a convex lens because distant objects need more converging power to reach the eye.,MISC-EYE-001: Vision Defect Corrective Inversion,conceptual_misconception,High,Inverts corrective lens assignment (prescribing convex converging lenses for nearsightedness/myopia).,True,eye_defect_diagram,Myopic eye where rays from distant object focus in front of the retina. Concave diverging lens corrects focus back onto the retina.,train
REC-00157,PHY-Class10-03-0157,HUMAN_EYE_VISION_DEFECTS,Class 10,The Human Eye and the Colourful World,Myopia and Hypermetropia Correction,A student sitting on the back bench cannot read the chalkboard clearly (distant vision impaired) but can read his textbook easily. Name the defect and the type of corrective lens required.,"The defect is Myopia (nearsightedness), where parallel rays from distant objects converge in front of the retina. A Concave (diverging) lens is required.","The defect is Myopia (short-sightedness). Because the eyeball is elongated, rays focus before the retina; a Concave (diverging) lens is required to diverge the rays.",CORRECT: Scientifically Accurate Response,no_error,High,Rigorous scientific reasoning with valid physical principles and mathematical steps.,True,eye_defect_diagram,Myopic eye where rays from distant object focus in front of the retina. Concave diverging lens corrects focus back onto the retina.,val
REC-00158,PHY-Class10-03-0158,HUMAN_EYE_VISION_DEFECTS,Class 10,The Human Eye and the Colourful World,Myopia and Hypermetropia Correction,A person with a far point of 150 cm cannot see distant stars clearly. What eye defect do they have and which lens will restore clear vision?,"The defect is Myopia (nearsightedness), where parallel rays from distant objects converge in front of the retina. A Concave (diverging) lens is required.",Condition is Myopia. It is corrected by using spectacles with concave lenses of appropriate focal length.,CORRECT: Scientifically Accurate Response,no_error,High,Rigorous scientific reasoning with valid physical principles and mathematical steps.,True,eye_defect_diagram,Myopic eye where rays from distant object focus in front of the retina. Concave diverging lens corrects focus back onto the retina.,train
REC-00159,PHY-Class10-03-0159,HUMAN_EYE_VISION_DEFECTS,Class 10,The Human Eye and the Colourful World,Myopia and Hypermetropia Correction,An adult has trouble seeing road signs 50 meters away while having normal reading vision. Specify the ocular condition and the required spectacle lens.,"The defect is Myopia (nearsightedness), where parallel rays from distant objects converge in front of the retina. A Concave (diverging) lens is required.","The defect is Myopia (short-sightedness). Because the eyeball is elongated, rays focus before the retina; a Concave (diverging) lens is required to diverge the rays.",CORRECT: Scientifically Accurate Response,no_error,High,Rigorous scientific reasoning with valid physical principles and mathematical steps.,True,eye_defect_diagram,Myopic eye where rays from distant object focus in front of the retina. Concave diverging lens corrects focus back onto the retina.,test
REC-00160,PHY-Class10-03-0160,HUMAN_EYE_VISION_DEFECTS,Class 10,The Human Eye and the Colourful World,Myopia and Hypermetropia Correction,A student sitting on the back bench cannot read the chalkboard clearly (distant vision impaired) but can read his textbook easily. Name the defect and the type of corrective lens required.,"The defect is Myopia (nearsightedness), where parallel rays from distant objects converge in front of the retina. A Concave (diverging) lens is required.",Condition is Myopia. It is corrected by using spectacles with concave lenses of appropriate focal length.,CORRECT: Scientifically Accurate Response,no_error,High,Rigorous scientific reasoning with valid physical principles and mathematical steps.,True,eye_defect_diagram,Myopic eye where rays from distant object focus in front of the retina. Concave diverging lens corrects focus back onto the retina.,train
REC-00161,PHY-Class10-03-0161,HUMAN_EYE_VISION_DEFECTS,Class 10,The Human Eye and the Colourful World,Myopia and Hypermetropia Correction,A person with a far point of 120 cm cannot see distant stars clearly. What eye defect do they have and which lens will restore clear vision?,"The defect is Myopia (nearsightedness), where parallel rays from distant objects converge in front of the retina. A Concave (diverging) lens is required.","The defect is Myopia (short-sightedness). Because the eyeball is elongated, rays focus before the retina; a Concave (diverging) lens is required to diverge the rays.",CORRECT: Scientifically Accurate Response,no_error,High,Rigorous scientific reasoning with valid physical principles and mathematical steps.,True,eye_defect_diagram,Myopic eye where rays from distant object focus in front of the retina. Concave diverging lens corrects focus back onto the retina.,val
REC-00162,PHY-Class10-03-0162,HUMAN_EYE_VISION_DEFECTS,Class 10,The Human Eye and the Colourful World,Myopia and Hypermetropia Correction,An adult has trouble seeing road signs 50 meters away while having normal reading vision. Specify the ocular condition and the required spectacle lens.,"The defect is Myopia (nearsightedness), where parallel rays from distant objects converge in front of the retina. A Concave (diverging) lens is required.",Condition is Myopia. It is corrected by using spectacles with concave lenses of appropriate focal length.,CORRECT: Scientifically Accurate Response,no_error,High,Rigorous scientific reasoning with valid physical principles and mathematical steps.,True,eye_defect_diagram,Myopic eye where rays from distant object focus in front of the retina. Concave diverging lens corrects focus back onto the retina.,train
REC-00163,PHY-Class10-03-0163,HUMAN_EYE_VISION_DEFECTS,Class 10,The Human Eye and the Colourful World,Myopia and Hypermetropia Correction,A student sitting on the back bench cannot read the chalkboard clearly (distant vision impaired) but can read his textbook easily. Name the defect and the type of corrective lens required.,"The defect is Myopia (nearsightedness), where parallel rays from distant objects converge in front of the retina. A Concave (diverging) lens is required.","The defect is Myopia (short-sightedness). Because the eyeball is elongated, rays focus before the retina; a Concave (diverging) lens is required to diverge the rays.",CORRECT: Scientifically Accurate Response,no_error,High,Rigorous scientific reasoning with valid physical principles and mathematical steps.,True,eye_defect_diagram,Myopic eye where rays from distant object focus in front of the retina. Concave diverging lens corrects focus back onto the retina.,train
REC-00164,PHY-Class10-03-0164,HUMAN_EYE_VISION_DEFECTS,Class 10,The Human Eye and the Colourful World,Myopia and Hypermetropia Correction,A person with a far point of 200 cm cannot see distant stars clearly. What eye defect do they have and which lens will restore clear vision?,"The defect is Myopia (nearsightedness), where parallel rays from distant objects converge in front of the retina. A Concave (diverging) lens is required.",Condition is Myopia. It is corrected by using spectacles with concave lenses of appropriate focal length.,CORRECT: Scientifically Accurate Response,no_error,High,Rigorous scientific reasoning with valid physical principles and mathematical steps.,True,eye_defect_diagram,Myopic eye where rays from distant object focus in front of the retina. Concave diverging lens corrects focus back onto the retina.,test
REC-00165,PHY-Class10-03-0165,HUMAN_EYE_VISION_DEFECTS,Class 10,The Human Eye and the Colourful World,Myopia and Hypermetropia Correction,An adult has trouble seeing road signs 50 meters away while having normal reading vision. Specify the ocular condition and the required spectacle lens.,"The defect is Myopia (nearsightedness), where parallel rays from distant objects converge in front of the retina. A Concave (diverging) lens is required.","The defect is Myopia (short-sightedness). Because the eyeball is elongated, rays focus before the retina; a Concave (diverging) lens is required to diverge the rays.",CORRECT: Scientifically Accurate Response,no_error,High,Rigorous scientific reasoning with valid physical principles and mathematical steps.,True,eye_defect_diagram,Myopic eye where rays from distant object focus in front of the retina. Concave diverging lens corrects focus back onto the retina.,train
REC-00166,PHY-Class10-03-0166,HUMAN_EYE_VISION_DEFECTS,Class 10,The Human Eye and the Colourful World,Myopia and Hypermetropia Correction,A student sitting on the back bench cannot read the chalkboard clearly (distant vision impaired) but can read his textbook easily. Name the defect and the type of corrective lens required.,"The defect is Myopia (nearsightedness), where parallel rays from distant objects converge in front of the retina. A Concave (diverging) lens is required.",Condition is Myopia. It is corrected by using spectacles with concave lenses of appropriate focal length.,CORRECT: Scientifically Accurate Response,no_error,High,Rigorous scientific reasoning with valid physical principles and mathematical steps.,True,eye_defect_diagram,Myopic eye where rays from distant object focus in front of the retina. Concave diverging lens corrects focus back onto the retina.,train
REC-00167,PHY-Class10-03-0167,HUMAN_EYE_VISION_DEFECTS,Class 10,The Human Eye and the Colourful World,Myopia and Hypermetropia Correction,A person with a far point of 80 cm cannot see distant stars clearly. What eye defect do they have and which lens will restore clear vision?,"The defect is Myopia (nearsightedness), where parallel rays from distant objects converge in front of the retina. A Concave (diverging) lens is required.","The defect is Myopia (short-sightedness). Because the eyeball is elongated, rays focus before the retina; a Concave (diverging) lens is required to diverge the rays.",CORRECT: Scientifically Accurate Response,no_error,High,Rigorous scientific reasoning with valid physical principles and mathematical steps.,True,eye_defect_diagram,Myopic eye where rays from distant object focus in front of the retina. Concave diverging lens corrects focus back onto the retina.,train
REC-00168,PHY-Class10-03-0168,HUMAN_EYE_VISION_DEFECTS,Class 10,The Human Eye and the Colourful World,Myopia and Hypermetropia Correction,An adult has trouble seeing road signs 50 meters away while having normal reading vision. Specify the ocular condition and the required spectacle lens.,"The defect is Myopia (nearsightedness), where parallel rays from distant objects converge in front of the retina. A Concave (diverging) lens is required.",Condition is Myopia. It is corrected by using spectacles with concave lenses of appropriate focal length.,CORRECT: Scientifically Accurate Response,no_error,High,Rigorous scientific reasoning with valid physical principles and mathematical steps.,True,eye_defect_diagram,Myopic eye where rays from distant object focus in front of the retina. Concave diverging lens corrects focus back onto the retina.,train
REC-00169,PHY-Class10-03-0169,HUMAN_EYE_VISION_DEFECTS,Class 10,The Human Eye and the Colourful World,Myopia and Hypermetropia Correction,A student sitting on the back bench cannot read the chalkboard clearly (distant vision impaired) but can read his textbook easily. Name the defect and the type of corrective lens required.,"The defect is Myopia (nearsightedness), where parallel rays from distant objects converge in front of the retina. A Concave (diverging) lens is required.","Correctly identified Myopia and concave lens, but calculated focal length as P = 1/f = 1/0.8 = 1.0 D instead of -1.25 D.",CARELESS_CALCULATION_ERROR,calculation_slip,Medium,Conceptual formula choice is correct; error is isolated to an arithmetic slip.,True,eye_defect_diagram,Myopic eye where rays from distant object focus in front of the retina. Concave diverging lens corrects focus back onto the retina.,train
REC-00170,PHY-Class10-03-0170,HUMAN_EYE_VISION_DEFECTS,Class 10,The Human Eye and the Colourful World,Myopia and Hypermetropia Correction,A person with a far point of 150 cm cannot see distant stars clearly. What eye defect do they have and which lens will restore clear vision?,"The defect is Myopia (nearsightedness), where parallel rays from distant objects converge in front of the retina. A Concave (diverging) lens is required.","Defect is Myopia and lens is concave, but made an arithmetic slip in dioptre power calculation.",CARELESS_CALCULATION_ERROR,calculation_slip,Medium,Conceptual formula choice is correct; error is isolated to an arithmetic slip.,True,eye_defect_diagram,Myopic eye where rays from distant object focus in front of the retina. Concave diverging lens corrects focus back onto the retina.,test
REC-00171,PHY-Class10-03-0171,HUMAN_EYE_VISION_DEFECTS,Class 10,The Human Eye and the Colourful World,Myopia and Hypermetropia Correction,An adult has trouble seeing road signs 50 meters away while having normal reading vision. Specify the ocular condition and the required spectacle lens.,"The defect is Myopia (nearsightedness), where parallel rays from distant objects converge in front of the retina. A Concave (diverging) lens is required.","Correctly identified Myopia and concave lens, but calculated focal length as P = 1/f = 1/0.8 = 1.0 D instead of -1.25 D.",CARELESS_CALCULATION_ERROR,calculation_slip,Medium,Conceptual formula choice is correct; error is isolated to an arithmetic slip.,True,eye_defect_diagram,Myopic eye where rays from distant object focus in front of the retina. Concave diverging lens corrects focus back onto the retina.,val
REC-00172,PHY-Class10-03-0172,HUMAN_EYE_VISION_DEFECTS,Class 10,The Human Eye and the Colourful World,Myopia and Hypermetropia Correction,A student sitting on the back bench cannot read the chalkboard clearly (distant vision impaired) but can read his textbook easily. Name the defect and the type of corrective lens required.,"The defect is Myopia (nearsightedness), where parallel rays from distant objects converge in front of the retina. A Concave (diverging) lens is required.","Defect is Myopia and lens is concave, but made an arithmetic slip in dioptre power calculation.",CARELESS_CALCULATION_ERROR,calculation_slip,Medium,Conceptual formula choice is correct; error is isolated to an arithmetic slip.,True,eye_defect_diagram,Myopic eye where rays from distant object focus in front of the retina. Concave diverging lens corrects focus back onto the retina.,train
REC-00173,PHY-Class10-03-0173,HUMAN_EYE_VISION_DEFECTS,Class 10,The Human Eye and the Colourful World,Myopia and Hypermetropia Correction,A student sitting on the back bench cannot read the chalkboard clearly (distant vision impaired) but can read his textbook easily. Name the defect and the type of corrective lens required.,"The defect is Myopia (nearsightedness), where parallel rays from distant objects converge in front of the retina. A Concave (diverging) lens is required.",Power of the corrective concave lens is -1.25 Watts instead of Dioptres.,UNIT_CONVERSION_ERROR,unit_error,High,"Numerical reasoning is sound, but units were omitted or confused with another physical quantity.",True,eye_defect_diagram,Myopic eye where rays from distant object focus in front of the retina. Concave diverging lens corrects focus back onto the retina.,train
REC-00174,PHY-Class10-03-0174,HUMAN_EYE_VISION_DEFECTS,Class 10,The Human Eye and the Colourful World,Myopia and Hypermetropia Correction,A person with a far point of 150 cm cannot see distant stars clearly. What eye defect do they have and which lens will restore clear vision?,"The defect is Myopia (nearsightedness), where parallel rays from distant objects converge in front of the retina. A Concave (diverging) lens is required.",Stated lens power as -1.25 m without dioptre units.,UNIT_CONVERSION_ERROR,unit_error,High,"Numerical reasoning is sound, but units were omitted or confused with another physical quantity.",True,eye_defect_diagram,Myopic eye where rays from distant object focus in front of the retina. Concave diverging lens corrects focus back onto the retina.,val
REC-00175,PHY-Class10-03-0175,HUMAN_EYE_VISION_DEFECTS,Class 10,The Human Eye and the Colourful World,Myopia and Hypermetropia Correction,An adult has trouble seeing road signs 50 meters away while having normal reading vision. Specify the ocular condition and the required spectacle lens.,"The defect is Myopia (nearsightedness), where parallel rays from distant objects converge in front of the retina. A Concave (diverging) lens is required.",Power of the corrective concave lens is -1.25 Watts instead of Dioptres.,UNIT_CONVERSION_ERROR,unit_error,High,"Numerical reasoning is sound, but units were omitted or confused with another physical quantity.",True,eye_defect_diagram,Myopic eye where rays from distant object focus in front of the retina. Concave diverging lens corrects focus back onto the retina.,test
REC-00176,PHY-Class10-03-0176,HUMAN_EYE_VISION_DEFECTS,Class 10,The Human Eye and the Colourful World,Myopia and Hypermetropia Correction,A student sitting on the back bench cannot read the chalkboard clearly (distant vision impaired) but can read his textbook easily. Name the defect and the type of corrective lens required.,"The defect is Myopia (nearsightedness), where parallel rays from distant objects converge in front of the retina. A Concave (diverging) lens is required.",Stated lens power as -1.25 m without dioptre units.,UNIT_CONVERSION_ERROR,unit_error,High,"Numerical reasoning is sound, but units were omitted or confused with another physical quantity.",True,eye_defect_diagram,Myopic eye where rays from distant object focus in front of the retina. Concave diverging lens corrects focus back onto the retina.,train
REC-00177,PHY-Class10-03-0177,HUMAN_EYE_VISION_DEFECTS,Class 10,The Human Eye and the Colourful World,Myopia and Hypermetropia Correction,A student sitting on the back bench cannot read the chalkboard clearly (distant vision impaired) but can read his textbook easily. Name the defect and the type of corrective lens required.,"The defect is Myopia (nearsightedness), where parallel rays from distant objects converge in front of the retina. A Concave (diverging) lens is required.","It is either myopia or hypermetropia, but I cannot recall which one uses concave lenses.",UNSURE_INSUFFICIENT_EVIDENCE,guessing_unclear,Low,Student response contains minimal reasoning or expresses explicit uncertainty; requires diagnostic probe.,True,eye_defect_diagram,Myopic eye where rays from distant object focus in front of the retina. Concave diverging lens corrects focus back onto the retina.,test
REC-00178,PHY-Class10-03-0178,HUMAN_EYE_VISION_DEFECTS,Class 10,The Human Eye and the Colourful World,Myopia and Hypermetropia Correction,A person with a far point of 150 cm cannot see distant stars clearly. What eye defect do they have and which lens will restore clear vision?,"The defect is Myopia (nearsightedness), where parallel rays from distant objects converge in front of the retina. A Concave (diverging) lens is required.","I know glasses are needed, but unsure whether converging or diverging.",UNSURE_INSUFFICIENT_EVIDENCE,guessing_unclear,Low,Student response contains minimal reasoning or expresses explicit uncertainty; requires diagnostic probe.,True,eye_defect_diagram,Myopic eye where rays from distant object focus in front of the retina. Concave diverging lens corrects focus back onto the retina.,val
REC-00179,PHY-Class10-03-0179,HUMAN_EYE_VISION_DEFECTS,Class 10,The Human Eye and the Colourful World,Myopia and Hypermetropia Correction,An adult has trouble seeing road signs 50 meters away while having normal reading vision. Specify the ocular condition and the required spectacle lens.,"The defect is Myopia (nearsightedness), where parallel rays from distant objects converge in front of the retina. A Concave (diverging) lens is required.","It is either myopia or hypermetropia, but I cannot recall which one uses concave lenses.",UNSURE_INSUFFICIENT_EVIDENCE,guessing_unclear,Low,Student response contains minimal reasoning or expresses explicit uncertainty; requires diagnostic probe.,True,eye_defect_diagram,Myopic eye where rays from distant object focus in front of the retina. Concave diverging lens corrects focus back onto the retina.,train
REC-00180,PHY-Class10-03-0180,HUMAN_EYE_VISION_DEFECTS,Class 10,The Human Eye and the Colourful World,Myopia and Hypermetropia Correction,A student sitting on the back bench cannot read the chalkboard clearly (distant vision impaired) but can read his textbook easily. Name the defect and the type of corrective lens required.,"The defect is Myopia (nearsightedness), where parallel rays from distant objects converge in front of the retina. A Concave (diverging) lens is required.","I know glasses are needed, but unsure whether converging or diverging.",UNSURE_INSUFFICIENT_EVIDENCE,guessing_unclear,Low,Student response contains minimal reasoning or expresses explicit uncertainty; requires diagnostic probe.,True,eye_defect_diagram,Myopic eye where rays from distant object focus in front of the retina. Concave diverging lens corrects focus back onto the retina.,train
REC-00181,PHY-Class10-04-0181,HUMAN_EYE_PRISM_DISPERSION,Class 10,The Human Eye and the Colourful World,Dispersion of White Light through a Glass Prism,"When a narrow beam of white light passes through a glass prism, it splits into a band of seven colours. Which colour bends the most, and which colour travels fastest inside the glass?",Violet bends the most because it has the shortest wavelength and experiences the highest refractive index in glass. Red travels fastest in glass and deviates the least.,Red bends the most because red is the strongest colour and has the most energy.,MISC-EYE-002: Prism Dispersion Speed and Deviation Inversion,conceptual_misconception,High,"Believes red bends the most because it is 'strongest', or claims violet travels fastest inside the glass medium.",True,prism_dispersion,"White light beam incident on triangular glass prism dispersing into VIBGYOR spectrum. Red refracts least, Violet refracts most.",train
REC-00182,PHY-Class10-04-0182,HUMAN_EYE_PRISM_DISPERSION,Class 10,The Human Eye and the Colourful World,Dispersion of White Light through a Glass Prism,"During refraction through a triangular prism, why does violet light deviate through a larger angle than red light?",Violet bends the most because it has the shortest wavelength and experiences the highest refractive index in glass. Red travels fastest in glass and deviates the least.,Violet travels fastest inside the glass because it is at the bottom of the spectrum.,MISC-EYE-002: Prism Dispersion Speed and Deviation Inversion,conceptual_misconception,High,"Believes red bends the most because it is 'strongest', or claims violet travels fastest inside the glass medium.",True,prism_dispersion,"White light beam incident on triangular glass prism dispersing into VIBGYOR spectrum. Red refracts least, Violet refracts most.",train
REC-00183,PHY-Class10-04-0183,HUMAN_EYE_PRISM_DISPERSION,Class 10,The Human Eye and the Colourful World,Dispersion of White Light through a Glass Prism,A beam of sunlight enters a glass prism. Compare the refractive index of glass for red light versus violet light.,Violet bends the most because it has the shortest wavelength and experiences the highest refractive index in glass. Red travels fastest in glass and deviates the least.,Red deviates through the largest angle because it has the longest wavelength.,MISC-EYE-002: Prism Dispersion Speed and Deviation Inversion,conceptual_misconception,High,"Believes red bends the most because it is 'strongest', or claims violet travels fastest inside the glass medium.",True,prism_dispersion,"White light beam incident on triangular glass prism dispersing into VIBGYOR spectrum. Red refracts least, Violet refracts most.",val
REC-00184,PHY-Class10-04-0184,HUMAN_EYE_PRISM_DISPERSION,Class 10,The Human Eye and the Colourful World,Dispersion of White Light through a Glass Prism,"When a narrow beam of white light passes through a glass prism, it splits into a band of seven colours. Which colour bends the most, and which colour travels fastest inside the glass?",Violet bends the most because it has the shortest wavelength and experiences the highest refractive index in glass. Red travels fastest in glass and deviates the least.,Violet light bends least because it moves faster than red light in the prism.,MISC-EYE-002: Prism Dispersion Speed and Deviation Inversion,conceptual_misconception,High,"Believes red bends the most because it is 'strongest', or claims violet travels fastest inside the glass medium.",True,prism_dispersion,"White light beam incident on triangular glass prism dispersing into VIBGYOR spectrum. Red refracts least, Violet refracts most.",test
REC-00185,PHY-Class10-04-0185,HUMAN_EYE_PRISM_DISPERSION,Class 10,The Human Eye and the Colourful World,Dispersion of White Light through a Glass Prism,"During refraction through a triangular prism, why does violet light deviate through a larger angle than red light?",Violet bends the most because it has the shortest wavelength and experiences the highest refractive index in glass. Red travels fastest in glass and deviates the least.,Red bends the most because red is the strongest colour and has the most energy.,MISC-EYE-002: Prism Dispersion Speed and Deviation Inversion,conceptual_misconception,High,"Believes red bends the most because it is 'strongest', or claims violet travels fastest inside the glass medium.",True,prism_dispersion,"White light beam incident on triangular glass prism dispersing into VIBGYOR spectrum. Red refracts least, Violet refracts most.",train
REC-00186,PHY-Class10-04-0186,HUMAN_EYE_PRISM_DISPERSION,Class 10,The Human Eye and the Colourful World,Dispersion of White Light through a Glass Prism,A beam of sunlight enters a glass prism. Compare the refractive index of glass for red light versus violet light.,Violet bends the most because it has the shortest wavelength and experiences the highest refractive index in glass. Red travels fastest in glass and deviates the least.,Violet travels fastest inside the glass because it is at the bottom of the spectrum.,MISC-EYE-002: Prism Dispersion Speed and Deviation Inversion,conceptual_misconception,High,"Believes red bends the most because it is 'strongest', or claims violet travels fastest inside the glass medium.",True,prism_dispersion,"White light beam incident on triangular glass prism dispersing into VIBGYOR spectrum. Red refracts least, Violet refracts most.",test
REC-00187,PHY-Class10-04-0187,HUMAN_EYE_PRISM_DISPERSION,Class 10,The Human Eye and the Colourful World,Dispersion of White Light through a Glass Prism,"When a narrow beam of white light passes through a glass prism, it splits into a band of seven colours. Which colour bends the most, and which colour travels fastest inside the glass?",Violet bends the most because it has the shortest wavelength and experiences the highest refractive index in glass. Red travels fastest in glass and deviates the least.,Red deviates through the largest angle because it has the longest wavelength.,MISC-EYE-002: Prism Dispersion Speed and Deviation Inversion,conceptual_misconception,High,"Believes red bends the most because it is 'strongest', or claims violet travels fastest inside the glass medium.",True,prism_dispersion,"White light beam incident on triangular glass prism dispersing into VIBGYOR spectrum. Red refracts least, Violet refracts most.",train
REC-00188,PHY-Class10-04-0188,HUMAN_EYE_PRISM_DISPERSION,Class 10,The Human Eye and the Colourful World,Dispersion of White Light through a Glass Prism,"During refraction through a triangular prism, why does violet light deviate through a larger angle than red light?",Violet bends the most because it has the shortest wavelength and experiences the highest refractive index in glass. Red travels fastest in glass and deviates the least.,Violet light bends least because it moves faster than red light in the prism.,MISC-EYE-002: Prism Dispersion Speed and Deviation Inversion,conceptual_misconception,High,"Believes red bends the most because it is 'strongest', or claims violet travels fastest inside the glass medium.",True,prism_dispersion,"White light beam incident on triangular glass prism dispersing into VIBGYOR spectrum. Red refracts least, Violet refracts most.",train
REC-00189,PHY-Class10-04-0189,HUMAN_EYE_PRISM_DISPERSION,Class 10,The Human Eye and the Colourful World,Dispersion of White Light through a Glass Prism,A beam of sunlight enters a glass prism. Compare the refractive index of glass for red light versus violet light.,Violet bends the most because it has the shortest wavelength and experiences the highest refractive index in glass. Red travels fastest in glass and deviates the least.,Red bends the most because red is the strongest colour and has the most energy.,MISC-EYE-002: Prism Dispersion Speed and Deviation Inversion,conceptual_misconception,High,"Believes red bends the most because it is 'strongest', or claims violet travels fastest inside the glass medium.",True,prism_dispersion,"White light beam incident on triangular glass prism dispersing into VIBGYOR spectrum. Red refracts least, Violet refracts most.",train
REC-00190,PHY-Class10-04-0190,HUMAN_EYE_PRISM_DISPERSION,Class 10,The Human Eye and the Colourful World,Dispersion of White Light through a Glass Prism,"When a narrow beam of white light passes through a glass prism, it splits into a band of seven colours. Which colour bends the most, and which colour travels fastest inside the glass?",Violet bends the most because it has the shortest wavelength and experiences the highest refractive index in glass. Red travels fastest in glass and deviates the least.,Violet travels fastest inside the glass because it is at the bottom of the spectrum.,MISC-EYE-002: Prism Dispersion Speed and Deviation Inversion,conceptual_misconception,High,"Believes red bends the most because it is 'strongest', or claims violet travels fastest inside the glass medium.",True,prism_dispersion,"White light beam incident on triangular glass prism dispersing into VIBGYOR spectrum. Red refracts least, Violet refracts most.",train
REC-00191,PHY-Class10-04-0191,HUMAN_EYE_PRISM_DISPERSION,Class 10,The Human Eye and the Colourful World,Dispersion of White Light through a Glass Prism,"During refraction through a triangular prism, why does violet light deviate through a larger angle than red light?",Violet bends the most because it has the shortest wavelength and experiences the highest refractive index in glass. Red travels fastest in glass and deviates the least.,Red deviates through the largest angle because it has the longest wavelength.,MISC-EYE-002: Prism Dispersion Speed and Deviation Inversion,conceptual_misconception,High,"Believes red bends the most because it is 'strongest', or claims violet travels fastest inside the glass medium.",True,prism_dispersion,"White light beam incident on triangular glass prism dispersing into VIBGYOR spectrum. Red refracts least, Violet refracts most.",train
REC-00192,PHY-Class10-04-0192,HUMAN_EYE_PRISM_DISPERSION,Class 10,The Human Eye and the Colourful World,Dispersion of White Light through a Glass Prism,A beam of sunlight enters a glass prism. Compare the refractive index of glass for red light versus violet light.,Violet bends the most because it has the shortest wavelength and experiences the highest refractive index in glass. Red travels fastest in glass and deviates the least.,Violet light bends least because it moves faster than red light in the prism.,MISC-EYE-002: Prism Dispersion Speed and Deviation Inversion,conceptual_misconception,High,"Believes red bends the most because it is 'strongest', or claims violet travels fastest inside the glass medium.",True,prism_dispersion,"White light beam incident on triangular glass prism dispersing into VIBGYOR spectrum. Red refracts least, Violet refracts most.",train
REC-00193,PHY-Class10-04-0193,HUMAN_EYE_PRISM_DISPERSION,Class 10,The Human Eye and the Colourful World,Dispersion of White Light through a Glass Prism,"When a narrow beam of white light passes through a glass prism, it splits into a band of seven colours. Which colour bends the most, and which colour travels fastest inside the glass?",Violet bends the most because it has the shortest wavelength and experiences the highest refractive index in glass. Red travels fastest in glass and deviates the least.,Red bends the most because red is the strongest colour and has the most energy.,MISC-EYE-002: Prism Dispersion Speed and Deviation Inversion,conceptual_misconception,High,"Believes red bends the most because it is 'strongest', or claims violet travels fastest inside the glass medium.",True,prism_dispersion,"White light beam incident on triangular glass prism dispersing into VIBGYOR spectrum. Red refracts least, Violet refracts most.",train
REC-00194,PHY-Class10-04-0194,HUMAN_EYE_PRISM_DISPERSION,Class 10,The Human Eye and the Colourful World,Dispersion of White Light through a Glass Prism,"During refraction through a triangular prism, why does violet light deviate through a larger angle than red light?",Violet bends the most because it has the shortest wavelength and experiences the highest refractive index in glass. Red travels fastest in glass and deviates the least.,Violet travels fastest inside the glass because it is at the bottom of the spectrum.,MISC-EYE-002: Prism Dispersion Speed and Deviation Inversion,conceptual_misconception,High,"Believes red bends the most because it is 'strongest', or claims violet travels fastest inside the glass medium.",True,prism_dispersion,"White light beam incident on triangular glass prism dispersing into VIBGYOR spectrum. Red refracts least, Violet refracts most.",train
REC-00195,PHY-Class10-04-0195,HUMAN_EYE_PRISM_DISPERSION,Class 10,The Human Eye and the Colourful World,Dispersion of White Light through a Glass Prism,A beam of sunlight enters a glass prism. Compare the refractive index of glass for red light versus violet light.,Violet bends the most because it has the shortest wavelength and experiences the highest refractive index in glass. Red travels fastest in glass and deviates the least.,Red deviates through the largest angle because it has the longest wavelength.,MISC-EYE-002: Prism Dispersion Speed and Deviation Inversion,conceptual_misconception,High,"Believes red bends the most because it is 'strongest', or claims violet travels fastest inside the glass medium.",True,prism_dispersion,"White light beam incident on triangular glass prism dispersing into VIBGYOR spectrum. Red refracts least, Violet refracts most.",train
REC-00196,PHY-Class10-04-0196,HUMAN_EYE_PRISM_DISPERSION,Class 10,The Human Eye and the Colourful World,Dispersion of White Light through a Glass Prism,"When a narrow beam of white light passes through a glass prism, it splits into a band of seven colours. Which colour bends the most, and which colour travels fastest inside the glass?",Violet bends the most because it has the shortest wavelength and experiences the highest refractive index in glass. Red travels fastest in glass and deviates the least.,Violet light bends least because it moves faster than red light in the prism.,MISC-EYE-002: Prism Dispersion Speed and Deviation Inversion,conceptual_misconception,High,"Believes red bends the most because it is 'strongest', or claims violet travels fastest inside the glass medium.",True,prism_dispersion,"White light beam incident on triangular glass prism dispersing into VIBGYOR spectrum. Red refracts least, Violet refracts most.",test
REC-00197,PHY-Class10-04-0197,HUMAN_EYE_PRISM_DISPERSION,Class 10,The Human Eye and the Colourful World,Dispersion of White Light through a Glass Prism,"During refraction through a triangular prism, why does violet light deviate through a larger angle than red light?",Violet bends the most because it has the shortest wavelength and experiences the highest refractive index in glass. Red travels fastest in glass and deviates the least.,Red bends the most because red is the strongest colour and has the most energy.,MISC-EYE-002: Prism Dispersion Speed and Deviation Inversion,conceptual_misconception,High,"Believes red bends the most because it is 'strongest', or claims violet travels fastest inside the glass medium.",True,prism_dispersion,"White light beam incident on triangular glass prism dispersing into VIBGYOR spectrum. Red refracts least, Violet refracts most.",train
REC-00198,PHY-Class10-04-0198,HUMAN_EYE_PRISM_DISPERSION,Class 10,The Human Eye and the Colourful World,Dispersion of White Light through a Glass Prism,A beam of sunlight enters a glass prism. Compare the refractive index of glass for red light versus violet light.,Violet bends the most because it has the shortest wavelength and experiences the highest refractive index in glass. Red travels fastest in glass and deviates the least.,Violet travels fastest inside the glass because it is at the bottom of the spectrum.,MISC-EYE-002: Prism Dispersion Speed and Deviation Inversion,conceptual_misconception,High,"Believes red bends the most because it is 'strongest', or claims violet travels fastest inside the glass medium.",True,prism_dispersion,"White light beam incident on triangular glass prism dispersing into VIBGYOR spectrum. Red refracts least, Violet refracts most.",val
REC-00199,PHY-Class10-04-0199,HUMAN_EYE_PRISM_DISPERSION,Class 10,The Human Eye and the Colourful World,Dispersion of White Light through a Glass Prism,"When a narrow beam of white light passes through a glass prism, it splits into a band of seven colours. Which colour bends the most, and which colour travels fastest inside the glass?",Violet bends the most because it has the shortest wavelength and experiences the highest refractive index in glass. Red travels fastest in glass and deviates the least.,Red deviates through the largest angle because it has the longest wavelength.,MISC-EYE-002: Prism Dispersion Speed and Deviation Inversion,conceptual_misconception,High,"Believes red bends the most because it is 'strongest', or claims violet travels fastest inside the glass medium.",True,prism_dispersion,"White light beam incident on triangular glass prism dispersing into VIBGYOR spectrum. Red refracts least, Violet refracts most.",train
REC-00200,PHY-Class10-04-0200,HUMAN_EYE_PRISM_DISPERSION,Class 10,The Human Eye and the Colourful World,Dispersion of White Light through a Glass Prism,"During refraction through a triangular prism, why does violet light deviate through a larger angle than red light?",Violet bends the most because it has the shortest wavelength and experiences the highest refractive index in glass. Red travels fastest in glass and deviates the least.,Violet light bends least because it moves faster than red light in the prism.,MISC-EYE-002: Prism Dispersion Speed and Deviation Inversion,conceptual_misconception,High,"Believes red bends the most because it is 'strongest', or claims violet travels fastest inside the glass medium.",True,prism_dispersion,"White light beam incident on triangular glass prism dispersing into VIBGYOR spectrum. Red refracts least, Violet refracts most.",train
REC-00201,PHY-Class10-04-0201,HUMAN_EYE_PRISM_DISPERSION,Class 10,The Human Eye and the Colourful World,Dispersion of White Light through a Glass Prism,A beam of sunlight enters a glass prism. Compare the refractive index of glass for red light versus violet light.,Violet bends the most because it has the shortest wavelength and experiences the highest refractive index in glass. Red travels fastest in glass and deviates the least.,Red bends the most because red is the strongest colour and has the most energy.,MISC-EYE-002: Prism Dispersion Speed and Deviation Inversion,conceptual_misconception,High,"Believes red bends the most because it is 'strongest', or claims violet travels fastest inside the glass medium.",True,prism_dispersion,"White light beam incident on triangular glass prism dispersing into VIBGYOR spectrum. Red refracts least, Violet refracts most.",train
REC-00202,PHY-Class10-04-0202,HUMAN_EYE_PRISM_DISPERSION,Class 10,The Human Eye and the Colourful World,Dispersion of White Light through a Glass Prism,"When a narrow beam of white light passes through a glass prism, it splits into a band of seven colours. Which colour bends the most, and which colour travels fastest inside the glass?",Violet bends the most because it has the shortest wavelength and experiences the highest refractive index in glass. Red travels fastest in glass and deviates the least.,Violet travels fastest inside the glass because it is at the bottom of the spectrum.,MISC-EYE-002: Prism Dispersion Speed and Deviation Inversion,conceptual_misconception,High,"Believes red bends the most because it is 'strongest', or claims violet travels fastest inside the glass medium.",True,prism_dispersion,"White light beam incident on triangular glass prism dispersing into VIBGYOR spectrum. Red refracts least, Violet refracts most.",train
REC-00203,PHY-Class10-04-0203,HUMAN_EYE_PRISM_DISPERSION,Class 10,The Human Eye and the Colourful World,Dispersion of White Light through a Glass Prism,"During refraction through a triangular prism, why does violet light deviate through a larger angle than red light?",Violet bends the most because it has the shortest wavelength and experiences the highest refractive index in glass. Red travels fastest in glass and deviates the least.,Red deviates through the largest angle because it has the longest wavelength.,MISC-EYE-002: Prism Dispersion Speed and Deviation Inversion,conceptual_misconception,High,"Believes red bends the most because it is 'strongest', or claims violet travels fastest inside the glass medium.",True,prism_dispersion,"White light beam incident on triangular glass prism dispersing into VIBGYOR spectrum. Red refracts least, Violet refracts most.",train
REC-00204,PHY-Class10-04-0204,HUMAN_EYE_PRISM_DISPERSION,Class 10,The Human Eye and the Colourful World,Dispersion of White Light through a Glass Prism,A beam of sunlight enters a glass prism. Compare the refractive index of glass for red light versus violet light.,Violet bends the most because it has the shortest wavelength and experiences the highest refractive index in glass. Red travels fastest in glass and deviates the least.,Violet light bends least because it moves faster than red light in the prism.,MISC-EYE-002: Prism Dispersion Speed and Deviation Inversion,conceptual_misconception,High,"Believes red bends the most because it is 'strongest', or claims violet travels fastest inside the glass medium.",True,prism_dispersion,"White light beam incident on triangular glass prism dispersing into VIBGYOR spectrum. Red refracts least, Violet refracts most.",test
REC-00205,PHY-Class10-04-0205,HUMAN_EYE_PRISM_DISPERSION,Class 10,The Human Eye and the Colourful World,Dispersion of White Light through a Glass Prism,"When a narrow beam of white light passes through a glass prism, it splits into a band of seven colours. Which colour bends the most, and which colour travels fastest inside the glass?",Violet bends the most because it has the shortest wavelength and experiences the highest refractive index in glass. Red travels fastest in glass and deviates the least.,Red bends the most because red is the strongest colour and has the most energy.,MISC-EYE-002: Prism Dispersion Speed and Deviation Inversion,conceptual_misconception,High,"Believes red bends the most because it is 'strongest', or claims violet travels fastest inside the glass medium.",True,prism_dispersion,"White light beam incident on triangular glass prism dispersing into VIBGYOR spectrum. Red refracts least, Violet refracts most.",val
REC-00206,PHY-Class10-04-0206,HUMAN_EYE_PRISM_DISPERSION,Class 10,The Human Eye and the Colourful World,Dispersion of White Light through a Glass Prism,"During refraction through a triangular prism, why does violet light deviate through a larger angle than red light?",Violet bends the most because it has the shortest wavelength and experiences the highest refractive index in glass. Red travels fastest in glass and deviates the least.,Violet travels fastest inside the glass because it is at the bottom of the spectrum.,MISC-EYE-002: Prism Dispersion Speed and Deviation Inversion,conceptual_misconception,High,"Believes red bends the most because it is 'strongest', or claims violet travels fastest inside the glass medium.",True,prism_dispersion,"White light beam incident on triangular glass prism dispersing into VIBGYOR spectrum. Red refracts least, Violet refracts most.",train
REC-00207,PHY-Class10-04-0207,HUMAN_EYE_PRISM_DISPERSION,Class 10,The Human Eye and the Colourful World,Dispersion of White Light through a Glass Prism,A beam of sunlight enters a glass prism. Compare the refractive index of glass for red light versus violet light.,Violet bends the most because it has the shortest wavelength and experiences the highest refractive index in glass. Red travels fastest in glass and deviates the least.,Red deviates through the largest angle because it has the longest wavelength.,MISC-EYE-002: Prism Dispersion Speed and Deviation Inversion,conceptual_misconception,High,"Believes red bends the most because it is 'strongest', or claims violet travels fastest inside the glass medium.",True,prism_dispersion,"White light beam incident on triangular glass prism dispersing into VIBGYOR spectrum. Red refracts least, Violet refracts most.",val
REC-00208,PHY-Class10-04-0208,HUMAN_EYE_PRISM_DISPERSION,Class 10,The Human Eye and the Colourful World,Dispersion of White Light through a Glass Prism,"When a narrow beam of white light passes through a glass prism, it splits into a band of seven colours. Which colour bends the most, and which colour travels fastest inside the glass?",Violet bends the most because it has the shortest wavelength and experiences the highest refractive index in glass. Red travels fastest in glass and deviates the least.,Violet light bends least because it moves faster than red light in the prism.,MISC-EYE-002: Prism Dispersion Speed and Deviation Inversion,conceptual_misconception,High,"Believes red bends the most because it is 'strongest', or claims violet travels fastest inside the glass medium.",True,prism_dispersion,"White light beam incident on triangular glass prism dispersing into VIBGYOR spectrum. Red refracts least, Violet refracts most.",train
REC-00209,PHY-Class10-04-0209,HUMAN_EYE_PRISM_DISPERSION,Class 10,The Human Eye and the Colourful World,Dispersion of White Light through a Glass Prism,"During refraction through a triangular prism, why does violet light deviate through a larger angle than red light?",Violet bends the most because it has the shortest wavelength and experiences the highest refractive index in glass. Red travels fastest in glass and deviates the least.,Red bends the most because red is the strongest colour and has the most energy.,MISC-EYE-002: Prism Dispersion Speed and Deviation Inversion,conceptual_misconception,High,"Believes red bends the most because it is 'strongest', or claims violet travels fastest inside the glass medium.",True,prism_dispersion,"White light beam incident on triangular glass prism dispersing into VIBGYOR spectrum. Red refracts least, Violet refracts most.",train
REC-00210,PHY-Class10-04-0210,HUMAN_EYE_PRISM_DISPERSION,Class 10,The Human Eye and the Colourful World,Dispersion of White Light through a Glass Prism,A beam of sunlight enters a glass prism. Compare the refractive index of glass for red light versus violet light.,Violet bends the most because it has the shortest wavelength and experiences the highest refractive index in glass. Red travels fastest in glass and deviates the least.,Violet travels fastest inside the glass because it is at the bottom of the spectrum.,MISC-EYE-002: Prism Dispersion Speed and Deviation Inversion,conceptual_misconception,High,"Believes red bends the most because it is 'strongest', or claims violet travels fastest inside the glass medium.",True,prism_dispersion,"White light beam incident on triangular glass prism dispersing into VIBGYOR spectrum. Red refracts least, Violet refracts most.",train
REC-00211,PHY-Class10-04-0211,HUMAN_EYE_PRISM_DISPERSION,Class 10,The Human Eye and the Colourful World,Dispersion of White Light through a Glass Prism,"When a narrow beam of white light passes through a glass prism, it splits into a band of seven colours. Which colour bends the most, and which colour travels fastest inside the glass?",Violet bends the most because it has the shortest wavelength and experiences the highest refractive index in glass. Red travels fastest in glass and deviates the least.,Red deviates through the largest angle because it has the longest wavelength.,MISC-EYE-002: Prism Dispersion Speed and Deviation Inversion,conceptual_misconception,High,"Believes red bends the most because it is 'strongest', or claims violet travels fastest inside the glass medium.",True,prism_dispersion,"White light beam incident on triangular glass prism dispersing into VIBGYOR spectrum. Red refracts least, Violet refracts most.",train
REC-00212,PHY-Class10-04-0212,HUMAN_EYE_PRISM_DISPERSION,Class 10,The Human Eye and the Colourful World,Dispersion of White Light through a Glass Prism,"During refraction through a triangular prism, why does violet light deviate through a larger angle than red light?",Violet bends the most because it has the shortest wavelength and experiences the highest refractive index in glass. Red travels fastest in glass and deviates the least.,Violet light bends least because it moves faster than red light in the prism.,MISC-EYE-002: Prism Dispersion Speed and Deviation Inversion,conceptual_misconception,High,"Believes red bends the most because it is 'strongest', or claims violet travels fastest inside the glass medium.",True,prism_dispersion,"White light beam incident on triangular glass prism dispersing into VIBGYOR spectrum. Red refracts least, Violet refracts most.",train
REC-00213,PHY-Class10-04-0213,HUMAN_EYE_PRISM_DISPERSION,Class 10,The Human Eye and the Colourful World,Dispersion of White Light through a Glass Prism,A beam of sunlight enters a glass prism. Compare the refractive index of glass for red light versus violet light.,Violet bends the most because it has the shortest wavelength and experiences the highest refractive index in glass. Red travels fastest in glass and deviates the least.,Red bends the most because red is the strongest colour and has the most energy.,MISC-EYE-002: Prism Dispersion Speed and Deviation Inversion,conceptual_misconception,High,"Believes red bends the most because it is 'strongest', or claims violet travels fastest inside the glass medium.",True,prism_dispersion,"White light beam incident on triangular glass prism dispersing into VIBGYOR spectrum. Red refracts least, Violet refracts most.",test
REC-00214,PHY-Class10-04-0214,HUMAN_EYE_PRISM_DISPERSION,Class 10,The Human Eye and the Colourful World,Dispersion of White Light through a Glass Prism,"When a narrow beam of white light passes through a glass prism, it splits into a band of seven colours. Which colour bends the most, and which colour travels fastest inside the glass?",Violet bends the most because it has the shortest wavelength and experiences the highest refractive index in glass. Red travels fastest in glass and deviates the least.,Violet travels fastest inside the glass because it is at the bottom of the spectrum.,MISC-EYE-002: Prism Dispersion Speed and Deviation Inversion,conceptual_misconception,High,"Believes red bends the most because it is 'strongest', or claims violet travels fastest inside the glass medium.",True,prism_dispersion,"White light beam incident on triangular glass prism dispersing into VIBGYOR spectrum. Red refracts least, Violet refracts most.",val
REC-00215,PHY-Class10-04-0215,HUMAN_EYE_PRISM_DISPERSION,Class 10,The Human Eye and the Colourful World,Dispersion of White Light through a Glass Prism,"During refraction through a triangular prism, why does violet light deviate through a larger angle than red light?",Violet bends the most because it has the shortest wavelength and experiences the highest refractive index in glass. Red travels fastest in glass and deviates the least.,Red deviates through the largest angle because it has the longest wavelength.,MISC-EYE-002: Prism Dispersion Speed and Deviation Inversion,conceptual_misconception,High,"Believes red bends the most because it is 'strongest', or claims violet travels fastest inside the glass medium.",True,prism_dispersion,"White light beam incident on triangular glass prism dispersing into VIBGYOR spectrum. Red refracts least, Violet refracts most.",train
REC-00216,PHY-Class10-04-0216,HUMAN_EYE_PRISM_DISPERSION,Class 10,The Human Eye and the Colourful World,Dispersion of White Light through a Glass Prism,A beam of sunlight enters a glass prism. Compare the refractive index of glass for red light versus violet light.,Violet bends the most because it has the shortest wavelength and experiences the highest refractive index in glass. Red travels fastest in glass and deviates the least.,Violet light bends least because it moves faster than red light in the prism.,MISC-EYE-002: Prism Dispersion Speed and Deviation Inversion,conceptual_misconception,High,"Believes red bends the most because it is 'strongest', or claims violet travels fastest inside the glass medium.",True,prism_dispersion,"White light beam incident on triangular glass prism dispersing into VIBGYOR spectrum. Red refracts least, Violet refracts most.",test
REC-00217,PHY-Class10-04-0217,HUMAN_EYE_PRISM_DISPERSION,Class 10,The Human Eye and the Colourful World,Dispersion of White Light through a Glass Prism,"When a narrow beam of white light passes through a glass prism, it splits into a band of seven colours. Which colour bends the most, and which colour travels fastest inside the glass?",Violet bends the most because it has the shortest wavelength and experiences the highest refractive index in glass. Red travels fastest in glass and deviates the least.,Violet light bends the most because glass has the highest refractive index for violet (shortest wavelength). Red light travels fastest in glass and deviates the least.,CORRECT: Scientifically Accurate Response,no_error,High,Rigorous scientific reasoning with valid physical principles and mathematical steps.,True,prism_dispersion,"White light beam incident on triangular glass prism dispersing into VIBGYOR spectrum. Red refracts least, Violet refracts most.",val
REC-00218,PHY-Class10-04-0218,HUMAN_EYE_PRISM_DISPERSION,Class 10,The Human Eye and the Colourful World,Dispersion of White Light through a Glass Prism,"During refraction through a triangular prism, why does violet light deviate through a larger angle than red light?",Violet bends the most because it has the shortest wavelength and experiences the highest refractive index in glass. Red travels fastest in glass and deviates the least.,"Red light has longer wavelength, experiences smaller refractive index, and deviates least. Violet light travels slowest and bends most.",CORRECT: Scientifically Accurate Response,no_error,High,Rigorous scientific reasoning with valid physical principles and mathematical steps.,True,prism_dispersion,"White light beam incident on triangular glass prism dispersing into VIBGYOR spectrum. Red refracts least, Violet refracts most.",test
REC-00219,PHY-Class10-04-0219,HUMAN_EYE_PRISM_DISPERSION,Class 10,The Human Eye and the Colourful World,Dispersion of White Light through a Glass Prism,A beam of sunlight enters a glass prism. Compare the refractive index of glass for red light versus violet light.,Violet bends the most because it has the shortest wavelength and experiences the highest refractive index in glass. Red travels fastest in glass and deviates the least.,Violet light bends the most because glass has the highest refractive index for violet (shortest wavelength). Red light travels fastest in glass and deviates the least.,CORRECT: Scientifically Accurate Response,no_error,High,Rigorous scientific reasoning with valid physical principles and mathematical steps.,True,prism_dispersion,"White light beam incident on triangular glass prism dispersing into VIBGYOR spectrum. Red refracts least, Violet refracts most.",train
REC-00220,PHY-Class10-04-0220,HUMAN_EYE_PRISM_DISPERSION,Class 10,The Human Eye and the Colourful World,Dispersion of White Light through a Glass Prism,"When a narrow beam of white light passes through a glass prism, it splits into a band of seven colours. Which colour bends the most, and which colour travels fastest inside the glass?",Violet bends the most because it has the shortest wavelength and experiences the highest refractive index in glass. Red travels fastest in glass and deviates the least.,"Red light has longer wavelength, experiences smaller refractive index, and deviates least. Violet light travels slowest and bends most.",CORRECT: Scientifically Accurate Response,no_error,High,Rigorous scientific reasoning with valid physical principles and mathematical steps.,True,prism_dispersion,"White light beam incident on triangular glass prism dispersing into VIBGYOR spectrum. Red refracts least, Violet refracts most.",train
REC-00221,PHY-Class10-04-0221,HUMAN_EYE_PRISM_DISPERSION,Class 10,The Human Eye and the Colourful World,Dispersion of White Light through a Glass Prism,"During refraction through a triangular prism, why does violet light deviate through a larger angle than red light?",Violet bends the most because it has the shortest wavelength and experiences the highest refractive index in glass. Red travels fastest in glass and deviates the least.,Violet light bends the most because glass has the highest refractive index for violet (shortest wavelength). Red light travels fastest in glass and deviates the least.,CORRECT: Scientifically Accurate Response,no_error,High,Rigorous scientific reasoning with valid physical principles and mathematical steps.,True,prism_dispersion,"White light beam incident on triangular glass prism dispersing into VIBGYOR spectrum. Red refracts least, Violet refracts most.",train
REC-00222,PHY-Class10-04-0222,HUMAN_EYE_PRISM_DISPERSION,Class 10,The Human Eye and the Colourful World,Dispersion of White Light through a Glass Prism,A beam of sunlight enters a glass prism. Compare the refractive index of glass for red light versus violet light.,Violet bends the most because it has the shortest wavelength and experiences the highest refractive index in glass. Red travels fastest in glass and deviates the least.,"Red light has longer wavelength, experiences smaller refractive index, and deviates least. Violet light travels slowest and bends most.",CORRECT: Scientifically Accurate Response,no_error,High,Rigorous scientific reasoning with valid physical principles and mathematical steps.,True,prism_dispersion,"White light beam incident on triangular glass prism dispersing into VIBGYOR spectrum. Red refracts least, Violet refracts most.",test
REC-00223,PHY-Class10-04-0223,HUMAN_EYE_PRISM_DISPERSION,Class 10,The Human Eye and the Colourful World,Dispersion of White Light through a Glass Prism,"When a narrow beam of white light passes through a glass prism, it splits into a band of seven colours. Which colour bends the most, and which colour travels fastest inside the glass?",Violet bends the most because it has the shortest wavelength and experiences the highest refractive index in glass. Red travels fastest in glass and deviates the least.,Violet light bends the most because glass has the highest refractive index for violet (shortest wavelength). Red light travels fastest in glass and deviates the least.,CORRECT: Scientifically Accurate Response,no_error,High,Rigorous scientific reasoning with valid physical principles and mathematical steps.,True,prism_dispersion,"White light beam incident on triangular glass prism dispersing into VIBGYOR spectrum. Red refracts least, Violet refracts most.",train
REC-00224,PHY-Class10-04-0224,HUMAN_EYE_PRISM_DISPERSION,Class 10,The Human Eye and the Colourful World,Dispersion of White Light through a Glass Prism,"During refraction through a triangular prism, why does violet light deviate through a larger angle than red light?",Violet bends the most because it has the shortest wavelength and experiences the highest refractive index in glass. Red travels fastest in glass and deviates the least.,"Red light has longer wavelength, experiences smaller refractive index, and deviates least. Violet light travels slowest and bends most.",CORRECT: Scientifically Accurate Response,no_error,High,Rigorous scientific reasoning with valid physical principles and mathematical steps.,True,prism_dispersion,"White light beam incident on triangular glass prism dispersing into VIBGYOR spectrum. Red refracts least, Violet refracts most.",train
REC-00225,PHY-Class10-04-0225,HUMAN_EYE_PRISM_DISPERSION,Class 10,The Human Eye and the Colourful World,Dispersion of White Light through a Glass Prism,A beam of sunlight enters a glass prism. Compare the refractive index of glass for red light versus violet light.,Violet bends the most because it has the shortest wavelength and experiences the highest refractive index in glass. Red travels fastest in glass and deviates the least.,Violet light bends the most because glass has the highest refractive index for violet (shortest wavelength). Red light travels fastest in glass and deviates the least.,CORRECT: Scientifically Accurate Response,no_error,High,Rigorous scientific reasoning with valid physical principles and mathematical steps.,True,prism_dispersion,"White light beam incident on triangular glass prism dispersing into VIBGYOR spectrum. Red refracts least, Violet refracts most.",val
REC-00226,PHY-Class10-04-0226,HUMAN_EYE_PRISM_DISPERSION,Class 10,The Human Eye and the Colourful World,Dispersion of White Light through a Glass Prism,"When a narrow beam of white light passes through a glass prism, it splits into a band of seven colours. Which colour bends the most, and which colour travels fastest inside the glass?",Violet bends the most because it has the shortest wavelength and experiences the highest refractive index in glass. Red travels fastest in glass and deviates the least.,"Red light has longer wavelength, experiences smaller refractive index, and deviates least. Violet light travels slowest and bends most.",CORRECT: Scientifically Accurate Response,no_error,High,Rigorous scientific reasoning with valid physical principles and mathematical steps.,True,prism_dispersion,"White light beam incident on triangular glass prism dispersing into VIBGYOR spectrum. Red refracts least, Violet refracts most.",train
REC-00227,PHY-Class10-04-0227,HUMAN_EYE_PRISM_DISPERSION,Class 10,The Human Eye and the Colourful World,Dispersion of White Light through a Glass Prism,"During refraction through a triangular prism, why does violet light deviate through a larger angle than red light?",Violet bends the most because it has the shortest wavelength and experiences the highest refractive index in glass. Red travels fastest in glass and deviates the least.,Violet light bends the most because glass has the highest refractive index for violet (shortest wavelength). Red light travels fastest in glass and deviates the least.,CORRECT: Scientifically Accurate Response,no_error,High,Rigorous scientific reasoning with valid physical principles and mathematical steps.,True,prism_dispersion,"White light beam incident on triangular glass prism dispersing into VIBGYOR spectrum. Red refracts least, Violet refracts most.",train
REC-00228,PHY-Class10-04-0228,HUMAN_EYE_PRISM_DISPERSION,Class 10,The Human Eye and the Colourful World,Dispersion of White Light through a Glass Prism,A beam of sunlight enters a glass prism. Compare the refractive index of glass for red light versus violet light.,Violet bends the most because it has the shortest wavelength and experiences the highest refractive index in glass. Red travels fastest in glass and deviates the least.,"Red light has longer wavelength, experiences smaller refractive index, and deviates least. Violet light travels slowest and bends most.",CORRECT: Scientifically Accurate Response,no_error,High,Rigorous scientific reasoning with valid physical principles and mathematical steps.,True,prism_dispersion,"White light beam incident on triangular glass prism dispersing into VIBGYOR spectrum. Red refracts least, Violet refracts most.",train
REC-00229,PHY-Class10-04-0229,HUMAN_EYE_PRISM_DISPERSION,Class 10,The Human Eye and the Colourful World,Dispersion of White Light through a Glass Prism,"When a narrow beam of white light passes through a glass prism, it splits into a band of seven colours. Which colour bends the most, and which colour travels fastest inside the glass?",Violet bends the most because it has the shortest wavelength and experiences the highest refractive index in glass. Red travels fastest in glass and deviates the least.,"Violet deviates most and red least, but listed the VIBGYOR sequence backwards as ROYGBIV from base to top.",CARELESS_CALCULATION_ERROR,calculation_slip,Medium,Conceptual formula choice is correct; error is isolated to an arithmetic slip.,True,prism_dispersion,"White light beam incident on triangular glass prism dispersing into VIBGYOR spectrum. Red refracts least, Violet refracts most.",val
REC-00230,PHY-Class10-04-0230,HUMAN_EYE_PRISM_DISPERSION,Class 10,The Human Eye and the Colourful World,Dispersion of White Light through a Glass Prism,"During refraction through a triangular prism, why does violet light deviate through a larger angle than red light?",Violet bends the most because it has the shortest wavelength and experiences the highest refractive index in glass. Red travels fastest in glass and deviates the least.,"Correct deviation rule stated, but wrote speed formula as v = c * n instead of v = c / n.",CARELESS_CALCULATION_ERROR,calculation_slip,Medium,Conceptual formula choice is correct; error is isolated to an arithmetic slip.,True,prism_dispersion,"White light beam incident on triangular glass prism dispersing into VIBGYOR spectrum. Red refracts least, Violet refracts most.",test
REC-00231,PHY-Class10-04-0231,HUMAN_EYE_PRISM_DISPERSION,Class 10,The Human Eye and the Colourful World,Dispersion of White Light through a Glass Prism,A beam of sunlight enters a glass prism. Compare the refractive index of glass for red light versus violet light.,Violet bends the most because it has the shortest wavelength and experiences the highest refractive index in glass. Red travels fastest in glass and deviates the least.,"Violet deviates most and red least, but listed the VIBGYOR sequence backwards as ROYGBIV from base to top.",CARELESS_CALCULATION_ERROR,calculation_slip,Medium,Conceptual formula choice is correct; error is isolated to an arithmetic slip.,True,prism_dispersion,"White light beam incident on triangular glass prism dispersing into VIBGYOR spectrum. Red refracts least, Violet refracts most.",train
REC-00232,PHY-Class10-04-0232,HUMAN_EYE_PRISM_DISPERSION,Class 10,The Human Eye and the Colourful World,Dispersion of White Light through a Glass Prism,"When a narrow beam of white light passes through a glass prism, it splits into a band of seven colours. Which colour bends the most, and which colour travels fastest inside the glass?",Violet bends the most because it has the shortest wavelength and experiences the highest refractive index in glass. Red travels fastest in glass and deviates the least.,"Correct deviation rule stated, but wrote speed formula as v = c * n instead of v = c / n.",CARELESS_CALCULATION_ERROR,calculation_slip,Medium,Conceptual formula choice is correct; error is isolated to an arithmetic slip.,True,prism_dispersion,"White light beam incident on triangular glass prism dispersing into VIBGYOR spectrum. Red refracts least, Violet refracts most.",train
REC-00233,PHY-Class10-04-0233,HUMAN_EYE_PRISM_DISPERSION,Class 10,The Human Eye and the Colourful World,Dispersion of White Light through a Glass Prism,"When a narrow beam of white light passes through a glass prism, it splits into a band of seven colours. Which colour bends the most, and which colour travels fastest inside the glass?",Violet bends the most because it has the shortest wavelength and experiences the highest refractive index in glass. Red travels fastest in glass and deviates the least.,Angle of deviation is 40 radians instead of degrees.,UNIT_CONVERSION_ERROR,unit_error,High,"Numerical reasoning is sound, but units were omitted or confused with another physical quantity.",True,prism_dispersion,"White light beam incident on triangular glass prism dispersing into VIBGYOR spectrum. Red refracts least, Violet refracts most.",val
REC-00234,PHY-Class10-04-0234,HUMAN_EYE_PRISM_DISPERSION,Class 10,The Human Eye and the Colourful World,Dispersion of White Light through a Glass Prism,"During refraction through a triangular prism, why does violet light deviate through a larger angle than red light?",Violet bends the most because it has the shortest wavelength and experiences the highest refractive index in glass. Red travels fastest in glass and deviates the least.,Wavelength stated in metres without the 10^-9 multiplier.,UNIT_CONVERSION_ERROR,unit_error,High,"Numerical reasoning is sound, but units were omitted or confused with another physical quantity.",True,prism_dispersion,"White light beam incident on triangular glass prism dispersing into VIBGYOR spectrum. Red refracts least, Violet refracts most.",train
REC-00235,PHY-Class10-04-0235,HUMAN_EYE_PRISM_DISPERSION,Class 10,The Human Eye and the Colourful World,Dispersion of White Light through a Glass Prism,A beam of sunlight enters a glass prism. Compare the refractive index of glass for red light versus violet light.,Violet bends the most because it has the shortest wavelength and experiences the highest refractive index in glass. Red travels fastest in glass and deviates the least.,Angle of deviation is 40 radians instead of degrees.,UNIT_CONVERSION_ERROR,unit_error,High,"Numerical reasoning is sound, but units were omitted or confused with another physical quantity.",True,prism_dispersion,"White light beam incident on triangular glass prism dispersing into VIBGYOR spectrum. Red refracts least, Violet refracts most.",test
REC-00236,PHY-Class10-04-0236,HUMAN_EYE_PRISM_DISPERSION,Class 10,The Human Eye and the Colourful World,Dispersion of White Light through a Glass Prism,"When a narrow beam of white light passes through a glass prism, it splits into a band of seven colours. Which colour bends the most, and which colour travels fastest inside the glass?",Violet bends the most because it has the shortest wavelength and experiences the highest refractive index in glass. Red travels fastest in glass and deviates the least.,Wavelength stated in metres without the 10^-9 multiplier.,UNIT_CONVERSION_ERROR,unit_error,High,"Numerical reasoning is sound, but units were omitted or confused with another physical quantity.",True,prism_dispersion,"White light beam incident on triangular glass prism dispersing into VIBGYOR spectrum. Red refracts least, Violet refracts most.",train
REC-00237,PHY-Class10-04-0237,HUMAN_EYE_PRISM_DISPERSION,Class 10,The Human Eye and the Colourful World,Dispersion of White Light through a Glass Prism,"When a narrow beam of white light passes through a glass prism, it splits into a band of seven colours. Which colour bends the most, and which colour travels fastest inside the glass?",Violet bends the most because it has the shortest wavelength and experiences the highest refractive index in glass. Red travels fastest in glass and deviates the least.,"One colour bends more than the other, but I forget whether red or violet is at the top.",UNSURE_INSUFFICIENT_EVIDENCE,guessing_unclear,Low,Student response contains minimal reasoning or expresses explicit uncertainty; requires diagnostic probe.,True,prism_dispersion,"White light beam incident on triangular glass prism dispersing into VIBGYOR spectrum. Red refracts least, Violet refracts most.",train
REC-00238,PHY-Class10-04-0238,HUMAN_EYE_PRISM_DISPERSION,Class 10,The Human Eye and the Colourful World,Dispersion of White Light through a Glass Prism,"During refraction through a triangular prism, why does violet light deviate through a larger angle than red light?",Violet bends the most because it has the shortest wavelength and experiences the highest refractive index in glass. Red travels fastest in glass and deviates the least.,Not sure whether high refractive index means more bending or less bending.,UNSURE_INSUFFICIENT_EVIDENCE,guessing_unclear,Low,Student response contains minimal reasoning or expresses explicit uncertainty; requires diagnostic probe.,True,prism_dispersion,"White light beam incident on triangular glass prism dispersing into VIBGYOR spectrum. Red refracts least, Violet refracts most.",train
REC-00239,PHY-Class10-04-0239,HUMAN_EYE_PRISM_DISPERSION,Class 10,The Human Eye and the Colourful World,Dispersion of White Light through a Glass Prism,A beam of sunlight enters a glass prism. Compare the refractive index of glass for red light versus violet light.,Violet bends the most because it has the shortest wavelength and experiences the highest refractive index in glass. Red travels fastest in glass and deviates the least.,"One colour bends more than the other, but I forget whether red or violet is at the top.",UNSURE_INSUFFICIENT_EVIDENCE,guessing_unclear,Low,Student response contains minimal reasoning or expresses explicit uncertainty; requires diagnostic probe.,True,prism_dispersion,"White light beam incident on triangular glass prism dispersing into VIBGYOR spectrum. Red refracts least, Violet refracts most.",test
REC-00240,PHY-Class10-04-0240,HUMAN_EYE_PRISM_DISPERSION,Class 10,The Human Eye and the Colourful World,Dispersion of White Light through a Glass Prism,"When a narrow beam of white light passes through a glass prism, it splits into a band of seven colours. Which colour bends the most, and which colour travels fastest inside the glass?",Violet bends the most because it has the shortest wavelength and experiences the highest refractive index in glass. Red travels fastest in glass and deviates the least.,Not sure whether high refractive index means more bending or less bending.,UNSURE_INSUFFICIENT_EVIDENCE,guessing_unclear,Low,Student response contains minimal reasoning or expresses explicit uncertainty; requires diagnostic probe.,True,prism_dispersion,"White light beam incident on triangular glass prism dispersing into VIBGYOR spectrum. Red refracts least, Violet refracts most.",val
REC-00241,PHY-Class10-05-0241,ELECTRICITY_CURRENT_CONSERVATION,Class 10,Electricity,Current Conservation in a Series Circuit,"Two identical light bulbs are connected in series with a 6 V battery. Ammeter A1 is before Bulb 1, A2 is between the bulbs, and A3 is after Bulb 2. If A1 reads 1.2 A, what do A2 and A3 read?","Electric current is the continuous rate of flow of electric charge (I = dQ/dt). By charge conservation, charges cannot accumulate or vanish in a single-loop series circuit. A1 = A2 = A3 exactly.","A1 = 1.2A, A2 = 0.8A, A3 = 0.4A because bulb 1 consumes electric current to glow, leaving less for bulb 2.",MISC-ELEC-001: Current Attenuation / Consumption Model,conceptual_misconception,High,Believes electric current is consumed or 'used up' by electrical loads as it travels around the circuit loop.,True,circuit_schematic,"A single-loop series circuit with a DC battery, switch, ammeter A1, bulb 1, ammeter A2, bulb 2, and ammeter A3.",train
REC-00242,PHY-Class10-05-0242,ELECTRICITY_CURRENT_CONSERVATION,Class 10,Electricity,Current Conservation in a Series Circuit,Three resistors of resistances 10 ohms each are connected in series across a 12 V cell. How does the current entering the first resistor compare with the current leaving the third resistor?,"Electric current is the continuous rate of flow of electric charge (I = dQ/dt). By charge conservation, charges cannot accumulate or vanish in a single-loop series circuit. A1 = A2 = A3 exactly.","Current is used up as it travels along the series loop, so each subsequent component gets less current.",MISC-ELEC-001: Current Attenuation / Consumption Model,conceptual_misconception,High,Believes electric current is consumed or 'used up' by electrical loads as it travels around the circuit loop.,True,circuit_schematic,"A single-loop series circuit with a DC battery, switch, ammeter A1, bulb 1, ammeter A2, bulb 2, and ammeter A3.",train
REC-00243,PHY-Class10-05-0243,ELECTRICITY_CURRENT_CONSERVATION,Class 10,Electricity,Current Conservation in a Series Circuit,"In a series circuit containing two heating coils, a student claims current decreases after passing through each coil because energy is consumed. Explain whether this claim is correct.","Electric current is the continuous rate of flow of electric charge (I = dQ/dt). By charge conservation, charges cannot accumulate or vanish in a single-loop series circuit. A1 = A2 = A3 exactly.",Bulb 2 receives less current than Bulb 1 because the charges get spent producing light and heat.,MISC-ELEC-001: Current Attenuation / Consumption Model,conceptual_misconception,High,Believes electric current is consumed or 'used up' by electrical loads as it travels around the circuit loop.,True,circuit_schematic,"A single-loop series circuit with a DC battery, switch, ammeter A1, bulb 1, ammeter A2, bulb 2, and ammeter A3.",train
REC-00244,PHY-Class10-05-0244,ELECTRICITY_CURRENT_CONSERVATION,Class 10,Electricity,Current Conservation in a Series Circuit,"Two identical light bulbs are connected in series with a 24 V battery. Ammeter A1 is before Bulb 1, A2 is between the bulbs, and A3 is after Bulb 2. If A1 reads 2.0 A, what do A2 and A3 read?","Electric current is the continuous rate of flow of electric charge (I = dQ/dt). By charge conservation, charges cannot accumulate or vanish in a single-loop series circuit. A1 = A2 = A3 exactly.",Current decreases progressively around the circuit from positive to negative terminal.,MISC-ELEC-001: Current Attenuation / Consumption Model,conceptual_misconception,High,Believes electric current is consumed or 'used up' by electrical loads as it travels around the circuit loop.,True,circuit_schematic,"A single-loop series circuit with a DC battery, switch, ammeter A1, bulb 1, ammeter A2, bulb 2, and ammeter A3.",val
REC-00245,PHY-Class10-05-0245,ELECTRICITY_CURRENT_CONSERVATION,Class 10,Electricity,Current Conservation in a Series Circuit,Three resistors of resistances 5 ohms each are connected in series across a 6 V cell. How does the current entering the first resistor compare with the current leaving the third resistor?,"Electric current is the continuous rate of flow of electric charge (I = dQ/dt). By charge conservation, charges cannot accumulate or vanish in a single-loop series circuit. A1 = A2 = A3 exactly.","A1 = 1.2A, A2 = 0.8A, A3 = 0.4A because bulb 1 consumes electric current to glow, leaving less for bulb 2.",MISC-ELEC-001: Current Attenuation / Consumption Model,conceptual_misconception,High,Believes electric current is consumed or 'used up' by electrical loads as it travels around the circuit loop.,True,circuit_schematic,"A single-loop series circuit with a DC battery, switch, ammeter A1, bulb 1, ammeter A2, bulb 2, and ammeter A3.",train
REC-00246,PHY-Class10-05-0246,ELECTRICITY_CURRENT_CONSERVATION,Class 10,Electricity,Current Conservation in a Series Circuit,"In a series circuit containing two heating coils, a student claims current decreases after passing through each coil because energy is consumed. Explain whether this claim is correct.","Electric current is the continuous rate of flow of electric charge (I = dQ/dt). By charge conservation, charges cannot accumulate or vanish in a single-loop series circuit. A1 = A2 = A3 exactly.","Current is used up as it travels along the series loop, so each subsequent component gets less current.",MISC-ELEC-001: Current Attenuation / Consumption Model,conceptual_misconception,High,Believes electric current is consumed or 'used up' by electrical loads as it travels around the circuit loop.,True,circuit_schematic,"A single-loop series circuit with a DC battery, switch, ammeter A1, bulb 1, ammeter A2, bulb 2, and ammeter A3.",train
REC-00247,PHY-Class10-05-0247,ELECTRICITY_CURRENT_CONSERVATION,Class 10,Electricity,Current Conservation in a Series Circuit,"Two identical light bulbs are connected in series with a 9 V battery. Ammeter A1 is before Bulb 1, A2 is between the bulbs, and A3 is after Bulb 2. If A1 reads 1.5 A, what do A2 and A3 read?","Electric current is the continuous rate of flow of electric charge (I = dQ/dt). By charge conservation, charges cannot accumulate or vanish in a single-loop series circuit. A1 = A2 = A3 exactly.",Bulb 2 receives less current than Bulb 1 because the charges get spent producing light and heat.,MISC-ELEC-001: Current Attenuation / Consumption Model,conceptual_misconception,High,Believes electric current is consumed or 'used up' by electrical loads as it travels around the circuit loop.,True,circuit_schematic,"A single-loop series circuit with a DC battery, switch, ammeter A1, bulb 1, ammeter A2, bulb 2, and ammeter A3.",val
REC-00248,PHY-Class10-05-0248,ELECTRICITY_CURRENT_CONSERVATION,Class 10,Electricity,Current Conservation in a Series Circuit,Three resistors of resistances 12 ohms each are connected in series across a 24 V cell. How does the current entering the first resistor compare with the current leaving the third resistor?,"Electric current is the continuous rate of flow of electric charge (I = dQ/dt). By charge conservation, charges cannot accumulate or vanish in a single-loop series circuit. A1 = A2 = A3 exactly.",Current decreases progressively around the circuit from positive to negative terminal.,MISC-ELEC-001: Current Attenuation / Consumption Model,conceptual_misconception,High,Believes electric current is consumed or 'used up' by electrical loads as it travels around the circuit loop.,True,circuit_schematic,"A single-loop series circuit with a DC battery, switch, ammeter A1, bulb 1, ammeter A2, bulb 2, and ammeter A3.",train
REC-00249,PHY-Class10-05-0249,ELECTRICITY_CURRENT_CONSERVATION,Class 10,Electricity,Current Conservation in a Series Circuit,"In a series circuit containing two heating coils, a student claims current decreases after passing through each coil because energy is consumed. Explain whether this claim is correct.","Electric current is the continuous rate of flow of electric charge (I = dQ/dt). By charge conservation, charges cannot accumulate or vanish in a single-loop series circuit. A1 = A2 = A3 exactly.","A1 = 1.2A, A2 = 0.8A, A3 = 0.4A because bulb 1 consumes electric current to glow, leaving less for bulb 2.",MISC-ELEC-001: Current Attenuation / Consumption Model,conceptual_misconception,High,Believes electric current is consumed or 'used up' by electrical loads as it travels around the circuit loop.,True,circuit_schematic,"A single-loop series circuit with a DC battery, switch, ammeter A1, bulb 1, ammeter A2, bulb 2, and ammeter A3.",test
REC-00250,PHY-Class10-05-0250,ELECTRICITY_CURRENT_CONSERVATION,Class 10,Electricity,Current Conservation in a Series Circuit,"Two identical light bulbs are connected in series with a 12 V battery. Ammeter A1 is before Bulb 1, A2 is between the bulbs, and A3 is after Bulb 2. If A1 reads 0.8 A, what do A2 and A3 read?","Electric current is the continuous rate of flow of electric charge (I = dQ/dt). By charge conservation, charges cannot accumulate or vanish in a single-loop series circuit. A1 = A2 = A3 exactly.","Current is used up as it travels along the series loop, so each subsequent component gets less current.",MISC-ELEC-001: Current Attenuation / Consumption Model,conceptual_misconception,High,Believes electric current is consumed or 'used up' by electrical loads as it travels around the circuit loop.,True,circuit_schematic,"A single-loop series circuit with a DC battery, switch, ammeter A1, bulb 1, ammeter A2, bulb 2, and ammeter A3.",train
REC-00251,PHY-Class10-05-0251,ELECTRICITY_CURRENT_CONSERVATION,Class 10,Electricity,Current Conservation in a Series Circuit,Three resistors of resistances 6 ohms each are connected in series across a 9 V cell. How does the current entering the first resistor compare with the current leaving the third resistor?,"Electric current is the continuous rate of flow of electric charge (I = dQ/dt). By charge conservation, charges cannot accumulate or vanish in a single-loop series circuit. A1 = A2 = A3 exactly.",Bulb 2 receives less current than Bulb 1 because the charges get spent producing light and heat.,MISC-ELEC-001: Current Attenuation / Consumption Model,conceptual_misconception,High,Believes electric current is consumed or 'used up' by electrical loads as it travels around the circuit loop.,True,circuit_schematic,"A single-loop series circuit with a DC battery, switch, ammeter A1, bulb 1, ammeter A2, bulb 2, and ammeter A3.",train
REC-00252,PHY-Class10-05-0252,ELECTRICITY_CURRENT_CONSERVATION,Class 10,Electricity,Current Conservation in a Series Circuit,"In a series circuit containing two heating coils, a student claims current decreases after passing through each coil because energy is consumed. Explain whether this claim is correct.","Electric current is the continuous rate of flow of electric charge (I = dQ/dt). By charge conservation, charges cannot accumulate or vanish in a single-loop series circuit. A1 = A2 = A3 exactly.",Current decreases progressively around the circuit from positive to negative terminal.,MISC-ELEC-001: Current Attenuation / Consumption Model,conceptual_misconception,High,Believes electric current is consumed or 'used up' by electrical loads as it travels around the circuit loop.,True,circuit_schematic,"A single-loop series circuit with a DC battery, switch, ammeter A1, bulb 1, ammeter A2, bulb 2, and ammeter A3.",train
REC-00253,PHY-Class10-05-0253,ELECTRICITY_CURRENT_CONSERVATION,Class 10,Electricity,Current Conservation in a Series Circuit,"Two identical light bulbs are connected in series with a 6 V battery. Ammeter A1 is before Bulb 1, A2 is between the bulbs, and A3 is after Bulb 2. If A1 reads 1.2 A, what do A2 and A3 read?","Electric current is the continuous rate of flow of electric charge (I = dQ/dt). By charge conservation, charges cannot accumulate or vanish in a single-loop series circuit. A1 = A2 = A3 exactly.","A1 = 1.2A, A2 = 0.8A, A3 = 0.4A because bulb 1 consumes electric current to glow, leaving less for bulb 2.",MISC-ELEC-001: Current Attenuation / Consumption Model,conceptual_misconception,High,Believes electric current is consumed or 'used up' by electrical loads as it travels around the circuit loop.,True,circuit_schematic,"A single-loop series circuit with a DC battery, switch, ammeter A1, bulb 1, ammeter A2, bulb 2, and ammeter A3.",train
REC-00254,PHY-Class10-05-0254,ELECTRICITY_CURRENT_CONSERVATION,Class 10,Electricity,Current Conservation in a Series Circuit,Three resistors of resistances 10 ohms each are connected in series across a 12 V cell. How does the current entering the first resistor compare with the current leaving the third resistor?,"Electric current is the continuous rate of flow of electric charge (I = dQ/dt). By charge conservation, charges cannot accumulate or vanish in a single-loop series circuit. A1 = A2 = A3 exactly.","Current is used up as it travels along the series loop, so each subsequent component gets less current.",MISC-ELEC-001: Current Attenuation / Consumption Model,conceptual_misconception,High,Believes electric current is consumed or 'used up' by electrical loads as it travels around the circuit loop.,True,circuit_schematic,"A single-loop series circuit with a DC battery, switch, ammeter A1, bulb 1, ammeter A2, bulb 2, and ammeter A3.",test
REC-00255,PHY-Class10-05-0255,ELECTRICITY_CURRENT_CONSERVATION,Class 10,Electricity,Current Conservation in a Series Circuit,"In a series circuit containing two heating coils, a student claims current decreases after passing through each coil because energy is consumed. Explain whether this claim is correct.","Electric current is the continuous rate of flow of electric charge (I = dQ/dt). By charge conservation, charges cannot accumulate or vanish in a single-loop series circuit. A1 = A2 = A3 exactly.",Bulb 2 receives less current than Bulb 1 because the charges get spent producing light and heat.,MISC-ELEC-001: Current Attenuation / Consumption Model,conceptual_misconception,High,Believes electric current is consumed or 'used up' by electrical loads as it travels around the circuit loop.,True,circuit_schematic,"A single-loop series circuit with a DC battery, switch, ammeter A1, bulb 1, ammeter A2, bulb 2, and ammeter A3.",train
REC-00256,PHY-Class10-05-0256,ELECTRICITY_CURRENT_CONSERVATION,Class 10,Electricity,Current Conservation in a Series Circuit,"Two identical light bulbs are connected in series with a 24 V battery. Ammeter A1 is before Bulb 1, A2 is between the bulbs, and A3 is after Bulb 2. If A1 reads 2.0 A, what do A2 and A3 read?","Electric current is the continuous rate of flow of electric charge (I = dQ/dt). By charge conservation, charges cannot accumulate or vanish in a single-loop series circuit. A1 = A2 = A3 exactly.",Current decreases progressively around the circuit from positive to negative terminal.,MISC-ELEC-001: Current Attenuation / Consumption Model,conceptual_misconception,High,Believes electric current is consumed or 'used up' by electrical loads as it travels around the circuit loop.,True,circuit_schematic,"A single-loop series circuit with a DC battery, switch, ammeter A1, bulb 1, ammeter A2, bulb 2, and ammeter A3.",test
REC-00257,PHY-Class10-05-0257,ELECTRICITY_CURRENT_CONSERVATION,Class 10,Electricity,Current Conservation in a Series Circuit,Three resistors of resistances 5 ohms each are connected in series across a 6 V cell. How does the current entering the first resistor compare with the current leaving the third resistor?,"Electric current is the continuous rate of flow of electric charge (I = dQ/dt). By charge conservation, charges cannot accumulate or vanish in a single-loop series circuit. A1 = A2 = A3 exactly.","A1 = 1.2A, A2 = 0.8A, A3 = 0.4A because bulb 1 consumes electric current to glow, leaving less for bulb 2.",MISC-ELEC-001: Current Attenuation / Consumption Model,conceptual_misconception,High,Believes electric current is consumed or 'used up' by electrical loads as it travels around the circuit loop.,True,circuit_schematic,"A single-loop series circuit with a DC battery, switch, ammeter A1, bulb 1, ammeter A2, bulb 2, and ammeter A3.",train
REC-00258,PHY-Class10-05-0258,ELECTRICITY_CURRENT_CONSERVATION,Class 10,Electricity,Current Conservation in a Series Circuit,"In a series circuit containing two heating coils, a student claims current decreases after passing through each coil because energy is consumed. Explain whether this claim is correct.","Electric current is the continuous rate of flow of electric charge (I = dQ/dt). By charge conservation, charges cannot accumulate or vanish in a single-loop series circuit. A1 = A2 = A3 exactly.","Current is used up as it travels along the series loop, so each subsequent component gets less current.",MISC-ELEC-001: Current Attenuation / Consumption Model,conceptual_misconception,High,Believes electric current is consumed or 'used up' by electrical loads as it travels around the circuit loop.,True,circuit_schematic,"A single-loop series circuit with a DC battery, switch, ammeter A1, bulb 1, ammeter A2, bulb 2, and ammeter A3.",train
REC-00259,PHY-Class10-05-0259,ELECTRICITY_CURRENT_CONSERVATION,Class 10,Electricity,Current Conservation in a Series Circuit,"Two identical light bulbs are connected in series with a 9 V battery. Ammeter A1 is before Bulb 1, A2 is between the bulbs, and A3 is after Bulb 2. If A1 reads 1.5 A, what do A2 and A3 read?","Electric current is the continuous rate of flow of electric charge (I = dQ/dt). By charge conservation, charges cannot accumulate or vanish in a single-loop series circuit. A1 = A2 = A3 exactly.",Bulb 2 receives less current than Bulb 1 because the charges get spent producing light and heat.,MISC-ELEC-001: Current Attenuation / Consumption Model,conceptual_misconception,High,Believes electric current is consumed or 'used up' by electrical loads as it travels around the circuit loop.,True,circuit_schematic,"A single-loop series circuit with a DC battery, switch, ammeter A1, bulb 1, ammeter A2, bulb 2, and ammeter A3.",train
REC-00260,PHY-Class10-05-0260,ELECTRICITY_CURRENT_CONSERVATION,Class 10,Electricity,Current Conservation in a Series Circuit,Three resistors of resistances 12 ohms each are connected in series across a 24 V cell. How does the current entering the first resistor compare with the current leaving the third resistor?,"Electric current is the continuous rate of flow of electric charge (I = dQ/dt). By charge conservation, charges cannot accumulate or vanish in a single-loop series circuit. A1 = A2 = A3 exactly.",Current decreases progressively around the circuit from positive to negative terminal.,MISC-ELEC-001: Current Attenuation / Consumption Model,conceptual_misconception,High,Believes electric current is consumed or 'used up' by electrical loads as it travels around the circuit loop.,True,circuit_schematic,"A single-loop series circuit with a DC battery, switch, ammeter A1, bulb 1, ammeter A2, bulb 2, and ammeter A3.",train
REC-00261,PHY-Class10-05-0261,ELECTRICITY_CURRENT_CONSERVATION,Class 10,Electricity,Current Conservation in a Series Circuit,"In a series circuit containing two heating coils, a student claims current decreases after passing through each coil because energy is consumed. Explain whether this claim is correct.","Electric current is the continuous rate of flow of electric charge (I = dQ/dt). By charge conservation, charges cannot accumulate or vanish in a single-loop series circuit. A1 = A2 = A3 exactly.","A1 = 1.2A, A2 = 0.8A, A3 = 0.4A because bulb 1 consumes electric current to glow, leaving less for bulb 2.",MISC-ELEC-001: Current Attenuation / Consumption Model,conceptual_misconception,High,Believes electric current is consumed or 'used up' by electrical loads as it travels around the circuit loop.,True,circuit_schematic,"A single-loop series circuit with a DC battery, switch, ammeter A1, bulb 1, ammeter A2, bulb 2, and ammeter A3.",train
REC-00262,PHY-Class10-05-0262,ELECTRICITY_CURRENT_CONSERVATION,Class 10,Electricity,Current Conservation in a Series Circuit,"Two identical light bulbs are connected in series with a 12 V battery. Ammeter A1 is before Bulb 1, A2 is between the bulbs, and A3 is after Bulb 2. If A1 reads 0.8 A, what do A2 and A3 read?","Electric current is the continuous rate of flow of electric charge (I = dQ/dt). By charge conservation, charges cannot accumulate or vanish in a single-loop series circuit. A1 = A2 = A3 exactly.","Current is used up as it travels along the series loop, so each subsequent component gets less current.",MISC-ELEC-001: Current Attenuation / Consumption Model,conceptual_misconception,High,Believes electric current is consumed or 'used up' by electrical loads as it travels around the circuit loop.,True,circuit_schematic,"A single-loop series circuit with a DC battery, switch, ammeter A1, bulb 1, ammeter A2, bulb 2, and ammeter A3.",train
REC-00263,PHY-Class10-05-0263,ELECTRICITY_CURRENT_CONSERVATION,Class 10,Electricity,Current Conservation in a Series Circuit,Three resistors of resistances 6 ohms each are connected in series across a 9 V cell. How does the current entering the first resistor compare with the current leaving the third resistor?,"Electric current is the continuous rate of flow of electric charge (I = dQ/dt). By charge conservation, charges cannot accumulate or vanish in a single-loop series circuit. A1 = A2 = A3 exactly.",Bulb 2 receives less current than Bulb 1 because the charges get spent producing light and heat.,MISC-ELEC-001: Current Attenuation / Consumption Model,conceptual_misconception,High,Believes electric current is consumed or 'used up' by electrical loads as it travels around the circuit loop.,True,circuit_schematic,"A single-loop series circuit with a DC battery, switch, ammeter A1, bulb 1, ammeter A2, bulb 2, and ammeter A3.",train
REC-00264,PHY-Class10-05-0264,ELECTRICITY_CURRENT_CONSERVATION,Class 10,Electricity,Current Conservation in a Series Circuit,"In a series circuit containing two heating coils, a student claims current decreases after passing through each coil because energy is consumed. Explain whether this claim is correct.","Electric current is the continuous rate of flow of electric charge (I = dQ/dt). By charge conservation, charges cannot accumulate or vanish in a single-loop series circuit. A1 = A2 = A3 exactly.",Current decreases progressively around the circuit from positive to negative terminal.,MISC-ELEC-001: Current Attenuation / Consumption Model,conceptual_misconception,High,Believes electric current is consumed or 'used up' by electrical loads as it travels around the circuit loop.,True,circuit_schematic,"A single-loop series circuit with a DC battery, switch, ammeter A1, bulb 1, ammeter A2, bulb 2, and ammeter A3.",train
REC-00265,PHY-Class10-05-0265,ELECTRICITY_CURRENT_CONSERVATION,Class 10,Electricity,Current Conservation in a Series Circuit,"Two identical light bulbs are connected in series with a 6 V battery. Ammeter A1 is before Bulb 1, A2 is between the bulbs, and A3 is after Bulb 2. If A1 reads 1.2 A, what do A2 and A3 read?","Electric current is the continuous rate of flow of electric charge (I = dQ/dt). By charge conservation, charges cannot accumulate or vanish in a single-loop series circuit. A1 = A2 = A3 exactly.","A1 = 1.2A, A2 = 0.8A, A3 = 0.4A because bulb 1 consumes electric current to glow, leaving less for bulb 2.",MISC-ELEC-001: Current Attenuation / Consumption Model,conceptual_misconception,High,Believes electric current is consumed or 'used up' by electrical loads as it travels around the circuit loop.,True,circuit_schematic,"A single-loop series circuit with a DC battery, switch, ammeter A1, bulb 1, ammeter A2, bulb 2, and ammeter A3.",train
REC-00266,PHY-Class10-05-0266,ELECTRICITY_CURRENT_CONSERVATION,Class 10,Electricity,Current Conservation in a Series Circuit,Three resistors of resistances 10 ohms each are connected in series across a 12 V cell. How does the current entering the first resistor compare with the current leaving the third resistor?,"Electric current is the continuous rate of flow of electric charge (I = dQ/dt). By charge conservation, charges cannot accumulate or vanish in a single-loop series circuit. A1 = A2 = A3 exactly.","Current is used up as it travels along the series loop, so each subsequent component gets less current.",MISC-ELEC-001: Current Attenuation / Consumption Model,conceptual_misconception,High,Believes electric current is consumed or 'used up' by electrical loads as it travels around the circuit loop.,True,circuit_schematic,"A single-loop series circuit with a DC battery, switch, ammeter A1, bulb 1, ammeter A2, bulb 2, and ammeter A3.",test
REC-00267,PHY-Class10-05-0267,ELECTRICITY_CURRENT_CONSERVATION,Class 10,Electricity,Current Conservation in a Series Circuit,"In a series circuit containing two heating coils, a student claims current decreases after passing through each coil because energy is consumed. Explain whether this claim is correct.","Electric current is the continuous rate of flow of electric charge (I = dQ/dt). By charge conservation, charges cannot accumulate or vanish in a single-loop series circuit. A1 = A2 = A3 exactly.",Bulb 2 receives less current than Bulb 1 because the charges get spent producing light and heat.,MISC-ELEC-001: Current Attenuation / Consumption Model,conceptual_misconception,High,Believes electric current is consumed or 'used up' by electrical loads as it travels around the circuit loop.,True,circuit_schematic,"A single-loop series circuit with a DC battery, switch, ammeter A1, bulb 1, ammeter A2, bulb 2, and ammeter A3.",train
REC-00268,PHY-Class10-05-0268,ELECTRICITY_CURRENT_CONSERVATION,Class 10,Electricity,Current Conservation in a Series Circuit,"Two identical light bulbs are connected in series with a 24 V battery. Ammeter A1 is before Bulb 1, A2 is between the bulbs, and A3 is after Bulb 2. If A1 reads 2.0 A, what do A2 and A3 read?","Electric current is the continuous rate of flow of electric charge (I = dQ/dt). By charge conservation, charges cannot accumulate or vanish in a single-loop series circuit. A1 = A2 = A3 exactly.",Current decreases progressively around the circuit from positive to negative terminal.,MISC-ELEC-001: Current Attenuation / Consumption Model,conceptual_misconception,High,Believes electric current is consumed or 'used up' by electrical loads as it travels around the circuit loop.,True,circuit_schematic,"A single-loop series circuit with a DC battery, switch, ammeter A1, bulb 1, ammeter A2, bulb 2, and ammeter A3.",train
REC-00269,PHY-Class10-05-0269,ELECTRICITY_CURRENT_CONSERVATION,Class 10,Electricity,Current Conservation in a Series Circuit,Three resistors of resistances 5 ohms each are connected in series across a 6 V cell. How does the current entering the first resistor compare with the current leaving the third resistor?,"Electric current is the continuous rate of flow of electric charge (I = dQ/dt). By charge conservation, charges cannot accumulate or vanish in a single-loop series circuit. A1 = A2 = A3 exactly.","A1 = 1.2A, A2 = 0.8A, A3 = 0.4A because bulb 1 consumes electric current to glow, leaving less for bulb 2.",MISC-ELEC-001: Current Attenuation / Consumption Model,conceptual_misconception,High,Believes electric current is consumed or 'used up' by electrical loads as it travels around the circuit loop.,True,circuit_schematic,"A single-loop series circuit with a DC battery, switch, ammeter A1, bulb 1, ammeter A2, bulb 2, and ammeter A3.",train
REC-00270,PHY-Class10-05-0270,ELECTRICITY_CURRENT_CONSERVATION,Class 10,Electricity,Current Conservation in a Series Circuit,"In a series circuit containing two heating coils, a student claims current decreases after passing through each coil because energy is consumed. Explain whether this claim is correct.","Electric current is the continuous rate of flow of electric charge (I = dQ/dt). By charge conservation, charges cannot accumulate or vanish in a single-loop series circuit. A1 = A2 = A3 exactly.","Current is used up as it travels along the series loop, so each subsequent component gets less current.",MISC-ELEC-001: Current Attenuation / Consumption Model,conceptual_misconception,High,Believes electric current is consumed or 'used up' by electrical loads as it travels around the circuit loop.,True,circuit_schematic,"A single-loop series circuit with a DC battery, switch, ammeter A1, bulb 1, ammeter A2, bulb 2, and ammeter A3.",train
REC-00271,PHY-Class10-05-0271,ELECTRICITY_CURRENT_CONSERVATION,Class 10,Electricity,Current Conservation in a Series Circuit,"Two identical light bulbs are connected in series with a 9 V battery. Ammeter A1 is before Bulb 1, A2 is between the bulbs, and A3 is after Bulb 2. If A1 reads 1.5 A, what do A2 and A3 read?","Electric current is the continuous rate of flow of electric charge (I = dQ/dt). By charge conservation, charges cannot accumulate or vanish in a single-loop series circuit. A1 = A2 = A3 exactly.",Bulb 2 receives less current than Bulb 1 because the charges get spent producing light and heat.,MISC-ELEC-001: Current Attenuation / Consumption Model,conceptual_misconception,High,Believes electric current is consumed or 'used up' by electrical loads as it travels around the circuit loop.,True,circuit_schematic,"A single-loop series circuit with a DC battery, switch, ammeter A1, bulb 1, ammeter A2, bulb 2, and ammeter A3.",test
REC-00272,PHY-Class10-05-0272,ELECTRICITY_CURRENT_CONSERVATION,Class 10,Electricity,Current Conservation in a Series Circuit,Three resistors of resistances 12 ohms each are connected in series across a 24 V cell. How does the current entering the first resistor compare with the current leaving the third resistor?,"Electric current is the continuous rate of flow of electric charge (I = dQ/dt). By charge conservation, charges cannot accumulate or vanish in a single-loop series circuit. A1 = A2 = A3 exactly.",Current decreases progressively around the circuit from positive to negative terminal.,MISC-ELEC-001: Current Attenuation / Consumption Model,conceptual_misconception,High,Believes electric current is consumed or 'used up' by electrical loads as it travels around the circuit loop.,True,circuit_schematic,"A single-loop series circuit with a DC battery, switch, ammeter A1, bulb 1, ammeter A2, bulb 2, and ammeter A3.",val
REC-00273,PHY-Class10-05-0273,ELECTRICITY_CURRENT_CONSERVATION,Class 10,Electricity,Current Conservation in a Series Circuit,"In a series circuit containing two heating coils, a student claims current decreases after passing through each coil because energy is consumed. Explain whether this claim is correct.","Electric current is the continuous rate of flow of electric charge (I = dQ/dt). By charge conservation, charges cannot accumulate or vanish in a single-loop series circuit. A1 = A2 = A3 exactly.","A1 = 1.2A, A2 = 0.8A, A3 = 0.4A because bulb 1 consumes electric current to glow, leaving less for bulb 2.",MISC-ELEC-001: Current Attenuation / Consumption Model,conceptual_misconception,High,Believes electric current is consumed or 'used up' by electrical loads as it travels around the circuit loop.,True,circuit_schematic,"A single-loop series circuit with a DC battery, switch, ammeter A1, bulb 1, ammeter A2, bulb 2, and ammeter A3.",val
REC-00274,PHY-Class10-05-0274,ELECTRICITY_CURRENT_CONSERVATION,Class 10,Electricity,Current Conservation in a Series Circuit,"Two identical light bulbs are connected in series with a 12 V battery. Ammeter A1 is before Bulb 1, A2 is between the bulbs, and A3 is after Bulb 2. If A1 reads 0.8 A, what do A2 and A3 read?","Electric current is the continuous rate of flow of electric charge (I = dQ/dt). By charge conservation, charges cannot accumulate or vanish in a single-loop series circuit. A1 = A2 = A3 exactly.","Current is used up as it travels along the series loop, so each subsequent component gets less current.",MISC-ELEC-001: Current Attenuation / Consumption Model,conceptual_misconception,High,Believes electric current is consumed or 'used up' by electrical loads as it travels around the circuit loop.,True,circuit_schematic,"A single-loop series circuit with a DC battery, switch, ammeter A1, bulb 1, ammeter A2, bulb 2, and ammeter A3.",train
REC-00275,PHY-Class10-05-0275,ELECTRICITY_CURRENT_CONSERVATION,Class 10,Electricity,Current Conservation in a Series Circuit,Three resistors of resistances 6 ohms each are connected in series across a 9 V cell. How does the current entering the first resistor compare with the current leaving the third resistor?,"Electric current is the continuous rate of flow of electric charge (I = dQ/dt). By charge conservation, charges cannot accumulate or vanish in a single-loop series circuit. A1 = A2 = A3 exactly.",Bulb 2 receives less current than Bulb 1 because the charges get spent producing light and heat.,MISC-ELEC-001: Current Attenuation / Consumption Model,conceptual_misconception,High,Believes electric current is consumed or 'used up' by electrical loads as it travels around the circuit loop.,True,circuit_schematic,"A single-loop series circuit with a DC battery, switch, ammeter A1, bulb 1, ammeter A2, bulb 2, and ammeter A3.",test
REC-00276,PHY-Class10-05-0276,ELECTRICITY_CURRENT_CONSERVATION,Class 10,Electricity,Current Conservation in a Series Circuit,"In a series circuit containing two heating coils, a student claims current decreases after passing through each coil because energy is consumed. Explain whether this claim is correct.","Electric current is the continuous rate of flow of electric charge (I = dQ/dt). By charge conservation, charges cannot accumulate or vanish in a single-loop series circuit. A1 = A2 = A3 exactly.",Current decreases progressively around the circuit from positive to negative terminal.,MISC-ELEC-001: Current Attenuation / Consumption Model,conceptual_misconception,High,Believes electric current is consumed or 'used up' by electrical loads as it travels around the circuit loop.,True,circuit_schematic,"A single-loop series circuit with a DC battery, switch, ammeter A1, bulb 1, ammeter A2, bulb 2, and ammeter A3.",val
REC-00277,PHY-Class10-05-0277,ELECTRICITY_CURRENT_CONSERVATION,Class 10,Electricity,Current Conservation in a Series Circuit,"Two identical light bulbs are connected in series with a 6 V battery. Ammeter A1 is before Bulb 1, A2 is between the bulbs, and A3 is after Bulb 2. If A1 reads 1.2 A, what do A2 and A3 read?","Electric current is the continuous rate of flow of electric charge (I = dQ/dt). By charge conservation, charges cannot accumulate or vanish in a single-loop series circuit. A1 = A2 = A3 exactly.",A1 = A2 = A3 = 1.2 A. Current is conserved in a series circuit because electric charge cannot vanish or accumulate; only potential energy is dissipated.,CORRECT: Scientifically Accurate Response,no_error,High,Rigorous scientific reasoning with valid physical principles and mathematical steps.,True,circuit_schematic,"A single-loop series circuit with a DC battery, switch, ammeter A1, bulb 1, ammeter A2, bulb 2, and ammeter A3.",train
REC-00278,PHY-Class10-05-0278,ELECTRICITY_CURRENT_CONSERVATION,Class 10,Electricity,Current Conservation in a Series Circuit,Three resistors of resistances 10 ohms each are connected in series across a 12 V cell. How does the current entering the first resistor compare with the current leaving the third resistor?,"Electric current is the continuous rate of flow of electric charge (I = dQ/dt). By charge conservation, charges cannot accumulate or vanish in a single-loop series circuit. A1 = A2 = A3 exactly.",Current is identical at every point in a series circuit because there is only one conductive path for electrons.,CORRECT: Scientifically Accurate Response,no_error,High,Rigorous scientific reasoning with valid physical principles and mathematical steps.,True,circuit_schematic,"A single-loop series circuit with a DC battery, switch, ammeter A1, bulb 1, ammeter A2, bulb 2, and ammeter A3.",test
REC-00279,PHY-Class10-05-0279,ELECTRICITY_CURRENT_CONSERVATION,Class 10,Electricity,Current Conservation in a Series Circuit,"In a series circuit containing two heating coils, a student claims current decreases after passing through each coil because energy is consumed. Explain whether this claim is correct.","Electric current is the continuous rate of flow of electric charge (I = dQ/dt). By charge conservation, charges cannot accumulate or vanish in a single-loop series circuit. A1 = A2 = A3 exactly.",A1 = A2 = A3 = 1.5 A. Current is conserved in a series circuit because electric charge cannot vanish or accumulate; only potential energy is dissipated.,CORRECT: Scientifically Accurate Response,no_error,High,Rigorous scientific reasoning with valid physical principles and mathematical steps.,True,circuit_schematic,"A single-loop series circuit with a DC battery, switch, ammeter A1, bulb 1, ammeter A2, bulb 2, and ammeter A3.",train
REC-00280,PHY-Class10-05-0280,ELECTRICITY_CURRENT_CONSERVATION,Class 10,Electricity,Current Conservation in a Series Circuit,"Two identical light bulbs are connected in series with a 24 V battery. Ammeter A1 is before Bulb 1, A2 is between the bulbs, and A3 is after Bulb 2. If A1 reads 2.0 A, what do A2 and A3 read?","Electric current is the continuous rate of flow of electric charge (I = dQ/dt). By charge conservation, charges cannot accumulate or vanish in a single-loop series circuit. A1 = A2 = A3 exactly.",Current is identical at every point in a series circuit because there is only one conductive path for electrons.,CORRECT: Scientifically Accurate Response,no_error,High,Rigorous scientific reasoning with valid physical principles and mathematical steps.,True,circuit_schematic,"A single-loop series circuit with a DC battery, switch, ammeter A1, bulb 1, ammeter A2, bulb 2, and ammeter A3.",train
REC-00281,PHY-Class10-05-0281,ELECTRICITY_CURRENT_CONSERVATION,Class 10,Electricity,Current Conservation in a Series Circuit,Three resistors of resistances 5 ohms each are connected in series across a 6 V cell. How does the current entering the first resistor compare with the current leaving the third resistor?,"Electric current is the continuous rate of flow of electric charge (I = dQ/dt). By charge conservation, charges cannot accumulate or vanish in a single-loop series circuit. A1 = A2 = A3 exactly.",A1 = A2 = A3 = 1.2 A. Current is conserved in a series circuit because electric charge cannot vanish or accumulate; only potential energy is dissipated.,CORRECT: Scientifically Accurate Response,no_error,High,Rigorous scientific reasoning with valid physical principles and mathematical steps.,True,circuit_schematic,"A single-loop series circuit with a DC battery, switch, ammeter A1, bulb 1, ammeter A2, bulb 2, and ammeter A3.",train
REC-00282,PHY-Class10-05-0282,ELECTRICITY_CURRENT_CONSERVATION,Class 10,Electricity,Current Conservation in a Series Circuit,"In a series circuit containing two heating coils, a student claims current decreases after passing through each coil because energy is consumed. Explain whether this claim is correct.","Electric current is the continuous rate of flow of electric charge (I = dQ/dt). By charge conservation, charges cannot accumulate or vanish in a single-loop series circuit. A1 = A2 = A3 exactly.",Current is identical at every point in a series circuit because there is only one conductive path for electrons.,CORRECT: Scientifically Accurate Response,no_error,High,Rigorous scientific reasoning with valid physical principles and mathematical steps.,True,circuit_schematic,"A single-loop series circuit with a DC battery, switch, ammeter A1, bulb 1, ammeter A2, bulb 2, and ammeter A3.",train
REC-00283,PHY-Class10-05-0283,ELECTRICITY_CURRENT_CONSERVATION,Class 10,Electricity,Current Conservation in a Series Circuit,"Two identical light bulbs are connected in series with a 9 V battery. Ammeter A1 is before Bulb 1, A2 is between the bulbs, and A3 is after Bulb 2. If A1 reads 1.5 A, what do A2 and A3 read?","Electric current is the continuous rate of flow of electric charge (I = dQ/dt). By charge conservation, charges cannot accumulate or vanish in a single-loop series circuit. A1 = A2 = A3 exactly.",A1 = A2 = A3 = 1.5 A. Current is conserved in a series circuit because electric charge cannot vanish or accumulate; only potential energy is dissipated.,CORRECT: Scientifically Accurate Response,no_error,High,Rigorous scientific reasoning with valid physical principles and mathematical steps.,True,circuit_schematic,"A single-loop series circuit with a DC battery, switch, ammeter A1, bulb 1, ammeter A2, bulb 2, and ammeter A3.",train
REC-00284,PHY-Class10-05-0284,ELECTRICITY_CURRENT_CONSERVATION,Class 10,Electricity,Current Conservation in a Series Circuit,Three resistors of resistances 12 ohms each are connected in series across a 24 V cell. How does the current entering the first resistor compare with the current leaving the third resistor?,"Electric current is the continuous rate of flow of electric charge (I = dQ/dt). By charge conservation, charges cannot accumulate or vanish in a single-loop series circuit. A1 = A2 = A3 exactly.",Current is identical at every point in a series circuit because there is only one conductive path for electrons.,CORRECT: Scientifically Accurate Response,no_error,High,Rigorous scientific reasoning with valid physical principles and mathematical steps.,True,circuit_schematic,"A single-loop series circuit with a DC battery, switch, ammeter A1, bulb 1, ammeter A2, bulb 2, and ammeter A3.",test
REC-00285,PHY-Class10-05-0285,ELECTRICITY_CURRENT_CONSERVATION,Class 10,Electricity,Current Conservation in a Series Circuit,"In a series circuit containing two heating coils, a student claims current decreases after passing through each coil because energy is consumed. Explain whether this claim is correct.","Electric current is the continuous rate of flow of electric charge (I = dQ/dt). By charge conservation, charges cannot accumulate or vanish in a single-loop series circuit. A1 = A2 = A3 exactly.",A1 = A2 = A3 = 1.2 A. Current is conserved in a series circuit because electric charge cannot vanish or accumulate; only potential energy is dissipated.,CORRECT: Scientifically Accurate Response,no_error,High,Rigorous scientific reasoning with valid physical principles and mathematical steps.,True,circuit_schematic,"A single-loop series circuit with a DC battery, switch, ammeter A1, bulb 1, ammeter A2, bulb 2, and ammeter A3.",val
REC-00286,PHY-Class10-05-0286,ELECTRICITY_CURRENT_CONSERVATION,Class 10,Electricity,Current Conservation in a Series Circuit,"Two identical light bulbs are connected in series with a 12 V battery. Ammeter A1 is before Bulb 1, A2 is between the bulbs, and A3 is after Bulb 2. If A1 reads 0.8 A, what do A2 and A3 read?","Electric current is the continuous rate of flow of electric charge (I = dQ/dt). By charge conservation, charges cannot accumulate or vanish in a single-loop series circuit. A1 = A2 = A3 exactly.",Current is identical at every point in a series circuit because there is only one conductive path for electrons.,CORRECT: Scientifically Accurate Response,no_error,High,Rigorous scientific reasoning with valid physical principles and mathematical steps.,True,circuit_schematic,"A single-loop series circuit with a DC battery, switch, ammeter A1, bulb 1, ammeter A2, bulb 2, and ammeter A3.",train
REC-00287,PHY-Class10-05-0287,ELECTRICITY_CURRENT_CONSERVATION,Class 10,Electricity,Current Conservation in a Series Circuit,Three resistors of resistances 6 ohms each are connected in series across a 9 V cell. How does the current entering the first resistor compare with the current leaving the third resistor?,"Electric current is the continuous rate of flow of electric charge (I = dQ/dt). By charge conservation, charges cannot accumulate or vanish in a single-loop series circuit. A1 = A2 = A3 exactly.",A1 = A2 = A3 = 1.5 A. Current is conserved in a series circuit because electric charge cannot vanish or accumulate; only potential energy is dissipated.,CORRECT: Scientifically Accurate Response,no_error,High,Rigorous scientific reasoning with valid physical principles and mathematical steps.,True,circuit_schematic,"A single-loop series circuit with a DC battery, switch, ammeter A1, bulb 1, ammeter A2, bulb 2, and ammeter A3.",train
REC-00288,PHY-Class10-05-0288,ELECTRICITY_CURRENT_CONSERVATION,Class 10,Electricity,Current Conservation in a Series Circuit,"In a series circuit containing two heating coils, a student claims current decreases after passing through each coil because energy is consumed. Explain whether this claim is correct.","Electric current is the continuous rate of flow of electric charge (I = dQ/dt). By charge conservation, charges cannot accumulate or vanish in a single-loop series circuit. A1 = A2 = A3 exactly.",Current is identical at every point in a series circuit because there is only one conductive path for electrons.,CORRECT: Scientifically Accurate Response,no_error,High,Rigorous scientific reasoning with valid physical principles and mathematical steps.,True,circuit_schematic,"A single-loop series circuit with a DC battery, switch, ammeter A1, bulb 1, ammeter A2, bulb 2, and ammeter A3.",val
REC-00289,PHY-Class10-05-0289,ELECTRICITY_CURRENT_CONSERVATION,Class 10,Electricity,Current Conservation in a Series Circuit,"Two identical light bulbs are connected in series with a 6 V battery. Ammeter A1 is before Bulb 1, A2 is between the bulbs, and A3 is after Bulb 2. If A1 reads 1.2 A, what do A2 and A3 read?","Electric current is the continuous rate of flow of electric charge (I = dQ/dt). By charge conservation, charges cannot accumulate or vanish in a single-loop series circuit. A1 = A2 = A3 exactly.","Current is constant everywhere in series, so A1 = A2 = A3 = 9.0 A due to division slip.",CARELESS_CALCULATION_ERROR,calculation_slip,Medium,Conceptual formula choice is correct; error is isolated to an arithmetic slip.,True,circuit_schematic,"A single-loop series circuit with a DC battery, switch, ammeter A1, bulb 1, ammeter A2, bulb 2, and ammeter A3.",train
REC-00290,PHY-Class10-05-0290,ELECTRICITY_CURRENT_CONSERVATION,Class 10,Electricity,Current Conservation in a Series Circuit,Three resistors of resistances 10 ohms each are connected in series across a 12 V cell. How does the current entering the first resistor compare with the current leaving the third resistor?,"Electric current is the continuous rate of flow of electric charge (I = dQ/dt). By charge conservation, charges cannot accumulate or vanish in a single-loop series circuit. A1 = A2 = A3 exactly.","All ammeters read equal current, but calculated I = V * R instead of I = V / R.",CARELESS_CALCULATION_ERROR,calculation_slip,Medium,Conceptual formula choice is correct; error is isolated to an arithmetic slip.,True,circuit_schematic,"A single-loop series circuit with a DC battery, switch, ammeter A1, bulb 1, ammeter A2, bulb 2, and ammeter A3.",val
REC-00291,PHY-Class10-05-0291,ELECTRICITY_CURRENT_CONSERVATION,Class 10,Electricity,Current Conservation in a Series Circuit,"In a series circuit containing two heating coils, a student claims current decreases after passing through each coil because energy is consumed. Explain whether this claim is correct.","Electric current is the continuous rate of flow of electric charge (I = dQ/dt). By charge conservation, charges cannot accumulate or vanish in a single-loop series circuit. A1 = A2 = A3 exactly.","Current is constant everywhere in series, so A1 = A2 = A3 = 13.5 A due to division slip.",CARELESS_CALCULATION_ERROR,calculation_slip,Medium,Conceptual formula choice is correct; error is isolated to an arithmetic slip.,True,circuit_schematic,"A single-loop series circuit with a DC battery, switch, ammeter A1, bulb 1, ammeter A2, bulb 2, and ammeter A3.",train
REC-00292,PHY-Class10-05-0292,ELECTRICITY_CURRENT_CONSERVATION,Class 10,Electricity,Current Conservation in a Series Circuit,"Two identical light bulbs are connected in series with a 24 V battery. Ammeter A1 is before Bulb 1, A2 is between the bulbs, and A3 is after Bulb 2. If A1 reads 2.0 A, what do A2 and A3 read?","Electric current is the continuous rate of flow of electric charge (I = dQ/dt). By charge conservation, charges cannot accumulate or vanish in a single-loop series circuit. A1 = A2 = A3 exactly.","All ammeters read equal current, but calculated I = V * R instead of I = V / R.",CARELESS_CALCULATION_ERROR,calculation_slip,Medium,Conceptual formula choice is correct; error is isolated to an arithmetic slip.,True,circuit_schematic,"A single-loop series circuit with a DC battery, switch, ammeter A1, bulb 1, ammeter A2, bulb 2, and ammeter A3.",test
REC-00293,PHY-Class10-05-0293,ELECTRICITY_CURRENT_CONSERVATION,Class 10,Electricity,Current Conservation in a Series Circuit,"Two identical light bulbs are connected in series with a 6 V battery. Ammeter A1 is before Bulb 1, A2 is between the bulbs, and A3 is after Bulb 2. If A1 reads 1.2 A, what do A2 and A3 read?","Electric current is the continuous rate of flow of electric charge (I = dQ/dt). By charge conservation, charges cannot accumulate or vanish in a single-loop series circuit. A1 = A2 = A3 exactly.",A1 = A2 = A3 = 1.2 Volts instead of Amperes.,UNIT_CONVERSION_ERROR,unit_error,High,"Numerical reasoning is sound, but units were omitted or confused with another physical quantity.",True,circuit_schematic,"A single-loop series circuit with a DC battery, switch, ammeter A1, bulb 1, ammeter A2, bulb 2, and ammeter A3.",train
REC-00294,PHY-Class10-05-0294,ELECTRICITY_CURRENT_CONSERVATION,Class 10,Electricity,Current Conservation in a Series Circuit,Three resistors of resistances 10 ohms each are connected in series across a 12 V cell. How does the current entering the first resistor compare with the current leaving the third resistor?,"Electric current is the continuous rate of flow of electric charge (I = dQ/dt). By charge conservation, charges cannot accumulate or vanish in a single-loop series circuit. A1 = A2 = A3 exactly.",Current through all meters is 0.8 Watts.,UNIT_CONVERSION_ERROR,unit_error,High,"Numerical reasoning is sound, but units were omitted or confused with another physical quantity.",True,circuit_schematic,"A single-loop series circuit with a DC battery, switch, ammeter A1, bulb 1, ammeter A2, bulb 2, and ammeter A3.",test
REC-00295,PHY-Class10-05-0295,ELECTRICITY_CURRENT_CONSERVATION,Class 10,Electricity,Current Conservation in a Series Circuit,"In a series circuit containing two heating coils, a student claims current decreases after passing through each coil because energy is consumed. Explain whether this claim is correct.","Electric current is the continuous rate of flow of electric charge (I = dQ/dt). By charge conservation, charges cannot accumulate or vanish in a single-loop series circuit. A1 = A2 = A3 exactly.",A1 = A2 = A3 = 1.5 Volts instead of Amperes.,UNIT_CONVERSION_ERROR,unit_error,High,"Numerical reasoning is sound, but units were omitted or confused with another physical quantity.",True,circuit_schematic,"A single-loop series circuit with a DC battery, switch, ammeter A1, bulb 1, ammeter A2, bulb 2, and ammeter A3.",train
REC-00296,PHY-Class10-05-0296,ELECTRICITY_CURRENT_CONSERVATION,Class 10,Electricity,Current Conservation in a Series Circuit,"Two identical light bulbs are connected in series with a 24 V battery. Ammeter A1 is before Bulb 1, A2 is between the bulbs, and A3 is after Bulb 2. If A1 reads 2.0 A, what do A2 and A3 read?","Electric current is the continuous rate of flow of electric charge (I = dQ/dt). By charge conservation, charges cannot accumulate or vanish in a single-loop series circuit. A1 = A2 = A3 exactly.",Current through all meters is 2.0 Watts.,UNIT_CONVERSION_ERROR,unit_error,High,"Numerical reasoning is sound, but units were omitted or confused with another physical quantity.",True,circuit_schematic,"A single-loop series circuit with a DC battery, switch, ammeter A1, bulb 1, ammeter A2, bulb 2, and ammeter A3.",val
REC-00297,PHY-Class10-05-0297,ELECTRICITY_CURRENT_CONSERVATION,Class 10,Electricity,Current Conservation in a Series Circuit,"Two identical light bulbs are connected in series with a 6 V battery. Ammeter A1 is before Bulb 1, A2 is between the bulbs, and A3 is after Bulb 2. If A1 reads 1.2 A, what do A2 and A3 read?","Electric current is the continuous rate of flow of electric charge (I = dQ/dt). By charge conservation, charges cannot accumulate or vanish in a single-loop series circuit. A1 = A2 = A3 exactly.","The current might decrease after passing the bulb, but I am not certain.",UNSURE_INSUFFICIENT_EVIDENCE,guessing_unclear,Low,Student response contains minimal reasoning or expresses explicit uncertainty; requires diagnostic probe.,True,circuit_schematic,"A single-loop series circuit with a DC battery, switch, ammeter A1, bulb 1, ammeter A2, bulb 2, and ammeter A3.",train
REC-00298,PHY-Class10-05-0298,ELECTRICITY_CURRENT_CONSERVATION,Class 10,Electricity,Current Conservation in a Series Circuit,Three resistors of resistances 10 ohms each are connected in series across a 12 V cell. How does the current entering the first resistor compare with the current leaving the third resistor?,"Electric current is the continuous rate of flow of electric charge (I = dQ/dt). By charge conservation, charges cannot accumulate or vanish in a single-loop series circuit. A1 = A2 = A3 exactly.","I guess ammeters have different values depending on location, but need to check notes.",UNSURE_INSUFFICIENT_EVIDENCE,guessing_unclear,Low,Student response contains minimal reasoning or expresses explicit uncertainty; requires diagnostic probe.,True,circuit_schematic,"A single-loop series circuit with a DC battery, switch, ammeter A1, bulb 1, ammeter A2, bulb 2, and ammeter A3.",test
REC-00299,PHY-Class10-05-0299,ELECTRICITY_CURRENT_CONSERVATION,Class 10,Electricity,Current Conservation in a Series Circuit,"In a series circuit containing two heating coils, a student claims current decreases after passing through each coil because energy is consumed. Explain whether this claim is correct.","Electric current is the continuous rate of flow of electric charge (I = dQ/dt). By charge conservation, charges cannot accumulate or vanish in a single-loop series circuit. A1 = A2 = A3 exactly.","The current might decrease after passing the bulb, but I am not certain.",UNSURE_INSUFFICIENT_EVIDENCE,guessing_unclear,Low,Student response contains minimal reasoning or expresses explicit uncertainty; requires diagnostic probe.,True,circuit_schematic,"A single-loop series circuit with a DC battery, switch, ammeter A1, bulb 1, ammeter A2, bulb 2, and ammeter A3.",train
REC-00300,PHY-Class10-05-0300,ELECTRICITY_CURRENT_CONSERVATION,Class 10,Electricity,Current Conservation in a Series Circuit,"Two identical light bulbs are connected in series with a 24 V battery. Ammeter A1 is before Bulb 1, A2 is between the bulbs, and A3 is after Bulb 2. If A1 reads 2.0 A, what do A2 and A3 read?","Electric current is the continuous rate of flow of electric charge (I = dQ/dt). By charge conservation, charges cannot accumulate or vanish in a single-loop series circuit. A1 = A2 = A3 exactly.","I guess ammeters have different values depending on location, but need to check notes.",UNSURE_INSUFFICIENT_EVIDENCE,guessing_unclear,Low,Student response contains minimal reasoning or expresses explicit uncertainty; requires diagnostic probe.,True,circuit_schematic,"A single-loop series circuit with a DC battery, switch, ammeter A1, bulb 1, ammeter A2, bulb 2, and ammeter A3.",val
REC-00301,PHY-Class10-06-0301,ELECTRICITY_PARALLEL_BATTERY_DELIVERY,Class 10,Electricity,Current Delivery of Battery in Parallel Circuits,A 12 V battery powers a light bulb in a single branch. An identical second bulb is connected in parallel with the first bulb by closing a switch. What happens to the brightness of the first bulb and the total current from the battery?,"An ideal battery maintains constant potential difference V. In parallel, voltage across Branch 1 remains constant, so its current and brightness are unchanged. Total current increases because equivalent resistance decreases.",Bulb 1 dims to half brightness because the battery provides a fixed total current that must now be shared between two bulbs.,MISC-ELEC-002: Battery as Constant Current Source,conceptual_misconception,High,"Believes a battery produces a fixed amount of total current, assuming adding parallel branches splits and reduces existing current.",True,circuit_schematic,"A parallel network with two branches across an ideal DC voltage source V. Branch 1 has bulb B1, Branch 2 has switch S and bulb B2.",train
REC-00302,PHY-Class10-06-0302,ELECTRICITY_PARALLEL_BATTERY_DELIVERY,Class 10,Electricity,Current Delivery of Battery in Parallel Circuits,"In a household parallel circuit connected to 6 V, an electric heater is switched ON while a room lamp is already glowing. Does the lamp dim, stay the same, or brighten?","An ideal battery maintains constant potential difference V. In parallel, voltage across Branch 1 remains constant, so its current and brightness are unchanged. Total current increases because equivalent resistance decreases.","The battery has a set amount of current, so adding another branch reduces current to the first branch.",MISC-ELEC-002: Battery as Constant Current Source,conceptual_misconception,High,"Believes a battery produces a fixed amount of total current, assuming adding parallel branches splits and reduces existing current.",True,circuit_schematic,"A parallel network with two branches across an ideal DC voltage source V. Branch 1 has bulb B1, Branch 2 has switch S and bulb B2.",train
REC-00303,PHY-Class10-06-0303,ELECTRICITY_PARALLEL_BATTERY_DELIVERY,Class 10,Electricity,Current Delivery of Battery in Parallel Circuits,Two parallel resistors R1 = 20 ohms and R2 = 20 ohms are connected across a 24 V DC source. How does the current supplied by the battery change when R2 is disconnected?,"An ideal battery maintains constant potential difference V. In parallel, voltage across Branch 1 remains constant, so its current and brightness are unchanged. Total current increases because equivalent resistance decreases.",Both bulbs glow half as bright because current splits equally from the battery's fixed output.,MISC-ELEC-002: Battery as Constant Current Source,conceptual_misconception,High,"Believes a battery produces a fixed amount of total current, assuming adding parallel branches splits and reduces existing current.",True,circuit_schematic,"A parallel network with two branches across an ideal DC voltage source V. Branch 1 has bulb B1, Branch 2 has switch S and bulb B2.",train
REC-00304,PHY-Class10-06-0304,ELECTRICITY_PARALLEL_BATTERY_DELIVERY,Class 10,Electricity,Current Delivery of Battery in Parallel Circuits,A 220 V battery powers a light bulb in a single branch. An identical second bulb is connected in parallel with the first bulb by closing a switch. What happens to the brightness of the first bulb and the total current from the battery?,"An ideal battery maintains constant potential difference V. In parallel, voltage across Branch 1 remains constant, so its current and brightness are unchanged. Total current increases because equivalent resistance decreases.",The lamp will dim when the heater turns on because the total electricity from the source is limited.,MISC-ELEC-002: Battery as Constant Current Source,conceptual_misconception,High,"Believes a battery produces a fixed amount of total current, assuming adding parallel branches splits and reduces existing current.",True,circuit_schematic,"A parallel network with two branches across an ideal DC voltage source V. Branch 1 has bulb B1, Branch 2 has switch S and bulb B2.",train
REC-00305,PHY-Class10-06-0305,ELECTRICITY_PARALLEL_BATTERY_DELIVERY,Class 10,Electricity,Current Delivery of Battery in Parallel Circuits,"In a household parallel circuit connected to 12 V, an electric heater is switched ON while a room lamp is already glowing. Does the lamp dim, stay the same, or brighten?","An ideal battery maintains constant potential difference V. In parallel, voltage across Branch 1 remains constant, so its current and brightness are unchanged. Total current increases because equivalent resistance decreases.",Bulb 1 dims to half brightness because the battery provides a fixed total current that must now be shared between two bulbs.,MISC-ELEC-002: Battery as Constant Current Source,conceptual_misconception,High,"Believes a battery produces a fixed amount of total current, assuming adding parallel branches splits and reduces existing current.",True,circuit_schematic,"A parallel network with two branches across an ideal DC voltage source V. Branch 1 has bulb B1, Branch 2 has switch S and bulb B2.",train
REC-00306,PHY-Class10-06-0306,ELECTRICITY_PARALLEL_BATTERY_DELIVERY,Class 10,Electricity,Current Delivery of Battery in Parallel Circuits,Two parallel resistors R1 = 6 ohms and R2 = 6 ohms are connected across a 6 V DC source. How does the current supplied by the battery change when R2 is disconnected?,"An ideal battery maintains constant potential difference V. In parallel, voltage across Branch 1 remains constant, so its current and brightness are unchanged. Total current increases because equivalent resistance decreases.","The battery has a set amount of current, so adding another branch reduces current to the first branch.",MISC-ELEC-002: Battery as Constant Current Source,conceptual_misconception,High,"Believes a battery produces a fixed amount of total current, assuming adding parallel branches splits and reduces existing current.",True,circuit_schematic,"A parallel network with two branches across an ideal DC voltage source V. Branch 1 has bulb B1, Branch 2 has switch S and bulb B2.",train
REC-00307,PHY-Class10-06-0307,ELECTRICITY_PARALLEL_BATTERY_DELIVERY,Class 10,Electricity,Current Delivery of Battery in Parallel Circuits,A 24 V battery powers a light bulb in a single branch. An identical second bulb is connected in parallel with the first bulb by closing a switch. What happens to the brightness of the first bulb and the total current from the battery?,"An ideal battery maintains constant potential difference V. In parallel, voltage across Branch 1 remains constant, so its current and brightness are unchanged. Total current increases because equivalent resistance decreases.",Both bulbs glow half as bright because current splits equally from the battery's fixed output.,MISC-ELEC-002: Battery as Constant Current Source,conceptual_misconception,High,"Believes a battery produces a fixed amount of total current, assuming adding parallel branches splits and reduces existing current.",True,circuit_schematic,"A parallel network with two branches across an ideal DC voltage source V. Branch 1 has bulb B1, Branch 2 has switch S and bulb B2.",train
REC-00308,PHY-Class10-06-0308,ELECTRICITY_PARALLEL_BATTERY_DELIVERY,Class 10,Electricity,Current Delivery of Battery in Parallel Circuits,"In a household parallel circuit connected to 220 V, an electric heater is switched ON while a room lamp is already glowing. Does the lamp dim, stay the same, or brighten?","An ideal battery maintains constant potential difference V. In parallel, voltage across Branch 1 remains constant, so its current and brightness are unchanged. Total current increases because equivalent resistance decreases.",The lamp will dim when the heater turns on because the total electricity from the source is limited.,MISC-ELEC-002: Battery as Constant Current Source,conceptual_misconception,High,"Believes a battery produces a fixed amount of total current, assuming adding parallel branches splits and reduces existing current.",True,circuit_schematic,"A parallel network with two branches across an ideal DC voltage source V. Branch 1 has bulb B1, Branch 2 has switch S and bulb B2.",train
REC-00309,PHY-Class10-06-0309,ELECTRICITY_PARALLEL_BATTERY_DELIVERY,Class 10,Electricity,Current Delivery of Battery in Parallel Circuits,Two parallel resistors R1 = 10 ohms and R2 = 10 ohms are connected across a 12 V DC source. How does the current supplied by the battery change when R2 is disconnected?,"An ideal battery maintains constant potential difference V. In parallel, voltage across Branch 1 remains constant, so its current and brightness are unchanged. Total current increases because equivalent resistance decreases.",Bulb 1 dims to half brightness because the battery provides a fixed total current that must now be shared between two bulbs.,MISC-ELEC-002: Battery as Constant Current Source,conceptual_misconception,High,"Believes a battery produces a fixed amount of total current, assuming adding parallel branches splits and reduces existing current.",True,circuit_schematic,"A parallel network with two branches across an ideal DC voltage source V. Branch 1 has bulb B1, Branch 2 has switch S and bulb B2.",train
REC-00310,PHY-Class10-06-0310,ELECTRICITY_PARALLEL_BATTERY_DELIVERY,Class 10,Electricity,Current Delivery of Battery in Parallel Circuits,A 6 V battery powers a light bulb in a single branch. An identical second bulb is connected in parallel with the first bulb by closing a switch. What happens to the brightness of the first bulb and the total current from the battery?,"An ideal battery maintains constant potential difference V. In parallel, voltage across Branch 1 remains constant, so its current and brightness are unchanged. Total current increases because equivalent resistance decreases.","The battery has a set amount of current, so adding another branch reduces current to the first branch.",MISC-ELEC-002: Battery as Constant Current Source,conceptual_misconception,High,"Believes a battery produces a fixed amount of total current, assuming adding parallel branches splits and reduces existing current.",True,circuit_schematic,"A parallel network with two branches across an ideal DC voltage source V. Branch 1 has bulb B1, Branch 2 has switch S and bulb B2.",train
REC-00311,PHY-Class10-06-0311,ELECTRICITY_PARALLEL_BATTERY_DELIVERY,Class 10,Electricity,Current Delivery of Battery in Parallel Circuits,"In a household parallel circuit connected to 24 V, an electric heater is switched ON while a room lamp is already glowing. Does the lamp dim, stay the same, or brighten?","An ideal battery maintains constant potential difference V. In parallel, voltage across Branch 1 remains constant, so its current and brightness are unchanged. Total current increases because equivalent resistance decreases.",Both bulbs glow half as bright because current splits equally from the battery's fixed output.,MISC-ELEC-002: Battery as Constant Current Source,conceptual_misconception,High,"Believes a battery produces a fixed amount of total current, assuming adding parallel branches splits and reduces existing current.",True,circuit_schematic,"A parallel network with two branches across an ideal DC voltage source V. Branch 1 has bulb B1, Branch 2 has switch S and bulb B2.",train
REC-00312,PHY-Class10-06-0312,ELECTRICITY_PARALLEL_BATTERY_DELIVERY,Class 10,Electricity,Current Delivery of Battery in Parallel Circuits,Two parallel resistors R1 = 100 ohms and R2 = 100 ohms are connected across a 220 V DC source. How does the current supplied by the battery change when R2 is disconnected?,"An ideal battery maintains constant potential difference V. In parallel, voltage across Branch 1 remains constant, so its current and brightness are unchanged. Total current increases because equivalent resistance decreases.",The lamp will dim when the heater turns on because the total electricity from the source is limited.,MISC-ELEC-002: Battery as Constant Current Source,conceptual_misconception,High,"Believes a battery produces a fixed amount of total current, assuming adding parallel branches splits and reduces existing current.",True,circuit_schematic,"A parallel network with two branches across an ideal DC voltage source V. Branch 1 has bulb B1, Branch 2 has switch S and bulb B2.",train
REC-00313,PHY-Class10-06-0313,ELECTRICITY_PARALLEL_BATTERY_DELIVERY,Class 10,Electricity,Current Delivery of Battery in Parallel Circuits,A 12 V battery powers a light bulb in a single branch. An identical second bulb is connected in parallel with the first bulb by closing a switch. What happens to the brightness of the first bulb and the total current from the battery?,"An ideal battery maintains constant potential difference V. In parallel, voltage across Branch 1 remains constant, so its current and brightness are unchanged. Total current increases because equivalent resistance decreases.",Bulb 1 dims to half brightness because the battery provides a fixed total current that must now be shared between two bulbs.,MISC-ELEC-002: Battery as Constant Current Source,conceptual_misconception,High,"Believes a battery produces a fixed amount of total current, assuming adding parallel branches splits and reduces existing current.",True,circuit_schematic,"A parallel network with two branches across an ideal DC voltage source V. Branch 1 has bulb B1, Branch 2 has switch S and bulb B2.",train
REC-00314,PHY-Class10-06-0314,ELECTRICITY_PARALLEL_BATTERY_DELIVERY,Class 10,Electricity,Current Delivery of Battery in Parallel Circuits,"In a household parallel circuit connected to 6 V, an electric heater is switched ON while a room lamp is already glowing. Does the lamp dim, stay the same, or brighten?","An ideal battery maintains constant potential difference V. In parallel, voltage across Branch 1 remains constant, so its current and brightness are unchanged. Total current increases because equivalent resistance decreases.","The battery has a set amount of current, so adding another branch reduces current to the first branch.",MISC-ELEC-002: Battery as Constant Current Source,conceptual_misconception,High,"Believes a battery produces a fixed amount of total current, assuming adding parallel branches splits and reduces existing current.",True,circuit_schematic,"A parallel network with two branches across an ideal DC voltage source V. Branch 1 has bulb B1, Branch 2 has switch S and bulb B2.",train
REC-00315,PHY-Class10-06-0315,ELECTRICITY_PARALLEL_BATTERY_DELIVERY,Class 10,Electricity,Current Delivery of Battery in Parallel Circuits,Two parallel resistors R1 = 20 ohms and R2 = 20 ohms are connected across a 24 V DC source. How does the current supplied by the battery change when R2 is disconnected?,"An ideal battery maintains constant potential difference V. In parallel, voltage across Branch 1 remains constant, so its current and brightness are unchanged. Total current increases because equivalent resistance decreases.",Both bulbs glow half as bright because current splits equally from the battery's fixed output.,MISC-ELEC-002: Battery as Constant Current Source,conceptual_misconception,High,"Believes a battery produces a fixed amount of total current, assuming adding parallel branches splits and reduces existing current.",True,circuit_schematic,"A parallel network with two branches across an ideal DC voltage source V. Branch 1 has bulb B1, Branch 2 has switch S and bulb B2.",train
REC-00316,PHY-Class10-06-0316,ELECTRICITY_PARALLEL_BATTERY_DELIVERY,Class 10,Electricity,Current Delivery of Battery in Parallel Circuits,A 220 V battery powers a light bulb in a single branch. An identical second bulb is connected in parallel with the first bulb by closing a switch. What happens to the brightness of the first bulb and the total current from the battery?,"An ideal battery maintains constant potential difference V. In parallel, voltage across Branch 1 remains constant, so its current and brightness are unchanged. Total current increases because equivalent resistance decreases.",The lamp will dim when the heater turns on because the total electricity from the source is limited.,MISC-ELEC-002: Battery as Constant Current Source,conceptual_misconception,High,"Believes a battery produces a fixed amount of total current, assuming adding parallel branches splits and reduces existing current.",True,circuit_schematic,"A parallel network with two branches across an ideal DC voltage source V. Branch 1 has bulb B1, Branch 2 has switch S and bulb B2.",train
REC-00317,PHY-Class10-06-0317,ELECTRICITY_PARALLEL_BATTERY_DELIVERY,Class 10,Electricity,Current Delivery of Battery in Parallel Circuits,"In a household parallel circuit connected to 12 V, an electric heater is switched ON while a room lamp is already glowing. Does the lamp dim, stay the same, or brighten?","An ideal battery maintains constant potential difference V. In parallel, voltage across Branch 1 remains constant, so its current and brightness are unchanged. Total current increases because equivalent resistance decreases.",Bulb 1 dims to half brightness because the battery provides a fixed total current that must now be shared between two bulbs.,MISC-ELEC-002: Battery as Constant Current Source,conceptual_misconception,High,"Believes a battery produces a fixed amount of total current, assuming adding parallel branches splits and reduces existing current.",True,circuit_schematic,"A parallel network with two branches across an ideal DC voltage source V. Branch 1 has bulb B1, Branch 2 has switch S and bulb B2.",test
REC-00318,PHY-Class10-06-0318,ELECTRICITY_PARALLEL_BATTERY_DELIVERY,Class 10,Electricity,Current Delivery of Battery in Parallel Circuits,Two parallel resistors R1 = 6 ohms and R2 = 6 ohms are connected across a 6 V DC source. How does the current supplied by the battery change when R2 is disconnected?,"An ideal battery maintains constant potential difference V. In parallel, voltage across Branch 1 remains constant, so its current and brightness are unchanged. Total current increases because equivalent resistance decreases.","The battery has a set amount of current, so adding another branch reduces current to the first branch.",MISC-ELEC-002: Battery as Constant Current Source,conceptual_misconception,High,"Believes a battery produces a fixed amount of total current, assuming adding parallel branches splits and reduces existing current.",True,circuit_schematic,"A parallel network with two branches across an ideal DC voltage source V. Branch 1 has bulb B1, Branch 2 has switch S and bulb B2.",val
REC-00319,PHY-Class10-06-0319,ELECTRICITY_PARALLEL_BATTERY_DELIVERY,Class 10,Electricity,Current Delivery of Battery in Parallel Circuits,A 24 V battery powers a light bulb in a single branch. An identical second bulb is connected in parallel with the first bulb by closing a switch. What happens to the brightness of the first bulb and the total current from the battery?,"An ideal battery maintains constant potential difference V. In parallel, voltage across Branch 1 remains constant, so its current and brightness are unchanged. Total current increases because equivalent resistance decreases.",Both bulbs glow half as bright because current splits equally from the battery's fixed output.,MISC-ELEC-002: Battery as Constant Current Source,conceptual_misconception,High,"Believes a battery produces a fixed amount of total current, assuming adding parallel branches splits and reduces existing current.",True,circuit_schematic,"A parallel network with two branches across an ideal DC voltage source V. Branch 1 has bulb B1, Branch 2 has switch S and bulb B2.",test
REC-00320,PHY-Class10-06-0320,ELECTRICITY_PARALLEL_BATTERY_DELIVERY,Class 10,Electricity,Current Delivery of Battery in Parallel Circuits,"In a household parallel circuit connected to 220 V, an electric heater is switched ON while a room lamp is already glowing. Does the lamp dim, stay the same, or brighten?","An ideal battery maintains constant potential difference V. In parallel, voltage across Branch 1 remains constant, so its current and brightness are unchanged. Total current increases because equivalent resistance decreases.",The lamp will dim when the heater turns on because the total electricity from the source is limited.,MISC-ELEC-002: Battery as Constant Current Source,conceptual_misconception,High,"Believes a battery produces a fixed amount of total current, assuming adding parallel branches splits and reduces existing current.",True,circuit_schematic,"A parallel network with two branches across an ideal DC voltage source V. Branch 1 has bulb B1, Branch 2 has switch S and bulb B2.",train
REC-00321,PHY-Class10-06-0321,ELECTRICITY_PARALLEL_BATTERY_DELIVERY,Class 10,Electricity,Current Delivery of Battery in Parallel Circuits,Two parallel resistors R1 = 10 ohms and R2 = 10 ohms are connected across a 12 V DC source. How does the current supplied by the battery change when R2 is disconnected?,"An ideal battery maintains constant potential difference V. In parallel, voltage across Branch 1 remains constant, so its current and brightness are unchanged. Total current increases because equivalent resistance decreases.",Bulb 1 dims to half brightness because the battery provides a fixed total current that must now be shared between two bulbs.,MISC-ELEC-002: Battery as Constant Current Source,conceptual_misconception,High,"Believes a battery produces a fixed amount of total current, assuming adding parallel branches splits and reduces existing current.",True,circuit_schematic,"A parallel network with two branches across an ideal DC voltage source V. Branch 1 has bulb B1, Branch 2 has switch S and bulb B2.",train
REC-00322,PHY-Class10-06-0322,ELECTRICITY_PARALLEL_BATTERY_DELIVERY,Class 10,Electricity,Current Delivery of Battery in Parallel Circuits,A 6 V battery powers a light bulb in a single branch. An identical second bulb is connected in parallel with the first bulb by closing a switch. What happens to the brightness of the first bulb and the total current from the battery?,"An ideal battery maintains constant potential difference V. In parallel, voltage across Branch 1 remains constant, so its current and brightness are unchanged. Total current increases because equivalent resistance decreases.","The battery has a set amount of current, so adding another branch reduces current to the first branch.",MISC-ELEC-002: Battery as Constant Current Source,conceptual_misconception,High,"Believes a battery produces a fixed amount of total current, assuming adding parallel branches splits and reduces existing current.",True,circuit_schematic,"A parallel network with two branches across an ideal DC voltage source V. Branch 1 has bulb B1, Branch 2 has switch S and bulb B2.",val
REC-00323,PHY-Class10-06-0323,ELECTRICITY_PARALLEL_BATTERY_DELIVERY,Class 10,Electricity,Current Delivery of Battery in Parallel Circuits,"In a household parallel circuit connected to 24 V, an electric heater is switched ON while a room lamp is already glowing. Does the lamp dim, stay the same, or brighten?","An ideal battery maintains constant potential difference V. In parallel, voltage across Branch 1 remains constant, so its current and brightness are unchanged. Total current increases because equivalent resistance decreases.",Both bulbs glow half as bright because current splits equally from the battery's fixed output.,MISC-ELEC-002: Battery as Constant Current Source,conceptual_misconception,High,"Believes a battery produces a fixed amount of total current, assuming adding parallel branches splits and reduces existing current.",True,circuit_schematic,"A parallel network with two branches across an ideal DC voltage source V. Branch 1 has bulb B1, Branch 2 has switch S and bulb B2.",test
REC-00324,PHY-Class10-06-0324,ELECTRICITY_PARALLEL_BATTERY_DELIVERY,Class 10,Electricity,Current Delivery of Battery in Parallel Circuits,Two parallel resistors R1 = 100 ohms and R2 = 100 ohms are connected across a 220 V DC source. How does the current supplied by the battery change when R2 is disconnected?,"An ideal battery maintains constant potential difference V. In parallel, voltage across Branch 1 remains constant, so its current and brightness are unchanged. Total current increases because equivalent resistance decreases.",The lamp will dim when the heater turns on because the total electricity from the source is limited.,MISC-ELEC-002: Battery as Constant Current Source,conceptual_misconception,High,"Believes a battery produces a fixed amount of total current, assuming adding parallel branches splits and reduces existing current.",True,circuit_schematic,"A parallel network with two branches across an ideal DC voltage source V. Branch 1 has bulb B1, Branch 2 has switch S and bulb B2.",val
REC-00325,PHY-Class10-06-0325,ELECTRICITY_PARALLEL_BATTERY_DELIVERY,Class 10,Electricity,Current Delivery of Battery in Parallel Circuits,A 12 V battery powers a light bulb in a single branch. An identical second bulb is connected in parallel with the first bulb by closing a switch. What happens to the brightness of the first bulb and the total current from the battery?,"An ideal battery maintains constant potential difference V. In parallel, voltage across Branch 1 remains constant, so its current and brightness are unchanged. Total current increases because equivalent resistance decreases.",Bulb 1 dims to half brightness because the battery provides a fixed total current that must now be shared between two bulbs.,MISC-ELEC-002: Battery as Constant Current Source,conceptual_misconception,High,"Believes a battery produces a fixed amount of total current, assuming adding parallel branches splits and reduces existing current.",True,circuit_schematic,"A parallel network with two branches across an ideal DC voltage source V. Branch 1 has bulb B1, Branch 2 has switch S and bulb B2.",test
REC-00326,PHY-Class10-06-0326,ELECTRICITY_PARALLEL_BATTERY_DELIVERY,Class 10,Electricity,Current Delivery of Battery in Parallel Circuits,"In a household parallel circuit connected to 6 V, an electric heater is switched ON while a room lamp is already glowing. Does the lamp dim, stay the same, or brighten?","An ideal battery maintains constant potential difference V. In parallel, voltage across Branch 1 remains constant, so its current and brightness are unchanged. Total current increases because equivalent resistance decreases.","The battery has a set amount of current, so adding another branch reduces current to the first branch.",MISC-ELEC-002: Battery as Constant Current Source,conceptual_misconception,High,"Believes a battery produces a fixed amount of total current, assuming adding parallel branches splits and reduces existing current.",True,circuit_schematic,"A parallel network with two branches across an ideal DC voltage source V. Branch 1 has bulb B1, Branch 2 has switch S and bulb B2.",val
REC-00327,PHY-Class10-06-0327,ELECTRICITY_PARALLEL_BATTERY_DELIVERY,Class 10,Electricity,Current Delivery of Battery in Parallel Circuits,Two parallel resistors R1 = 20 ohms and R2 = 20 ohms are connected across a 24 V DC source. How does the current supplied by the battery change when R2 is disconnected?,"An ideal battery maintains constant potential difference V. In parallel, voltage across Branch 1 remains constant, so its current and brightness are unchanged. Total current increases because equivalent resistance decreases.",Both bulbs glow half as bright because current splits equally from the battery's fixed output.,MISC-ELEC-002: Battery as Constant Current Source,conceptual_misconception,High,"Believes a battery produces a fixed amount of total current, assuming adding parallel branches splits and reduces existing current.",True,circuit_schematic,"A parallel network with two branches across an ideal DC voltage source V. Branch 1 has bulb B1, Branch 2 has switch S and bulb B2.",train
REC-00328,PHY-Class10-06-0328,ELECTRICITY_PARALLEL_BATTERY_DELIVERY,Class 10,Electricity,Current Delivery of Battery in Parallel Circuits,A 220 V battery powers a light bulb in a single branch. An identical second bulb is connected in parallel with the first bulb by closing a switch. What happens to the brightness of the first bulb and the total current from the battery?,"An ideal battery maintains constant potential difference V. In parallel, voltage across Branch 1 remains constant, so its current and brightness are unchanged. Total current increases because equivalent resistance decreases.",The lamp will dim when the heater turns on because the total electricity from the source is limited.,MISC-ELEC-002: Battery as Constant Current Source,conceptual_misconception,High,"Believes a battery produces a fixed amount of total current, assuming adding parallel branches splits and reduces existing current.",True,circuit_schematic,"A parallel network with two branches across an ideal DC voltage source V. Branch 1 has bulb B1, Branch 2 has switch S and bulb B2.",test
REC-00329,PHY-Class10-06-0329,ELECTRICITY_PARALLEL_BATTERY_DELIVERY,Class 10,Electricity,Current Delivery of Battery in Parallel Circuits,"In a household parallel circuit connected to 12 V, an electric heater is switched ON while a room lamp is already glowing. Does the lamp dim, stay the same, or brighten?","An ideal battery maintains constant potential difference V. In parallel, voltage across Branch 1 remains constant, so its current and brightness are unchanged. Total current increases because equivalent resistance decreases.",Bulb 1 dims to half brightness because the battery provides a fixed total current that must now be shared between two bulbs.,MISC-ELEC-002: Battery as Constant Current Source,conceptual_misconception,High,"Believes a battery produces a fixed amount of total current, assuming adding parallel branches splits and reduces existing current.",True,circuit_schematic,"A parallel network with two branches across an ideal DC voltage source V. Branch 1 has bulb B1, Branch 2 has switch S and bulb B2.",train
REC-00330,PHY-Class10-06-0330,ELECTRICITY_PARALLEL_BATTERY_DELIVERY,Class 10,Electricity,Current Delivery of Battery in Parallel Circuits,Two parallel resistors R1 = 6 ohms and R2 = 6 ohms are connected across a 6 V DC source. How does the current supplied by the battery change when R2 is disconnected?,"An ideal battery maintains constant potential difference V. In parallel, voltage across Branch 1 remains constant, so its current and brightness are unchanged. Total current increases because equivalent resistance decreases.","The battery has a set amount of current, so adding another branch reduces current to the first branch.",MISC-ELEC-002: Battery as Constant Current Source,conceptual_misconception,High,"Believes a battery produces a fixed amount of total current, assuming adding parallel branches splits and reduces existing current.",True,circuit_schematic,"A parallel network with two branches across an ideal DC voltage source V. Branch 1 has bulb B1, Branch 2 has switch S and bulb B2.",test
REC-00331,PHY-Class10-06-0331,ELECTRICITY_PARALLEL_BATTERY_DELIVERY,Class 10,Electricity,Current Delivery of Battery in Parallel Circuits,A 24 V battery powers a light bulb in a single branch. An identical second bulb is connected in parallel with the first bulb by closing a switch. What happens to the brightness of the first bulb and the total current from the battery?,"An ideal battery maintains constant potential difference V. In parallel, voltage across Branch 1 remains constant, so its current and brightness are unchanged. Total current increases because equivalent resistance decreases.",Both bulbs glow half as bright because current splits equally from the battery's fixed output.,MISC-ELEC-002: Battery as Constant Current Source,conceptual_misconception,High,"Believes a battery produces a fixed amount of total current, assuming adding parallel branches splits and reduces existing current.",True,circuit_schematic,"A parallel network with two branches across an ideal DC voltage source V. Branch 1 has bulb B1, Branch 2 has switch S and bulb B2.",val
REC-00332,PHY-Class10-06-0332,ELECTRICITY_PARALLEL_BATTERY_DELIVERY,Class 10,Electricity,Current Delivery of Battery in Parallel Circuits,"In a household parallel circuit connected to 220 V, an electric heater is switched ON while a room lamp is already glowing. Does the lamp dim, stay the same, or brighten?","An ideal battery maintains constant potential difference V. In parallel, voltage across Branch 1 remains constant, so its current and brightness are unchanged. Total current increases because equivalent resistance decreases.",The lamp will dim when the heater turns on because the total electricity from the source is limited.,MISC-ELEC-002: Battery as Constant Current Source,conceptual_misconception,High,"Believes a battery produces a fixed amount of total current, assuming adding parallel branches splits and reduces existing current.",True,circuit_schematic,"A parallel network with two branches across an ideal DC voltage source V. Branch 1 has bulb B1, Branch 2 has switch S and bulb B2.",train
REC-00333,PHY-Class10-06-0333,ELECTRICITY_PARALLEL_BATTERY_DELIVERY,Class 10,Electricity,Current Delivery of Battery in Parallel Circuits,Two parallel resistors R1 = 10 ohms and R2 = 10 ohms are connected across a 12 V DC source. How does the current supplied by the battery change when R2 is disconnected?,"An ideal battery maintains constant potential difference V. In parallel, voltage across Branch 1 remains constant, so its current and brightness are unchanged. Total current increases because equivalent resistance decreases.",Bulb 1 dims to half brightness because the battery provides a fixed total current that must now be shared between two bulbs.,MISC-ELEC-002: Battery as Constant Current Source,conceptual_misconception,High,"Believes a battery produces a fixed amount of total current, assuming adding parallel branches splits and reduces existing current.",True,circuit_schematic,"A parallel network with two branches across an ideal DC voltage source V. Branch 1 has bulb B1, Branch 2 has switch S and bulb B2.",train
REC-00334,PHY-Class10-06-0334,ELECTRICITY_PARALLEL_BATTERY_DELIVERY,Class 10,Electricity,Current Delivery of Battery in Parallel Circuits,A 6 V battery powers a light bulb in a single branch. An identical second bulb is connected in parallel with the first bulb by closing a switch. What happens to the brightness of the first bulb and the total current from the battery?,"An ideal battery maintains constant potential difference V. In parallel, voltage across Branch 1 remains constant, so its current and brightness are unchanged. Total current increases because equivalent resistance decreases.","The battery has a set amount of current, so adding another branch reduces current to the first branch.",MISC-ELEC-002: Battery as Constant Current Source,conceptual_misconception,High,"Believes a battery produces a fixed amount of total current, assuming adding parallel branches splits and reduces existing current.",True,circuit_schematic,"A parallel network with two branches across an ideal DC voltage source V. Branch 1 has bulb B1, Branch 2 has switch S and bulb B2.",train
REC-00335,PHY-Class10-06-0335,ELECTRICITY_PARALLEL_BATTERY_DELIVERY,Class 10,Electricity,Current Delivery of Battery in Parallel Circuits,"In a household parallel circuit connected to 24 V, an electric heater is switched ON while a room lamp is already glowing. Does the lamp dim, stay the same, or brighten?","An ideal battery maintains constant potential difference V. In parallel, voltage across Branch 1 remains constant, so its current and brightness are unchanged. Total current increases because equivalent resistance decreases.",Both bulbs glow half as bright because current splits equally from the battery's fixed output.,MISC-ELEC-002: Battery as Constant Current Source,conceptual_misconception,High,"Believes a battery produces a fixed amount of total current, assuming adding parallel branches splits and reduces existing current.",True,circuit_schematic,"A parallel network with two branches across an ideal DC voltage source V. Branch 1 has bulb B1, Branch 2 has switch S and bulb B2.",train
REC-00336,PHY-Class10-06-0336,ELECTRICITY_PARALLEL_BATTERY_DELIVERY,Class 10,Electricity,Current Delivery of Battery in Parallel Circuits,Two parallel resistors R1 = 100 ohms and R2 = 100 ohms are connected across a 220 V DC source. How does the current supplied by the battery change when R2 is disconnected?,"An ideal battery maintains constant potential difference V. In parallel, voltage across Branch 1 remains constant, so its current and brightness are unchanged. Total current increases because equivalent resistance decreases.",The lamp will dim when the heater turns on because the total electricity from the source is limited.,MISC-ELEC-002: Battery as Constant Current Source,conceptual_misconception,High,"Believes a battery produces a fixed amount of total current, assuming adding parallel branches splits and reduces existing current.",True,circuit_schematic,"A parallel network with two branches across an ideal DC voltage source V. Branch 1 has bulb B1, Branch 2 has switch S and bulb B2.",train
REC-00337,PHY-Class10-06-0337,ELECTRICITY_PARALLEL_BATTERY_DELIVERY,Class 10,Electricity,Current Delivery of Battery in Parallel Circuits,A 12 V battery powers a light bulb in a single branch. An identical second bulb is connected in parallel with the first bulb by closing a switch. What happens to the brightness of the first bulb and the total current from the battery?,"An ideal battery maintains constant potential difference V. In parallel, voltage across Branch 1 remains constant, so its current and brightness are unchanged. Total current increases because equivalent resistance decreases.",Bulb 1 brightness remains completely unchanged because the voltage across it is constant (12 V). The battery supplies twice the total current because equivalent circuit resistance is halved.,CORRECT: Scientifically Accurate Response,no_error,High,Rigorous scientific reasoning with valid physical principles and mathematical steps.,True,circuit_schematic,"A parallel network with two branches across an ideal DC voltage source V. Branch 1 has bulb B1, Branch 2 has switch S and bulb B2.",train
REC-00338,PHY-Class10-06-0338,ELECTRICITY_PARALLEL_BATTERY_DELIVERY,Class 10,Electricity,Current Delivery of Battery in Parallel Circuits,"In a household parallel circuit connected to 6 V, an electric heater is switched ON while a room lamp is already glowing. Does the lamp dim, stay the same, or brighten?","An ideal battery maintains constant potential difference V. In parallel, voltage across Branch 1 remains constant, so its current and brightness are unchanged. Total current increases because equivalent resistance decreases.",Parallel branches are independent; voltage across each branch equals source voltage. Total battery current increases.,CORRECT: Scientifically Accurate Response,no_error,High,Rigorous scientific reasoning with valid physical principles and mathematical steps.,True,circuit_schematic,"A parallel network with two branches across an ideal DC voltage source V. Branch 1 has bulb B1, Branch 2 has switch S and bulb B2.",val
REC-00339,PHY-Class10-06-0339,ELECTRICITY_PARALLEL_BATTERY_DELIVERY,Class 10,Electricity,Current Delivery of Battery in Parallel Circuits,Two parallel resistors R1 = 20 ohms and R2 = 20 ohms are connected across a 24 V DC source. How does the current supplied by the battery change when R2 is disconnected?,"An ideal battery maintains constant potential difference V. In parallel, voltage across Branch 1 remains constant, so its current and brightness are unchanged. Total current increases because equivalent resistance decreases.",Bulb 1 brightness remains completely unchanged because the voltage across it is constant (24 V). The battery supplies twice the total current because equivalent circuit resistance is halved.,CORRECT: Scientifically Accurate Response,no_error,High,Rigorous scientific reasoning with valid physical principles and mathematical steps.,True,circuit_schematic,"A parallel network with two branches across an ideal DC voltage source V. Branch 1 has bulb B1, Branch 2 has switch S and bulb B2.",train
REC-00340,PHY-Class10-06-0340,ELECTRICITY_PARALLEL_BATTERY_DELIVERY,Class 10,Electricity,Current Delivery of Battery in Parallel Circuits,A 220 V battery powers a light bulb in a single branch. An identical second bulb is connected in parallel with the first bulb by closing a switch. What happens to the brightness of the first bulb and the total current from the battery?,"An ideal battery maintains constant potential difference V. In parallel, voltage across Branch 1 remains constant, so its current and brightness are unchanged. Total current increases because equivalent resistance decreases.",Parallel branches are independent; voltage across each branch equals source voltage. Total battery current increases.,CORRECT: Scientifically Accurate Response,no_error,High,Rigorous scientific reasoning with valid physical principles and mathematical steps.,True,circuit_schematic,"A parallel network with two branches across an ideal DC voltage source V. Branch 1 has bulb B1, Branch 2 has switch S and bulb B2.",test
REC-00341,PHY-Class10-06-0341,ELECTRICITY_PARALLEL_BATTERY_DELIVERY,Class 10,Electricity,Current Delivery of Battery in Parallel Circuits,"In a household parallel circuit connected to 12 V, an electric heater is switched ON while a room lamp is already glowing. Does the lamp dim, stay the same, or brighten?","An ideal battery maintains constant potential difference V. In parallel, voltage across Branch 1 remains constant, so its current and brightness are unchanged. Total current increases because equivalent resistance decreases.",Bulb 1 brightness remains completely unchanged because the voltage across it is constant (12 V). The battery supplies twice the total current because equivalent circuit resistance is halved.,CORRECT: Scientifically Accurate Response,no_error,High,Rigorous scientific reasoning with valid physical principles and mathematical steps.,True,circuit_schematic,"A parallel network with two branches across an ideal DC voltage source V. Branch 1 has bulb B1, Branch 2 has switch S and bulb B2.",train
REC-00342,PHY-Class10-06-0342,ELECTRICITY_PARALLEL_BATTERY_DELIVERY,Class 10,Electricity,Current Delivery of Battery in Parallel Circuits,Two parallel resistors R1 = 6 ohms and R2 = 6 ohms are connected across a 6 V DC source. How does the current supplied by the battery change when R2 is disconnected?,"An ideal battery maintains constant potential difference V. In parallel, voltage across Branch 1 remains constant, so its current and brightness are unchanged. Total current increases because equivalent resistance decreases.",Parallel branches are independent; voltage across each branch equals source voltage. Total battery current increases.,CORRECT: Scientifically Accurate Response,no_error,High,Rigorous scientific reasoning with valid physical principles and mathematical steps.,True,circuit_schematic,"A parallel network with two branches across an ideal DC voltage source V. Branch 1 has bulb B1, Branch 2 has switch S and bulb B2.",train
REC-00343,PHY-Class10-06-0343,ELECTRICITY_PARALLEL_BATTERY_DELIVERY,Class 10,Electricity,Current Delivery of Battery in Parallel Circuits,A 24 V battery powers a light bulb in a single branch. An identical second bulb is connected in parallel with the first bulb by closing a switch. What happens to the brightness of the first bulb and the total current from the battery?,"An ideal battery maintains constant potential difference V. In parallel, voltage across Branch 1 remains constant, so its current and brightness are unchanged. Total current increases because equivalent resistance decreases.",Bulb 1 brightness remains completely unchanged because the voltage across it is constant (24 V). The battery supplies twice the total current because equivalent circuit resistance is halved.,CORRECT: Scientifically Accurate Response,no_error,High,Rigorous scientific reasoning with valid physical principles and mathematical steps.,True,circuit_schematic,"A parallel network with two branches across an ideal DC voltage source V. Branch 1 has bulb B1, Branch 2 has switch S and bulb B2.",val
REC-00344,PHY-Class10-06-0344,ELECTRICITY_PARALLEL_BATTERY_DELIVERY,Class 10,Electricity,Current Delivery of Battery in Parallel Circuits,"In a household parallel circuit connected to 220 V, an electric heater is switched ON while a room lamp is already glowing. Does the lamp dim, stay the same, or brighten?","An ideal battery maintains constant potential difference V. In parallel, voltage across Branch 1 remains constant, so its current and brightness are unchanged. Total current increases because equivalent resistance decreases.",Parallel branches are independent; voltage across each branch equals source voltage. Total battery current increases.,CORRECT: Scientifically Accurate Response,no_error,High,Rigorous scientific reasoning with valid physical principles and mathematical steps.,True,circuit_schematic,"A parallel network with two branches across an ideal DC voltage source V. Branch 1 has bulb B1, Branch 2 has switch S and bulb B2.",train
REC-00345,PHY-Class10-06-0345,ELECTRICITY_PARALLEL_BATTERY_DELIVERY,Class 10,Electricity,Current Delivery of Battery in Parallel Circuits,Two parallel resistors R1 = 10 ohms and R2 = 10 ohms are connected across a 12 V DC source. How does the current supplied by the battery change when R2 is disconnected?,"An ideal battery maintains constant potential difference V. In parallel, voltage across Branch 1 remains constant, so its current and brightness are unchanged. Total current increases because equivalent resistance decreases.",Bulb 1 brightness remains completely unchanged because the voltage across it is constant (12 V). The battery supplies twice the total current because equivalent circuit resistance is halved.,CORRECT: Scientifically Accurate Response,no_error,High,Rigorous scientific reasoning with valid physical principles and mathematical steps.,True,circuit_schematic,"A parallel network with two branches across an ideal DC voltage source V. Branch 1 has bulb B1, Branch 2 has switch S and bulb B2.",train
REC-00346,PHY-Class10-06-0346,ELECTRICITY_PARALLEL_BATTERY_DELIVERY,Class 10,Electricity,Current Delivery of Battery in Parallel Circuits,A 6 V battery powers a light bulb in a single branch. An identical second bulb is connected in parallel with the first bulb by closing a switch. What happens to the brightness of the first bulb and the total current from the battery?,"An ideal battery maintains constant potential difference V. In parallel, voltage across Branch 1 remains constant, so its current and brightness are unchanged. Total current increases because equivalent resistance decreases.",Parallel branches are independent; voltage across each branch equals source voltage. Total battery current increases.,CORRECT: Scientifically Accurate Response,no_error,High,Rigorous scientific reasoning with valid physical principles and mathematical steps.,True,circuit_schematic,"A parallel network with two branches across an ideal DC voltage source V. Branch 1 has bulb B1, Branch 2 has switch S and bulb B2.",train
REC-00347,PHY-Class10-06-0347,ELECTRICITY_PARALLEL_BATTERY_DELIVERY,Class 10,Electricity,Current Delivery of Battery in Parallel Circuits,"In a household parallel circuit connected to 24 V, an electric heater is switched ON while a room lamp is already glowing. Does the lamp dim, stay the same, or brighten?","An ideal battery maintains constant potential difference V. In parallel, voltage across Branch 1 remains constant, so its current and brightness are unchanged. Total current increases because equivalent resistance decreases.",Bulb 1 brightness remains completely unchanged because the voltage across it is constant (24 V). The battery supplies twice the total current because equivalent circuit resistance is halved.,CORRECT: Scientifically Accurate Response,no_error,High,Rigorous scientific reasoning with valid physical principles and mathematical steps.,True,circuit_schematic,"A parallel network with two branches across an ideal DC voltage source V. Branch 1 has bulb B1, Branch 2 has switch S and bulb B2.",test
REC-00348,PHY-Class10-06-0348,ELECTRICITY_PARALLEL_BATTERY_DELIVERY,Class 10,Electricity,Current Delivery of Battery in Parallel Circuits,Two parallel resistors R1 = 100 ohms and R2 = 100 ohms are connected across a 220 V DC source. How does the current supplied by the battery change when R2 is disconnected?,"An ideal battery maintains constant potential difference V. In parallel, voltage across Branch 1 remains constant, so its current and brightness are unchanged. Total current increases because equivalent resistance decreases.",Parallel branches are independent; voltage across each branch equals source voltage. Total battery current increases.,CORRECT: Scientifically Accurate Response,no_error,High,Rigorous scientific reasoning with valid physical principles and mathematical steps.,True,circuit_schematic,"A parallel network with two branches across an ideal DC voltage source V. Branch 1 has bulb B1, Branch 2 has switch S and bulb B2.",train
REC-00349,PHY-Class10-06-0349,ELECTRICITY_PARALLEL_BATTERY_DELIVERY,Class 10,Electricity,Current Delivery of Battery in Parallel Circuits,A 12 V battery powers a light bulb in a single branch. An identical second bulb is connected in parallel with the first bulb by closing a switch. What happens to the brightness of the first bulb and the total current from the battery?,"An ideal battery maintains constant potential difference V. In parallel, voltage across Branch 1 remains constant, so its current and brightness are unchanged. Total current increases because equivalent resistance decreases.","Brightness unchanged, but calculated total current as I_total = 18.0 A due to addition error.",CARELESS_CALCULATION_ERROR,calculation_slip,Medium,Conceptual formula choice is correct; error is isolated to an arithmetic slip.,True,circuit_schematic,"A parallel network with two branches across an ideal DC voltage source V. Branch 1 has bulb B1, Branch 2 has switch S and bulb B2.",val
REC-00350,PHY-Class10-06-0350,ELECTRICITY_PARALLEL_BATTERY_DELIVERY,Class 10,Electricity,Current Delivery of Battery in Parallel Circuits,"In a household parallel circuit connected to 6 V, an electric heater is switched ON while a room lamp is already glowing. Does the lamp dim, stay the same, or brighten?","An ideal battery maintains constant potential difference V. In parallel, voltage across Branch 1 remains constant, so its current and brightness are unchanged. Total current increases because equivalent resistance decreases.",R_eq in parallel calculated as R1 + R2 instead of product over sum.,CARELESS_CALCULATION_ERROR,calculation_slip,Medium,Conceptual formula choice is correct; error is isolated to an arithmetic slip.,True,circuit_schematic,"A parallel network with two branches across an ideal DC voltage source V. Branch 1 has bulb B1, Branch 2 has switch S and bulb B2.",train
REC-00351,PHY-Class10-06-0351,ELECTRICITY_PARALLEL_BATTERY_DELIVERY,Class 10,Electricity,Current Delivery of Battery in Parallel Circuits,Two parallel resistors R1 = 20 ohms and R2 = 20 ohms are connected across a 24 V DC source. How does the current supplied by the battery change when R2 is disconnected?,"An ideal battery maintains constant potential difference V. In parallel, voltage across Branch 1 remains constant, so its current and brightness are unchanged. Total current increases because equivalent resistance decreases.","Brightness unchanged, but calculated total current as I_total = 36.0 A due to addition error.",CARELESS_CALCULATION_ERROR,calculation_slip,Medium,Conceptual formula choice is correct; error is isolated to an arithmetic slip.,True,circuit_schematic,"A parallel network with two branches across an ideal DC voltage source V. Branch 1 has bulb B1, Branch 2 has switch S and bulb B2.",test
REC-00352,PHY-Class10-06-0352,ELECTRICITY_PARALLEL_BATTERY_DELIVERY,Class 10,Electricity,Current Delivery of Battery in Parallel Circuits,A 220 V battery powers a light bulb in a single branch. An identical second bulb is connected in parallel with the first bulb by closing a switch. What happens to the brightness of the first bulb and the total current from the battery?,"An ideal battery maintains constant potential difference V. In parallel, voltage across Branch 1 remains constant, so its current and brightness are unchanged. Total current increases because equivalent resistance decreases.",R_eq in parallel calculated as R1 + R2 instead of product over sum.,CARELESS_CALCULATION_ERROR,calculation_slip,Medium,Conceptual formula choice is correct; error is isolated to an arithmetic slip.,True,circuit_schematic,"A parallel network with two branches across an ideal DC voltage source V. Branch 1 has bulb B1, Branch 2 has switch S and bulb B2.",train
REC-00353,PHY-Class10-06-0353,ELECTRICITY_PARALLEL_BATTERY_DELIVERY,Class 10,Electricity,Current Delivery of Battery in Parallel Circuits,A 12 V battery powers a light bulb in a single branch. An identical second bulb is connected in parallel with the first bulb by closing a switch. What happens to the brightness of the first bulb and the total current from the battery?,"An ideal battery maintains constant potential difference V. In parallel, voltage across Branch 1 remains constant, so its current and brightness are unchanged. Total current increases because equivalent resistance decreases.",Total current increases by 2.4 Coulombs instead of Amperes.,UNIT_CONVERSION_ERROR,unit_error,High,"Numerical reasoning is sound, but units were omitted or confused with another physical quantity.",True,circuit_schematic,"A parallel network with two branches across an ideal DC voltage source V. Branch 1 has bulb B1, Branch 2 has switch S and bulb B2.",train
REC-00354,PHY-Class10-06-0354,ELECTRICITY_PARALLEL_BATTERY_DELIVERY,Class 10,Electricity,Current Delivery of Battery in Parallel Circuits,"In a household parallel circuit connected to 6 V, an electric heater is switched ON while a room lamp is already glowing. Does the lamp dim, stay the same, or brighten?","An ideal battery maintains constant potential difference V. In parallel, voltage across Branch 1 remains constant, so its current and brightness are unchanged. Total current increases because equivalent resistance decreases.","Calculated resistance in Ohms, but labeled it as Joules.",UNIT_CONVERSION_ERROR,unit_error,High,"Numerical reasoning is sound, but units were omitted or confused with another physical quantity.",True,circuit_schematic,"A parallel network with two branches across an ideal DC voltage source V. Branch 1 has bulb B1, Branch 2 has switch S and bulb B2.",test
REC-00355,PHY-Class10-06-0355,ELECTRICITY_PARALLEL_BATTERY_DELIVERY,Class 10,Electricity,Current Delivery of Battery in Parallel Circuits,Two parallel resistors R1 = 20 ohms and R2 = 20 ohms are connected across a 24 V DC source. How does the current supplied by the battery change when R2 is disconnected?,"An ideal battery maintains constant potential difference V. In parallel, voltage across Branch 1 remains constant, so its current and brightness are unchanged. Total current increases because equivalent resistance decreases.",Total current increases by 2.4 Coulombs instead of Amperes.,UNIT_CONVERSION_ERROR,unit_error,High,"Numerical reasoning is sound, but units were omitted or confused with another physical quantity.",True,circuit_schematic,"A parallel network with two branches across an ideal DC voltage source V. Branch 1 has bulb B1, Branch 2 has switch S and bulb B2.",train
REC-00356,PHY-Class10-06-0356,ELECTRICITY_PARALLEL_BATTERY_DELIVERY,Class 10,Electricity,Current Delivery of Battery in Parallel Circuits,A 220 V battery powers a light bulb in a single branch. An identical second bulb is connected in parallel with the first bulb by closing a switch. What happens to the brightness of the first bulb and the total current from the battery?,"An ideal battery maintains constant potential difference V. In parallel, voltage across Branch 1 remains constant, so its current and brightness are unchanged. Total current increases because equivalent resistance decreases.","Calculated resistance in Ohms, but labeled it as Joules.",UNIT_CONVERSION_ERROR,unit_error,High,"Numerical reasoning is sound, but units were omitted or confused with another physical quantity.",True,circuit_schematic,"A parallel network with two branches across an ideal DC voltage source V. Branch 1 has bulb B1, Branch 2 has switch S and bulb B2.",val
REC-00357,PHY-Class10-06-0357,ELECTRICITY_PARALLEL_BATTERY_DELIVERY,Class 10,Electricity,Current Delivery of Battery in Parallel Circuits,A 12 V battery powers a light bulb in a single branch. An identical second bulb is connected in parallel with the first bulb by closing a switch. What happens to the brightness of the first bulb and the total current from the battery?,"An ideal battery maintains constant potential difference V. In parallel, voltage across Branch 1 remains constant, so its current and brightness are unchanged. Total current increases because equivalent resistance decreases.","I think parallel circuits share current, so maybe it dims a little?",UNSURE_INSUFFICIENT_EVIDENCE,guessing_unclear,Low,Student response contains minimal reasoning or expresses explicit uncertainty; requires diagnostic probe.,True,circuit_schematic,"A parallel network with two branches across an ideal DC voltage source V. Branch 1 has bulb B1, Branch 2 has switch S and bulb B2.",train
REC-00358,PHY-Class10-06-0358,ELECTRICITY_PARALLEL_BATTERY_DELIVERY,Class 10,Electricity,Current Delivery of Battery in Parallel Circuits,"In a household parallel circuit connected to 6 V, an electric heater is switched ON while a room lamp is already glowing. Does the lamp dim, stay the same, or brighten?","An ideal battery maintains constant potential difference V. In parallel, voltage across Branch 1 remains constant, so its current and brightness are unchanged. Total current increases because equivalent resistance decreases.",Not sure if the battery output changes or stays constant when more branches are added.,UNSURE_INSUFFICIENT_EVIDENCE,guessing_unclear,Low,Student response contains minimal reasoning or expresses explicit uncertainty; requires diagnostic probe.,True,circuit_schematic,"A parallel network with two branches across an ideal DC voltage source V. Branch 1 has bulb B1, Branch 2 has switch S and bulb B2.",test
REC-00359,PHY-Class10-06-0359,ELECTRICITY_PARALLEL_BATTERY_DELIVERY,Class 10,Electricity,Current Delivery of Battery in Parallel Circuits,Two parallel resistors R1 = 20 ohms and R2 = 20 ohms are connected across a 24 V DC source. How does the current supplied by the battery change when R2 is disconnected?,"An ideal battery maintains constant potential difference V. In parallel, voltage across Branch 1 remains constant, so its current and brightness are unchanged. Total current increases because equivalent resistance decreases.","I think parallel circuits share current, so maybe it dims a little?",UNSURE_INSUFFICIENT_EVIDENCE,guessing_unclear,Low,Student response contains minimal reasoning or expresses explicit uncertainty; requires diagnostic probe.,True,circuit_schematic,"A parallel network with two branches across an ideal DC voltage source V. Branch 1 has bulb B1, Branch 2 has switch S and bulb B2.",val
REC-00360,PHY-Class10-06-0360,ELECTRICITY_PARALLEL_BATTERY_DELIVERY,Class 10,Electricity,Current Delivery of Battery in Parallel Circuits,A 220 V battery powers a light bulb in a single branch. An identical second bulb is connected in parallel with the first bulb by closing a switch. What happens to the brightness of the first bulb and the total current from the battery?,"An ideal battery maintains constant potential difference V. In parallel, voltage across Branch 1 remains constant, so its current and brightness are unchanged. Total current increases because equivalent resistance decreases.",Not sure if the battery output changes or stays constant when more branches are added.,UNSURE_INSUFFICIENT_EVIDENCE,guessing_unclear,Low,Student response contains minimal reasoning or expresses explicit uncertainty; requires diagnostic probe.,True,circuit_schematic,"A parallel network with two branches across an ideal DC voltage source V. Branch 1 has bulb B1, Branch 2 has switch S and bulb B2.",train
REC-00361,PHY-Class10-07-0361,MAGNETIC_EFFECTS_LORENTZ_LEFT_HAND,Class 10,Magnetic Effects of Electric Current,Magnetic Force on Current-Carrying Conductor (Fleming's Left Hand Rule),"A horizontal wire carries conventional electric current towards the East. A uniform magnetic field is directed towards the North. Using Fleming's Left-Hand Rule, determine the direction of the magnetic force on the wire.","By Fleming's Left-Hand Rule: Forefinger points North (Field), Middle finger points East (Current). The extended Thumb points vertically Upwards (out of page). For electrons, force is reversed (Downwards).",The force is directed vertically Downwards because I used my right hand instead of left hand.,MISC-MAG-005: Directional Hand Rule Inversion,conceptual_misconception,High,"Swaps left and right hands, swaps thumb and index fingers, or forgets to invert force direction for negative charges.",True,field_lines,A straight wire carrying electric current directed towards the East in a magnetic field directed towards the North.,test
REC-00362,PHY-Class10-07-0362,MAGNETIC_EFFECTS_LORENTZ_LEFT_HAND,Class 10,Magnetic Effects of Electric Current,Magnetic Force on Current-Carrying Conductor (Fleming's Left Hand Rule),A proton beam travels horizontally towards the East through a magnetic field pointing North. What is the direction of deflection of the proton beam?,"By Fleming's Left-Hand Rule: Forefinger points North (Field), Middle finger points East (Current). The extended Thumb points vertically Upwards (out of page). For electrons, force is reversed (Downwards).",Force points towards the North because magnetic force always pulls objects along the field lines.,MISC-MAG-005: Directional Hand Rule Inversion,conceptual_misconception,High,"Swaps left and right hands, swaps thumb and index fingers, or forgets to invert force direction for negative charges.",True,field_lines,A straight wire carrying electric current directed towards the East in a magnetic field directed towards the North.,train
REC-00363,PHY-Class10-07-0363,MAGNETIC_EFFECTS_LORENTZ_LEFT_HAND,Class 10,Magnetic Effects of Electric Current,Magnetic Force on Current-Carrying Conductor (Fleming's Left Hand Rule),An electron beam travels horizontally towards the East into a magnetic field directed North. What is the direction of the magnetic force on the electrons?,"By Fleming's Left-Hand Rule: Forefinger points North (Field), Middle finger points East (Current). The extended Thumb points vertically Upwards (out of page). For electrons, force is reversed (Downwards).",The wire will be pushed East in the direction of the electric current.,MISC-MAG-005: Directional Hand Rule Inversion,conceptual_misconception,High,"Swaps left and right hands, swaps thumb and index fingers, or forgets to invert force direction for negative charges.",True,field_lines,A straight wire carrying electric current directed towards the East in a magnetic field directed towards the North.,val
REC-00364,PHY-Class10-07-0364,MAGNETIC_EFFECTS_LORENTZ_LEFT_HAND,Class 10,Magnetic Effects of Electric Current,Magnetic Force on Current-Carrying Conductor (Fleming's Left Hand Rule),"A horizontal wire carries conventional electric current towards the East. A uniform magnetic field is directed towards the North. Using Fleming's Left-Hand Rule, determine the direction of the magnetic force on the wire.","By Fleming's Left-Hand Rule: Forefinger points North (Field), Middle finger points East (Current). The extended Thumb points vertically Upwards (out of page). For electrons, force is reversed (Downwards).","For the electron beam, the force is Upwards because negative charges follow the same hand rule without reversal.",MISC-MAG-005: Directional Hand Rule Inversion,conceptual_misconception,High,"Swaps left and right hands, swaps thumb and index fingers, or forgets to invert force direction for negative charges.",True,field_lines,A straight wire carrying electric current directed towards the East in a magnetic field directed towards the North.,val
REC-00365,PHY-Class10-07-0365,MAGNETIC_EFFECTS_LORENTZ_LEFT_HAND,Class 10,Magnetic Effects of Electric Current,Magnetic Force on Current-Carrying Conductor (Fleming's Left Hand Rule),A proton beam travels horizontally towards the East through a magnetic field pointing North. What is the direction of deflection of the proton beam?,"By Fleming's Left-Hand Rule: Forefinger points North (Field), Middle finger points East (Current). The extended Thumb points vertically Upwards (out of page). For electrons, force is reversed (Downwards).",The force is directed vertically Downwards because I used my right hand instead of left hand.,MISC-MAG-005: Directional Hand Rule Inversion,conceptual_misconception,High,"Swaps left and right hands, swaps thumb and index fingers, or forgets to invert force direction for negative charges.",True,field_lines,A straight wire carrying electric current directed towards the East in a magnetic field directed towards the North.,test
REC-00366,PHY-Class10-07-0366,MAGNETIC_EFFECTS_LORENTZ_LEFT_HAND,Class 10,Magnetic Effects of Electric Current,Magnetic Force on Current-Carrying Conductor (Fleming's Left Hand Rule),An electron beam travels horizontally towards the East into a magnetic field directed North. What is the direction of the magnetic force on the electrons?,"By Fleming's Left-Hand Rule: Forefinger points North (Field), Middle finger points East (Current). The extended Thumb points vertically Upwards (out of page). For electrons, force is reversed (Downwards).",Force points towards the North because magnetic force always pulls objects along the field lines.,MISC-MAG-005: Directional Hand Rule Inversion,conceptual_misconception,High,"Swaps left and right hands, swaps thumb and index fingers, or forgets to invert force direction for negative charges.",True,field_lines,A straight wire carrying electric current directed towards the East in a magnetic field directed towards the North.,train
REC-00367,PHY-Class10-07-0367,MAGNETIC_EFFECTS_LORENTZ_LEFT_HAND,Class 10,Magnetic Effects of Electric Current,Magnetic Force on Current-Carrying Conductor (Fleming's Left Hand Rule),"A horizontal wire carries conventional electric current towards the East. A uniform magnetic field is directed towards the North. Using Fleming's Left-Hand Rule, determine the direction of the magnetic force on the wire.","By Fleming's Left-Hand Rule: Forefinger points North (Field), Middle finger points East (Current). The extended Thumb points vertically Upwards (out of page). For electrons, force is reversed (Downwards).",The wire will be pushed East in the direction of the electric current.,MISC-MAG-005: Directional Hand Rule Inversion,conceptual_misconception,High,"Swaps left and right hands, swaps thumb and index fingers, or forgets to invert force direction for negative charges.",True,field_lines,A straight wire carrying electric current directed towards the East in a magnetic field directed towards the North.,val
REC-00368,PHY-Class10-07-0368,MAGNETIC_EFFECTS_LORENTZ_LEFT_HAND,Class 10,Magnetic Effects of Electric Current,Magnetic Force on Current-Carrying Conductor (Fleming's Left Hand Rule),A proton beam travels horizontally towards the East through a magnetic field pointing North. What is the direction of deflection of the proton beam?,"By Fleming's Left-Hand Rule: Forefinger points North (Field), Middle finger points East (Current). The extended Thumb points vertically Upwards (out of page). For electrons, force is reversed (Downwards).","For the electron beam, the force is Upwards because negative charges follow the same hand rule without reversal.",MISC-MAG-005: Directional Hand Rule Inversion,conceptual_misconception,High,"Swaps left and right hands, swaps thumb and index fingers, or forgets to invert force direction for negative charges.",True,field_lines,A straight wire carrying electric current directed towards the East in a magnetic field directed towards the North.,train
REC-00369,PHY-Class10-07-0369,MAGNETIC_EFFECTS_LORENTZ_LEFT_HAND,Class 10,Magnetic Effects of Electric Current,Magnetic Force on Current-Carrying Conductor (Fleming's Left Hand Rule),An electron beam travels horizontally towards the East into a magnetic field directed North. What is the direction of the magnetic force on the electrons?,"By Fleming's Left-Hand Rule: Forefinger points North (Field), Middle finger points East (Current). The extended Thumb points vertically Upwards (out of page). For electrons, force is reversed (Downwards).",The force is directed vertically Downwards because I used my right hand instead of left hand.,MISC-MAG-005: Directional Hand Rule Inversion,conceptual_misconception,High,"Swaps left and right hands, swaps thumb and index fingers, or forgets to invert force direction for negative charges.",True,field_lines,A straight wire carrying electric current directed towards the East in a magnetic field directed towards the North.,train
REC-00370,PHY-Class10-07-0370,MAGNETIC_EFFECTS_LORENTZ_LEFT_HAND,Class 10,Magnetic Effects of Electric Current,Magnetic Force on Current-Carrying Conductor (Fleming's Left Hand Rule),"A horizontal wire carries conventional electric current towards the East. A uniform magnetic field is directed towards the North. Using Fleming's Left-Hand Rule, determine the direction of the magnetic force on the wire.","By Fleming's Left-Hand Rule: Forefinger points North (Field), Middle finger points East (Current). The extended Thumb points vertically Upwards (out of page). For electrons, force is reversed (Downwards).",Force points towards the North because magnetic force always pulls objects along the field lines.,MISC-MAG-005: Directional Hand Rule Inversion,conceptual_misconception,High,"Swaps left and right hands, swaps thumb and index fingers, or forgets to invert force direction for negative charges.",True,field_lines,A straight wire carrying electric current directed towards the East in a magnetic field directed towards the North.,train
REC-00371,PHY-Class10-07-0371,MAGNETIC_EFFECTS_LORENTZ_LEFT_HAND,Class 10,Magnetic Effects of Electric Current,Magnetic Force on Current-Carrying Conductor (Fleming's Left Hand Rule),A proton beam travels horizontally towards the East through a magnetic field pointing North. What is the direction of deflection of the proton beam?,"By Fleming's Left-Hand Rule: Forefinger points North (Field), Middle finger points East (Current). The extended Thumb points vertically Upwards (out of page). For electrons, force is reversed (Downwards).",The wire will be pushed East in the direction of the electric current.,MISC-MAG-005: Directional Hand Rule Inversion,conceptual_misconception,High,"Swaps left and right hands, swaps thumb and index fingers, or forgets to invert force direction for negative charges.",True,field_lines,A straight wire carrying electric current directed towards the East in a magnetic field directed towards the North.,train
REC-00372,PHY-Class10-07-0372,MAGNETIC_EFFECTS_LORENTZ_LEFT_HAND,Class 10,Magnetic Effects of Electric Current,Magnetic Force on Current-Carrying Conductor (Fleming's Left Hand Rule),An electron beam travels horizontally towards the East into a magnetic field directed North. What is the direction of the magnetic force on the electrons?,"By Fleming's Left-Hand Rule: Forefinger points North (Field), Middle finger points East (Current). The extended Thumb points vertically Upwards (out of page). For electrons, force is reversed (Downwards).","For the electron beam, the force is Upwards because negative charges follow the same hand rule without reversal.",MISC-MAG-005: Directional Hand Rule Inversion,conceptual_misconception,High,"Swaps left and right hands, swaps thumb and index fingers, or forgets to invert force direction for negative charges.",True,field_lines,A straight wire carrying electric current directed towards the East in a magnetic field directed towards the North.,train
REC-00373,PHY-Class10-07-0373,MAGNETIC_EFFECTS_LORENTZ_LEFT_HAND,Class 10,Magnetic Effects of Electric Current,Magnetic Force on Current-Carrying Conductor (Fleming's Left Hand Rule),"A horizontal wire carries conventional electric current towards the East. A uniform magnetic field is directed towards the North. Using Fleming's Left-Hand Rule, determine the direction of the magnetic force on the wire.","By Fleming's Left-Hand Rule: Forefinger points North (Field), Middle finger points East (Current). The extended Thumb points vertically Upwards (out of page). For electrons, force is reversed (Downwards).",The force is directed vertically Downwards because I used my right hand instead of left hand.,MISC-MAG-005: Directional Hand Rule Inversion,conceptual_misconception,High,"Swaps left and right hands, swaps thumb and index fingers, or forgets to invert force direction for negative charges.",True,field_lines,A straight wire carrying electric current directed towards the East in a magnetic field directed towards the North.,train
REC-00374,PHY-Class10-07-0374,MAGNETIC_EFFECTS_LORENTZ_LEFT_HAND,Class 10,Magnetic Effects of Electric Current,Magnetic Force on Current-Carrying Conductor (Fleming's Left Hand Rule),A proton beam travels horizontally towards the East through a magnetic field pointing North. What is the direction of deflection of the proton beam?,"By Fleming's Left-Hand Rule: Forefinger points North (Field), Middle finger points East (Current). The extended Thumb points vertically Upwards (out of page). For electrons, force is reversed (Downwards).",Force points towards the North because magnetic force always pulls objects along the field lines.,MISC-MAG-005: Directional Hand Rule Inversion,conceptual_misconception,High,"Swaps left and right hands, swaps thumb and index fingers, or forgets to invert force direction for negative charges.",True,field_lines,A straight wire carrying electric current directed towards the East in a magnetic field directed towards the North.,train
REC-00375,PHY-Class10-07-0375,MAGNETIC_EFFECTS_LORENTZ_LEFT_HAND,Class 10,Magnetic Effects of Electric Current,Magnetic Force on Current-Carrying Conductor (Fleming's Left Hand Rule),An electron beam travels horizontally towards the East into a magnetic field directed North. What is the direction of the magnetic force on the electrons?,"By Fleming's Left-Hand Rule: Forefinger points North (Field), Middle finger points East (Current). The extended Thumb points vertically Upwards (out of page). For electrons, force is reversed (Downwards).",The wire will be pushed East in the direction of the electric current.,MISC-MAG-005: Directional Hand Rule Inversion,conceptual_misconception,High,"Swaps left and right hands, swaps thumb and index fingers, or forgets to invert force direction for negative charges.",True,field_lines,A straight wire carrying electric current directed towards the East in a magnetic field directed towards the North.,train
REC-00376,PHY-Class10-07-0376,MAGNETIC_EFFECTS_LORENTZ_LEFT_HAND,Class 10,Magnetic Effects of Electric Current,Magnetic Force on Current-Carrying Conductor (Fleming's Left Hand Rule),"A horizontal wire carries conventional electric current towards the East. A uniform magnetic field is directed towards the North. Using Fleming's Left-Hand Rule, determine the direction of the magnetic force on the wire.","By Fleming's Left-Hand Rule: Forefinger points North (Field), Middle finger points East (Current). The extended Thumb points vertically Upwards (out of page). For electrons, force is reversed (Downwards).","For the electron beam, the force is Upwards because negative charges follow the same hand rule without reversal.",MISC-MAG-005: Directional Hand Rule Inversion,conceptual_misconception,High,"Swaps left and right hands, swaps thumb and index fingers, or forgets to invert force direction for negative charges.",True,field_lines,A straight wire carrying electric current directed towards the East in a magnetic field directed towards the North.,train
REC-00377,PHY-Class10-07-0377,MAGNETIC_EFFECTS_LORENTZ_LEFT_HAND,Class 10,Magnetic Effects of Electric Current,Magnetic Force on Current-Carrying Conductor (Fleming's Left Hand Rule),A proton beam travels horizontally towards the East through a magnetic field pointing North. What is the direction of deflection of the proton beam?,"By Fleming's Left-Hand Rule: Forefinger points North (Field), Middle finger points East (Current). The extended Thumb points vertically Upwards (out of page). For electrons, force is reversed (Downwards).",The force is directed vertically Downwards because I used my right hand instead of left hand.,MISC-MAG-005: Directional Hand Rule Inversion,conceptual_misconception,High,"Swaps left and right hands, swaps thumb and index fingers, or forgets to invert force direction for negative charges.",True,field_lines,A straight wire carrying electric current directed towards the East in a magnetic field directed towards the North.,train
REC-00378,PHY-Class10-07-0378,MAGNETIC_EFFECTS_LORENTZ_LEFT_HAND,Class 10,Magnetic Effects of Electric Current,Magnetic Force on Current-Carrying Conductor (Fleming's Left Hand Rule),An electron beam travels horizontally towards the East into a magnetic field directed North. What is the direction of the magnetic force on the electrons?,"By Fleming's Left-Hand Rule: Forefinger points North (Field), Middle finger points East (Current). The extended Thumb points vertically Upwards (out of page). For electrons, force is reversed (Downwards).",Force points towards the North because magnetic force always pulls objects along the field lines.,MISC-MAG-005: Directional Hand Rule Inversion,conceptual_misconception,High,"Swaps left and right hands, swaps thumb and index fingers, or forgets to invert force direction for negative charges.",True,field_lines,A straight wire carrying electric current directed towards the East in a magnetic field directed towards the North.,val
REC-00379,PHY-Class10-07-0379,MAGNETIC_EFFECTS_LORENTZ_LEFT_HAND,Class 10,Magnetic Effects of Electric Current,Magnetic Force on Current-Carrying Conductor (Fleming's Left Hand Rule),"A horizontal wire carries conventional electric current towards the East. A uniform magnetic field is directed towards the North. Using Fleming's Left-Hand Rule, determine the direction of the magnetic force on the wire.","By Fleming's Left-Hand Rule: Forefinger points North (Field), Middle finger points East (Current). The extended Thumb points vertically Upwards (out of page). For electrons, force is reversed (Downwards).",The wire will be pushed East in the direction of the electric current.,MISC-MAG-005: Directional Hand Rule Inversion,conceptual_misconception,High,"Swaps left and right hands, swaps thumb and index fingers, or forgets to invert force direction for negative charges.",True,field_lines,A straight wire carrying electric current directed towards the East in a magnetic field directed towards the North.,val
REC-00380,PHY-Class10-07-0380,MAGNETIC_EFFECTS_LORENTZ_LEFT_HAND,Class 10,Magnetic Effects of Electric Current,Magnetic Force on Current-Carrying Conductor (Fleming's Left Hand Rule),A proton beam travels horizontally towards the East through a magnetic field pointing North. What is the direction of deflection of the proton beam?,"By Fleming's Left-Hand Rule: Forefinger points North (Field), Middle finger points East (Current). The extended Thumb points vertically Upwards (out of page). For electrons, force is reversed (Downwards).","For the electron beam, the force is Upwards because negative charges follow the same hand rule without reversal.",MISC-MAG-005: Directional Hand Rule Inversion,conceptual_misconception,High,"Swaps left and right hands, swaps thumb and index fingers, or forgets to invert force direction for negative charges.",True,field_lines,A straight wire carrying electric current directed towards the East in a magnetic field directed towards the North.,test
REC-00381,PHY-Class10-07-0381,MAGNETIC_EFFECTS_LORENTZ_LEFT_HAND,Class 10,Magnetic Effects of Electric Current,Magnetic Force on Current-Carrying Conductor (Fleming's Left Hand Rule),An electron beam travels horizontally towards the East into a magnetic field directed North. What is the direction of the magnetic force on the electrons?,"By Fleming's Left-Hand Rule: Forefinger points North (Field), Middle finger points East (Current). The extended Thumb points vertically Upwards (out of page). For electrons, force is reversed (Downwards).",The force is directed vertically Downwards because I used my right hand instead of left hand.,MISC-MAG-005: Directional Hand Rule Inversion,conceptual_misconception,High,"Swaps left and right hands, swaps thumb and index fingers, or forgets to invert force direction for negative charges.",True,field_lines,A straight wire carrying electric current directed towards the East in a magnetic field directed towards the North.,test
REC-00382,PHY-Class10-07-0382,MAGNETIC_EFFECTS_LORENTZ_LEFT_HAND,Class 10,Magnetic Effects of Electric Current,Magnetic Force on Current-Carrying Conductor (Fleming's Left Hand Rule),"A horizontal wire carries conventional electric current towards the East. A uniform magnetic field is directed towards the North. Using Fleming's Left-Hand Rule, determine the direction of the magnetic force on the wire.","By Fleming's Left-Hand Rule: Forefinger points North (Field), Middle finger points East (Current). The extended Thumb points vertically Upwards (out of page). For electrons, force is reversed (Downwards).",Force points towards the North because magnetic force always pulls objects along the field lines.,MISC-MAG-005: Directional Hand Rule Inversion,conceptual_misconception,High,"Swaps left and right hands, swaps thumb and index fingers, or forgets to invert force direction for negative charges.",True,field_lines,A straight wire carrying electric current directed towards the East in a magnetic field directed towards the North.,train
REC-00383,PHY-Class10-07-0383,MAGNETIC_EFFECTS_LORENTZ_LEFT_HAND,Class 10,Magnetic Effects of Electric Current,Magnetic Force on Current-Carrying Conductor (Fleming's Left Hand Rule),A proton beam travels horizontally towards the East through a magnetic field pointing North. What is the direction of deflection of the proton beam?,"By Fleming's Left-Hand Rule: Forefinger points North (Field), Middle finger points East (Current). The extended Thumb points vertically Upwards (out of page). For electrons, force is reversed (Downwards).",The wire will be pushed East in the direction of the electric current.,MISC-MAG-005: Directional Hand Rule Inversion,conceptual_misconception,High,"Swaps left and right hands, swaps thumb and index fingers, or forgets to invert force direction for negative charges.",True,field_lines,A straight wire carrying electric current directed towards the East in a magnetic field directed towards the North.,train
REC-00384,PHY-Class10-07-0384,MAGNETIC_EFFECTS_LORENTZ_LEFT_HAND,Class 10,Magnetic Effects of Electric Current,Magnetic Force on Current-Carrying Conductor (Fleming's Left Hand Rule),An electron beam travels horizontally towards the East into a magnetic field directed North. What is the direction of the magnetic force on the electrons?,"By Fleming's Left-Hand Rule: Forefinger points North (Field), Middle finger points East (Current). The extended Thumb points vertically Upwards (out of page). For electrons, force is reversed (Downwards).","For the electron beam, the force is Upwards because negative charges follow the same hand rule without reversal.",MISC-MAG-005: Directional Hand Rule Inversion,conceptual_misconception,High,"Swaps left and right hands, swaps thumb and index fingers, or forgets to invert force direction for negative charges.",True,field_lines,A straight wire carrying electric current directed towards the East in a magnetic field directed towards the North.,train
REC-00385,PHY-Class10-07-0385,MAGNETIC_EFFECTS_LORENTZ_LEFT_HAND,Class 10,Magnetic Effects of Electric Current,Magnetic Force on Current-Carrying Conductor (Fleming's Left Hand Rule),"A horizontal wire carries conventional electric current towards the East. A uniform magnetic field is directed towards the North. Using Fleming's Left-Hand Rule, determine the direction of the magnetic force on the wire.","By Fleming's Left-Hand Rule: Forefinger points North (Field), Middle finger points East (Current). The extended Thumb points vertically Upwards (out of page). For electrons, force is reversed (Downwards).",The force is directed vertically Downwards because I used my right hand instead of left hand.,MISC-MAG-005: Directional Hand Rule Inversion,conceptual_misconception,High,"Swaps left and right hands, swaps thumb and index fingers, or forgets to invert force direction for negative charges.",True,field_lines,A straight wire carrying electric current directed towards the East in a magnetic field directed towards the North.,train
REC-00386,PHY-Class10-07-0386,MAGNETIC_EFFECTS_LORENTZ_LEFT_HAND,Class 10,Magnetic Effects of Electric Current,Magnetic Force on Current-Carrying Conductor (Fleming's Left Hand Rule),A proton beam travels horizontally towards the East through a magnetic field pointing North. What is the direction of deflection of the proton beam?,"By Fleming's Left-Hand Rule: Forefinger points North (Field), Middle finger points East (Current). The extended Thumb points vertically Upwards (out of page). For electrons, force is reversed (Downwards).",Force points towards the North because magnetic force always pulls objects along the field lines.,MISC-MAG-005: Directional Hand Rule Inversion,conceptual_misconception,High,"Swaps left and right hands, swaps thumb and index fingers, or forgets to invert force direction for negative charges.",True,field_lines,A straight wire carrying electric current directed towards the East in a magnetic field directed towards the North.,train
REC-00387,PHY-Class10-07-0387,MAGNETIC_EFFECTS_LORENTZ_LEFT_HAND,Class 10,Magnetic Effects of Electric Current,Magnetic Force on Current-Carrying Conductor (Fleming's Left Hand Rule),An electron beam travels horizontally towards the East into a magnetic field directed North. What is the direction of the magnetic force on the electrons?,"By Fleming's Left-Hand Rule: Forefinger points North (Field), Middle finger points East (Current). The extended Thumb points vertically Upwards (out of page). For electrons, force is reversed (Downwards).",The wire will be pushed East in the direction of the electric current.,MISC-MAG-005: Directional Hand Rule Inversion,conceptual_misconception,High,"Swaps left and right hands, swaps thumb and index fingers, or forgets to invert force direction for negative charges.",True,field_lines,A straight wire carrying electric current directed towards the East in a magnetic field directed towards the North.,train
REC-00388,PHY-Class10-07-0388,MAGNETIC_EFFECTS_LORENTZ_LEFT_HAND,Class 10,Magnetic Effects of Electric Current,Magnetic Force on Current-Carrying Conductor (Fleming's Left Hand Rule),"A horizontal wire carries conventional electric current towards the East. A uniform magnetic field is directed towards the North. Using Fleming's Left-Hand Rule, determine the direction of the magnetic force on the wire.","By Fleming's Left-Hand Rule: Forefinger points North (Field), Middle finger points East (Current). The extended Thumb points vertically Upwards (out of page). For electrons, force is reversed (Downwards).","For the electron beam, the force is Upwards because negative charges follow the same hand rule without reversal.",MISC-MAG-005: Directional Hand Rule Inversion,conceptual_misconception,High,"Swaps left and right hands, swaps thumb and index fingers, or forgets to invert force direction for negative charges.",True,field_lines,A straight wire carrying electric current directed towards the East in a magnetic field directed towards the North.,train
REC-00389,PHY-Class10-07-0389,MAGNETIC_EFFECTS_LORENTZ_LEFT_HAND,Class 10,Magnetic Effects of Electric Current,Magnetic Force on Current-Carrying Conductor (Fleming's Left Hand Rule),A proton beam travels horizontally towards the East through a magnetic field pointing North. What is the direction of deflection of the proton beam?,"By Fleming's Left-Hand Rule: Forefinger points North (Field), Middle finger points East (Current). The extended Thumb points vertically Upwards (out of page). For electrons, force is reversed (Downwards).",The force is directed vertically Downwards because I used my right hand instead of left hand.,MISC-MAG-005: Directional Hand Rule Inversion,conceptual_misconception,High,"Swaps left and right hands, swaps thumb and index fingers, or forgets to invert force direction for negative charges.",True,field_lines,A straight wire carrying electric current directed towards the East in a magnetic field directed towards the North.,train
REC-00390,PHY-Class10-07-0390,MAGNETIC_EFFECTS_LORENTZ_LEFT_HAND,Class 10,Magnetic Effects of Electric Current,Magnetic Force on Current-Carrying Conductor (Fleming's Left Hand Rule),An electron beam travels horizontally towards the East into a magnetic field directed North. What is the direction of the magnetic force on the electrons?,"By Fleming's Left-Hand Rule: Forefinger points North (Field), Middle finger points East (Current). The extended Thumb points vertically Upwards (out of page). For electrons, force is reversed (Downwards).",Force points towards the North because magnetic force always pulls objects along the field lines.,MISC-MAG-005: Directional Hand Rule Inversion,conceptual_misconception,High,"Swaps left and right hands, swaps thumb and index fingers, or forgets to invert force direction for negative charges.",True,field_lines,A straight wire carrying electric current directed towards the East in a magnetic field directed towards the North.,test
REC-00391,PHY-Class10-07-0391,MAGNETIC_EFFECTS_LORENTZ_LEFT_HAND,Class 10,Magnetic Effects of Electric Current,Magnetic Force on Current-Carrying Conductor (Fleming's Left Hand Rule),"A horizontal wire carries conventional electric current towards the East. A uniform magnetic field is directed towards the North. Using Fleming's Left-Hand Rule, determine the direction of the magnetic force on the wire.","By Fleming's Left-Hand Rule: Forefinger points North (Field), Middle finger points East (Current). The extended Thumb points vertically Upwards (out of page). For electrons, force is reversed (Downwards).",The wire will be pushed East in the direction of the electric current.,MISC-MAG-005: Directional Hand Rule Inversion,conceptual_misconception,High,"Swaps left and right hands, swaps thumb and index fingers, or forgets to invert force direction for negative charges.",True,field_lines,A straight wire carrying electric current directed towards the East in a magnetic field directed towards the North.,train
REC-00392,PHY-Class10-07-0392,MAGNETIC_EFFECTS_LORENTZ_LEFT_HAND,Class 10,Magnetic Effects of Electric Current,Magnetic Force on Current-Carrying Conductor (Fleming's Left Hand Rule),A proton beam travels horizontally towards the East through a magnetic field pointing North. What is the direction of deflection of the proton beam?,"By Fleming's Left-Hand Rule: Forefinger points North (Field), Middle finger points East (Current). The extended Thumb points vertically Upwards (out of page). For electrons, force is reversed (Downwards).","For the electron beam, the force is Upwards because negative charges follow the same hand rule without reversal.",MISC-MAG-005: Directional Hand Rule Inversion,conceptual_misconception,High,"Swaps left and right hands, swaps thumb and index fingers, or forgets to invert force direction for negative charges.",True,field_lines,A straight wire carrying electric current directed towards the East in a magnetic field directed towards the North.,train
REC-00393,PHY-Class10-07-0393,MAGNETIC_EFFECTS_LORENTZ_LEFT_HAND,Class 10,Magnetic Effects of Electric Current,Magnetic Force on Current-Carrying Conductor (Fleming's Left Hand Rule),An electron beam travels horizontally towards the East into a magnetic field directed North. What is the direction of the magnetic force on the electrons?,"By Fleming's Left-Hand Rule: Forefinger points North (Field), Middle finger points East (Current). The extended Thumb points vertically Upwards (out of page). For electrons, force is reversed (Downwards).",The force is directed vertically Downwards because I used my right hand instead of left hand.,MISC-MAG-005: Directional Hand Rule Inversion,conceptual_misconception,High,"Swaps left and right hands, swaps thumb and index fingers, or forgets to invert force direction for negative charges.",True,field_lines,A straight wire carrying electric current directed towards the East in a magnetic field directed towards the North.,train
REC-00394,PHY-Class10-07-0394,MAGNETIC_EFFECTS_LORENTZ_LEFT_HAND,Class 10,Magnetic Effects of Electric Current,Magnetic Force on Current-Carrying Conductor (Fleming's Left Hand Rule),"A horizontal wire carries conventional electric current towards the East. A uniform magnetic field is directed towards the North. Using Fleming's Left-Hand Rule, determine the direction of the magnetic force on the wire.","By Fleming's Left-Hand Rule: Forefinger points North (Field), Middle finger points East (Current). The extended Thumb points vertically Upwards (out of page). For electrons, force is reversed (Downwards).",Force points towards the North because magnetic force always pulls objects along the field lines.,MISC-MAG-005: Directional Hand Rule Inversion,conceptual_misconception,High,"Swaps left and right hands, swaps thumb and index fingers, or forgets to invert force direction for negative charges.",True,field_lines,A straight wire carrying electric current directed towards the East in a magnetic field directed towards the North.,train
REC-00395,PHY-Class10-07-0395,MAGNETIC_EFFECTS_LORENTZ_LEFT_HAND,Class 10,Magnetic Effects of Electric Current,Magnetic Force on Current-Carrying Conductor (Fleming's Left Hand Rule),A proton beam travels horizontally towards the East through a magnetic field pointing North. What is the direction of deflection of the proton beam?,"By Fleming's Left-Hand Rule: Forefinger points North (Field), Middle finger points East (Current). The extended Thumb points vertically Upwards (out of page). For electrons, force is reversed (Downwards).",The wire will be pushed East in the direction of the electric current.,MISC-MAG-005: Directional Hand Rule Inversion,conceptual_misconception,High,"Swaps left and right hands, swaps thumb and index fingers, or forgets to invert force direction for negative charges.",True,field_lines,A straight wire carrying electric current directed towards the East in a magnetic field directed towards the North.,train
REC-00396,PHY-Class10-07-0396,MAGNETIC_EFFECTS_LORENTZ_LEFT_HAND,Class 10,Magnetic Effects of Electric Current,Magnetic Force on Current-Carrying Conductor (Fleming's Left Hand Rule),An electron beam travels horizontally towards the East into a magnetic field directed North. What is the direction of the magnetic force on the electrons?,"By Fleming's Left-Hand Rule: Forefinger points North (Field), Middle finger points East (Current). The extended Thumb points vertically Upwards (out of page). For electrons, force is reversed (Downwards).","For the electron beam, the force is Upwards because negative charges follow the same hand rule without reversal.",MISC-MAG-005: Directional Hand Rule Inversion,conceptual_misconception,High,"Swaps left and right hands, swaps thumb and index fingers, or forgets to invert force direction for negative charges.",True,field_lines,A straight wire carrying electric current directed towards the East in a magnetic field directed towards the North.,test
REC-00397,PHY-Class10-07-0397,MAGNETIC_EFFECTS_LORENTZ_LEFT_HAND,Class 10,Magnetic Effects of Electric Current,Magnetic Force on Current-Carrying Conductor (Fleming's Left Hand Rule),"A horizontal wire carries conventional electric current towards the East. A uniform magnetic field is directed towards the North. Using Fleming's Left-Hand Rule, determine the direction of the magnetic force on the wire.","By Fleming's Left-Hand Rule: Forefinger points North (Field), Middle finger points East (Current). The extended Thumb points vertically Upwards (out of page). For electrons, force is reversed (Downwards).","Using Fleming's Left-Hand Rule: Index finger points North (Field), Middle finger points East (Current), Thumb points vertically Upwards (out of page).",CORRECT: Scientifically Accurate Response,no_error,High,Rigorous scientific reasoning with valid physical principles and mathematical steps.,True,field_lines,A straight wire carrying electric current directed towards the East in a magnetic field directed towards the North.,train
REC-00398,PHY-Class10-07-0398,MAGNETIC_EFFECTS_LORENTZ_LEFT_HAND,Class 10,Magnetic Effects of Electric Current,Magnetic Force on Current-Carrying Conductor (Fleming's Left Hand Rule),A proton beam travels horizontally towards the East through a magnetic field pointing North. What is the direction of deflection of the proton beam?,"By Fleming's Left-Hand Rule: Forefinger points North (Field), Middle finger points East (Current). The extended Thumb points vertically Upwards (out of page). For electrons, force is reversed (Downwards).","The magnetic force is perpendicular to both current and magnetic field, directed vertically upwards for positive charge and downwards for electrons.",CORRECT: Scientifically Accurate Response,no_error,High,Rigorous scientific reasoning with valid physical principles and mathematical steps.,True,field_lines,A straight wire carrying electric current directed towards the East in a magnetic field directed towards the North.,train
REC-00399,PHY-Class10-07-0399,MAGNETIC_EFFECTS_LORENTZ_LEFT_HAND,Class 10,Magnetic Effects of Electric Current,Magnetic Force on Current-Carrying Conductor (Fleming's Left Hand Rule),An electron beam travels horizontally towards the East into a magnetic field directed North. What is the direction of the magnetic force on the electrons?,"By Fleming's Left-Hand Rule: Forefinger points North (Field), Middle finger points East (Current). The extended Thumb points vertically Upwards (out of page). For electrons, force is reversed (Downwards).","Using Fleming's Left-Hand Rule: Index finger points North (Field), Middle finger points East (Current), Thumb points vertically Upwards (out of page).",CORRECT: Scientifically Accurate Response,no_error,High,Rigorous scientific reasoning with valid physical principles and mathematical steps.,True,field_lines,A straight wire carrying electric current directed towards the East in a magnetic field directed towards the North.,val
REC-00400,PHY-Class10-07-0400,MAGNETIC_EFFECTS_LORENTZ_LEFT_HAND,Class 10,Magnetic Effects of Electric Current,Magnetic Force on Current-Carrying Conductor (Fleming's Left Hand Rule),"A horizontal wire carries conventional electric current towards the East. A uniform magnetic field is directed towards the North. Using Fleming's Left-Hand Rule, determine the direction of the magnetic force on the wire.","By Fleming's Left-Hand Rule: Forefinger points North (Field), Middle finger points East (Current). The extended Thumb points vertically Upwards (out of page). For electrons, force is reversed (Downwards).","The magnetic force is perpendicular to both current and magnetic field, directed vertically upwards for positive charge and downwards for electrons.",CORRECT: Scientifically Accurate Response,no_error,High,Rigorous scientific reasoning with valid physical principles and mathematical steps.,True,field_lines,A straight wire carrying electric current directed towards the East in a magnetic field directed towards the North.,train
REC-00401,PHY-Class10-07-0401,MAGNETIC_EFFECTS_LORENTZ_LEFT_HAND,Class 10,Magnetic Effects of Electric Current,Magnetic Force on Current-Carrying Conductor (Fleming's Left Hand Rule),A proton beam travels horizontally towards the East through a magnetic field pointing North. What is the direction of deflection of the proton beam?,"By Fleming's Left-Hand Rule: Forefinger points North (Field), Middle finger points East (Current). The extended Thumb points vertically Upwards (out of page). For electrons, force is reversed (Downwards).","Using Fleming's Left-Hand Rule: Index finger points North (Field), Middle finger points East (Current), Thumb points vertically Upwards (out of page).",CORRECT: Scientifically Accurate Response,no_error,High,Rigorous scientific reasoning with valid physical principles and mathematical steps.,True,field_lines,A straight wire carrying electric current directed towards the East in a magnetic field directed towards the North.,val
REC-00402,PHY-Class10-07-0402,MAGNETIC_EFFECTS_LORENTZ_LEFT_HAND,Class 10,Magnetic Effects of Electric Current,Magnetic Force on Current-Carrying Conductor (Fleming's Left Hand Rule),An electron beam travels horizontally towards the East into a magnetic field directed North. What is the direction of the magnetic force on the electrons?,"By Fleming's Left-Hand Rule: Forefinger points North (Field), Middle finger points East (Current). The extended Thumb points vertically Upwards (out of page). For electrons, force is reversed (Downwards).","The magnetic force is perpendicular to both current and magnetic field, directed vertically upwards for positive charge and downwards for electrons.",CORRECT: Scientifically Accurate Response,no_error,High,Rigorous scientific reasoning with valid physical principles and mathematical steps.,True,field_lines,A straight wire carrying electric current directed towards the East in a magnetic field directed towards the North.,train
REC-00403,PHY-Class10-07-0403,MAGNETIC_EFFECTS_LORENTZ_LEFT_HAND,Class 10,Magnetic Effects of Electric Current,Magnetic Force on Current-Carrying Conductor (Fleming's Left Hand Rule),"A horizontal wire carries conventional electric current towards the East. A uniform magnetic field is directed towards the North. Using Fleming's Left-Hand Rule, determine the direction of the magnetic force on the wire.","By Fleming's Left-Hand Rule: Forefinger points North (Field), Middle finger points East (Current). The extended Thumb points vertically Upwards (out of page). For electrons, force is reversed (Downwards).","Using Fleming's Left-Hand Rule: Index finger points North (Field), Middle finger points East (Current), Thumb points vertically Upwards (out of page).",CORRECT: Scientifically Accurate Response,no_error,High,Rigorous scientific reasoning with valid physical principles and mathematical steps.,True,field_lines,A straight wire carrying electric current directed towards the East in a magnetic field directed towards the North.,train
REC-00404,PHY-Class10-07-0404,MAGNETIC_EFFECTS_LORENTZ_LEFT_HAND,Class 10,Magnetic Effects of Electric Current,Magnetic Force on Current-Carrying Conductor (Fleming's Left Hand Rule),A proton beam travels horizontally towards the East through a magnetic field pointing North. What is the direction of deflection of the proton beam?,"By Fleming's Left-Hand Rule: Forefinger points North (Field), Middle finger points East (Current). The extended Thumb points vertically Upwards (out of page). For electrons, force is reversed (Downwards).","The magnetic force is perpendicular to both current and magnetic field, directed vertically upwards for positive charge and downwards for electrons.",CORRECT: Scientifically Accurate Response,no_error,High,Rigorous scientific reasoning with valid physical principles and mathematical steps.,True,field_lines,A straight wire carrying electric current directed towards the East in a magnetic field directed towards the North.,train
REC-00405,PHY-Class10-07-0405,MAGNETIC_EFFECTS_LORENTZ_LEFT_HAND,Class 10,Magnetic Effects of Electric Current,Magnetic Force on Current-Carrying Conductor (Fleming's Left Hand Rule),An electron beam travels horizontally towards the East into a magnetic field directed North. What is the direction of the magnetic force on the electrons?,"By Fleming's Left-Hand Rule: Forefinger points North (Field), Middle finger points East (Current). The extended Thumb points vertically Upwards (out of page). For electrons, force is reversed (Downwards).","Using Fleming's Left-Hand Rule: Index finger points North (Field), Middle finger points East (Current), Thumb points vertically Upwards (out of page).",CORRECT: Scientifically Accurate Response,no_error,High,Rigorous scientific reasoning with valid physical principles and mathematical steps.,True,field_lines,A straight wire carrying electric current directed towards the East in a magnetic field directed towards the North.,test
REC-00406,PHY-Class10-07-0406,MAGNETIC_EFFECTS_LORENTZ_LEFT_HAND,Class 10,Magnetic Effects of Electric Current,Magnetic Force on Current-Carrying Conductor (Fleming's Left Hand Rule),"A horizontal wire carries conventional electric current towards the East. A uniform magnetic field is directed towards the North. Using Fleming's Left-Hand Rule, determine the direction of the magnetic force on the wire.","By Fleming's Left-Hand Rule: Forefinger points North (Field), Middle finger points East (Current). The extended Thumb points vertically Upwards (out of page). For electrons, force is reversed (Downwards).","The magnetic force is perpendicular to both current and magnetic field, directed vertically upwards for positive charge and downwards for electrons.",CORRECT: Scientifically Accurate Response,no_error,High,Rigorous scientific reasoning with valid physical principles and mathematical steps.,True,field_lines,A straight wire carrying electric current directed towards the East in a magnetic field directed towards the North.,train
REC-00407,PHY-Class10-07-0407,MAGNETIC_EFFECTS_LORENTZ_LEFT_HAND,Class 10,Magnetic Effects of Electric Current,Magnetic Force on Current-Carrying Conductor (Fleming's Left Hand Rule),A proton beam travels horizontally towards the East through a magnetic field pointing North. What is the direction of deflection of the proton beam?,"By Fleming's Left-Hand Rule: Forefinger points North (Field), Middle finger points East (Current). The extended Thumb points vertically Upwards (out of page). For electrons, force is reversed (Downwards).","Using Fleming's Left-Hand Rule: Index finger points North (Field), Middle finger points East (Current), Thumb points vertically Upwards (out of page).",CORRECT: Scientifically Accurate Response,no_error,High,Rigorous scientific reasoning with valid physical principles and mathematical steps.,True,field_lines,A straight wire carrying electric current directed towards the East in a magnetic field directed towards the North.,train
REC-00408,PHY-Class10-07-0408,MAGNETIC_EFFECTS_LORENTZ_LEFT_HAND,Class 10,Magnetic Effects of Electric Current,Magnetic Force on Current-Carrying Conductor (Fleming's Left Hand Rule),An electron beam travels horizontally towards the East into a magnetic field directed North. What is the direction of the magnetic force on the electrons?,"By Fleming's Left-Hand Rule: Forefinger points North (Field), Middle finger points East (Current). The extended Thumb points vertically Upwards (out of page). For electrons, force is reversed (Downwards).","The magnetic force is perpendicular to both current and magnetic field, directed vertically upwards for positive charge and downwards for electrons.",CORRECT: Scientifically Accurate Response,no_error,High,Rigorous scientific reasoning with valid physical principles and mathematical steps.,True,field_lines,A straight wire carrying electric current directed towards the East in a magnetic field directed towards the North.,test
REC-00409,PHY-Class10-07-0409,MAGNETIC_EFFECTS_LORENTZ_LEFT_HAND,Class 10,Magnetic Effects of Electric Current,Magnetic Force on Current-Carrying Conductor (Fleming's Left Hand Rule),"A horizontal wire carries conventional electric current towards the East. A uniform magnetic field is directed towards the North. Using Fleming's Left-Hand Rule, determine the direction of the magnetic force on the wire.","By Fleming's Left-Hand Rule: Forefinger points North (Field), Middle finger points East (Current). The extended Thumb points vertically Upwards (out of page). For electrons, force is reversed (Downwards).","Applied left-hand rule correctly, but labeled the vertical direction as horizontal North-East.",CARELESS_CALCULATION_ERROR,calculation_slip,Medium,Conceptual formula choice is correct; error is isolated to an arithmetic slip.,True,field_lines,A straight wire carrying electric current directed towards the East in a magnetic field directed towards the North.,train
REC-00410,PHY-Class10-07-0410,MAGNETIC_EFFECTS_LORENTZ_LEFT_HAND,Class 10,Magnetic Effects of Electric Current,Magnetic Force on Current-Carrying Conductor (Fleming's Left Hand Rule),A proton beam travels horizontally towards the East through a magnetic field pointing North. What is the direction of deflection of the proton beam?,"By Fleming's Left-Hand Rule: Forefinger points North (Field), Middle finger points East (Current). The extended Thumb points vertically Upwards (out of page). For electrons, force is reversed (Downwards).","Identified upwards direction, but stated magnitude formula as F = B / (I * L) instead of F = B * I * L.",CARELESS_CALCULATION_ERROR,calculation_slip,Medium,Conceptual formula choice is correct; error is isolated to an arithmetic slip.,True,field_lines,A straight wire carrying electric current directed towards the East in a magnetic field directed towards the North.,val
REC-00411,PHY-Class10-07-0411,MAGNETIC_EFFECTS_LORENTZ_LEFT_HAND,Class 10,Magnetic Effects of Electric Current,Magnetic Force on Current-Carrying Conductor (Fleming's Left Hand Rule),An electron beam travels horizontally towards the East into a magnetic field directed North. What is the direction of the magnetic force on the electrons?,"By Fleming's Left-Hand Rule: Forefinger points North (Field), Middle finger points East (Current). The extended Thumb points vertically Upwards (out of page). For electrons, force is reversed (Downwards).","Applied left-hand rule correctly, but labeled the vertical direction as horizontal North-East.",CARELESS_CALCULATION_ERROR,calculation_slip,Medium,Conceptual formula choice is correct; error is isolated to an arithmetic slip.,True,field_lines,A straight wire carrying electric current directed towards the East in a magnetic field directed towards the North.,train
REC-00412,PHY-Class10-07-0412,MAGNETIC_EFFECTS_LORENTZ_LEFT_HAND,Class 10,Magnetic Effects of Electric Current,Magnetic Force on Current-Carrying Conductor (Fleming's Left Hand Rule),"A horizontal wire carries conventional electric current towards the East. A uniform magnetic field is directed towards the North. Using Fleming's Left-Hand Rule, determine the direction of the magnetic force on the wire.","By Fleming's Left-Hand Rule: Forefinger points North (Field), Middle finger points East (Current). The extended Thumb points vertically Upwards (out of page). For electrons, force is reversed (Downwards).","Identified upwards direction, but stated magnitude formula as F = B / (I * L) instead of F = B * I * L.",CARELESS_CALCULATION_ERROR,calculation_slip,Medium,Conceptual formula choice is correct; error is isolated to an arithmetic slip.,True,field_lines,A straight wire carrying electric current directed towards the East in a magnetic field directed towards the North.,test
REC-00413,PHY-Class10-07-0413,MAGNETIC_EFFECTS_LORENTZ_LEFT_HAND,Class 10,Magnetic Effects of Electric Current,Magnetic Force on Current-Carrying Conductor (Fleming's Left Hand Rule),"A horizontal wire carries conventional electric current towards the East. A uniform magnetic field is directed towards the North. Using Fleming's Left-Hand Rule, determine the direction of the magnetic force on the wire.","By Fleming's Left-Hand Rule: Forefinger points North (Field), Middle finger points East (Current). The extended Thumb points vertically Upwards (out of page). For electrons, force is reversed (Downwards).",Force magnitude is 5.0 Tesla instead of Newtons.,UNIT_CONVERSION_ERROR,unit_error,High,"Numerical reasoning is sound, but units were omitted or confused with another physical quantity.",True,field_lines,A straight wire carrying electric current directed towards the East in a magnetic field directed towards the North.,test
REC-00414,PHY-Class10-07-0414,MAGNETIC_EFFECTS_LORENTZ_LEFT_HAND,Class 10,Magnetic Effects of Electric Current,Magnetic Force on Current-Carrying Conductor (Fleming's Left Hand Rule),A proton beam travels horizontally towards the East through a magnetic field pointing North. What is the direction of deflection of the proton beam?,"By Fleming's Left-Hand Rule: Forefinger points North (Field), Middle finger points East (Current). The extended Thumb points vertically Upwards (out of page). For electrons, force is reversed (Downwards).",Reported magnetic force with velocity units m/s.,UNIT_CONVERSION_ERROR,unit_error,High,"Numerical reasoning is sound, but units were omitted or confused with another physical quantity.",True,field_lines,A straight wire carrying electric current directed towards the East in a magnetic field directed towards the North.,train
REC-00415,PHY-Class10-07-0415,MAGNETIC_EFFECTS_LORENTZ_LEFT_HAND,Class 10,Magnetic Effects of Electric Current,Magnetic Force on Current-Carrying Conductor (Fleming's Left Hand Rule),An electron beam travels horizontally towards the East into a magnetic field directed North. What is the direction of the magnetic force on the electrons?,"By Fleming's Left-Hand Rule: Forefinger points North (Field), Middle finger points East (Current). The extended Thumb points vertically Upwards (out of page). For electrons, force is reversed (Downwards).",Force magnitude is 5.0 Tesla instead of Newtons.,UNIT_CONVERSION_ERROR,unit_error,High,"Numerical reasoning is sound, but units were omitted or confused with another physical quantity.",True,field_lines,A straight wire carrying electric current directed towards the East in a magnetic field directed towards the North.,val
REC-00416,PHY-Class10-07-0416,MAGNETIC_EFFECTS_LORENTZ_LEFT_HAND,Class 10,Magnetic Effects of Electric Current,Magnetic Force on Current-Carrying Conductor (Fleming's Left Hand Rule),"A horizontal wire carries conventional electric current towards the East. A uniform magnetic field is directed towards the North. Using Fleming's Left-Hand Rule, determine the direction of the magnetic force on the wire.","By Fleming's Left-Hand Rule: Forefinger points North (Field), Middle finger points East (Current). The extended Thumb points vertically Upwards (out of page). For electrons, force is reversed (Downwards).",Reported magnetic force with velocity units m/s.,UNIT_CONVERSION_ERROR,unit_error,High,"Numerical reasoning is sound, but units were omitted or confused with another physical quantity.",True,field_lines,A straight wire carrying electric current directed towards the East in a magnetic field directed towards the North.,train
REC-00417,PHY-Class10-07-0417,MAGNETIC_EFFECTS_LORENTZ_LEFT_HAND,Class 10,Magnetic Effects of Electric Current,Magnetic Force on Current-Carrying Conductor (Fleming's Left Hand Rule),"A horizontal wire carries conventional electric current towards the East. A uniform magnetic field is directed towards the North. Using Fleming's Left-Hand Rule, determine the direction of the magnetic force on the wire.","By Fleming's Left-Hand Rule: Forefinger points North (Field), Middle finger points East (Current). The extended Thumb points vertically Upwards (out of page). For electrons, force is reversed (Downwards).",I always mix up the thumb and middle finger in Fleming's rule.,UNSURE_INSUFFICIENT_EVIDENCE,guessing_unclear,Low,Student response contains minimal reasoning or expresses explicit uncertainty; requires diagnostic probe.,True,field_lines,A straight wire carrying electric current directed towards the East in a magnetic field directed towards the North.,val
REC-00418,PHY-Class10-07-0418,MAGNETIC_EFFECTS_LORENTZ_LEFT_HAND,Class 10,Magnetic Effects of Electric Current,Magnetic Force on Current-Carrying Conductor (Fleming's Left Hand Rule),A proton beam travels horizontally towards the East through a magnetic field pointing North. What is the direction of deflection of the proton beam?,"By Fleming's Left-Hand Rule: Forefinger points North (Field), Middle finger points East (Current). The extended Thumb points vertically Upwards (out of page). For electrons, force is reversed (Downwards).","I know it's perpendicular, but unsure whether it's up or down.",UNSURE_INSUFFICIENT_EVIDENCE,guessing_unclear,Low,Student response contains minimal reasoning or expresses explicit uncertainty; requires diagnostic probe.,True,field_lines,A straight wire carrying electric current directed towards the East in a magnetic field directed towards the North.,train
REC-00419,PHY-Class10-07-0419,MAGNETIC_EFFECTS_LORENTZ_LEFT_HAND,Class 10,Magnetic Effects of Electric Current,Magnetic Force on Current-Carrying Conductor (Fleming's Left Hand Rule),An electron beam travels horizontally towards the East into a magnetic field directed North. What is the direction of the magnetic force on the electrons?,"By Fleming's Left-Hand Rule: Forefinger points North (Field), Middle finger points East (Current). The extended Thumb points vertically Upwards (out of page). For electrons, force is reversed (Downwards).",I always mix up the thumb and middle finger in Fleming's rule.,UNSURE_INSUFFICIENT_EVIDENCE,guessing_unclear,Low,Student response contains minimal reasoning or expresses explicit uncertainty; requires diagnostic probe.,True,field_lines,A straight wire carrying electric current directed towards the East in a magnetic field directed towards the North.,test
REC-00420,PHY-Class10-07-0420,MAGNETIC_EFFECTS_LORENTZ_LEFT_HAND,Class 10,Magnetic Effects of Electric Current,Magnetic Force on Current-Carrying Conductor (Fleming's Left Hand Rule),"A horizontal wire carries conventional electric current towards the East. A uniform magnetic field is directed towards the North. Using Fleming's Left-Hand Rule, determine the direction of the magnetic force on the wire.","By Fleming's Left-Hand Rule: Forefinger points North (Field), Middle finger points East (Current). The extended Thumb points vertically Upwards (out of page). For electrons, force is reversed (Downwards).","I know it's perpendicular, but unsure whether it's up or down.",UNSURE_INSUFFICIENT_EVIDENCE,guessing_unclear,Low,Student response contains minimal reasoning or expresses explicit uncertainty; requires diagnostic probe.,True,field_lines,A straight wire carrying electric current directed towards the East in a magnetic field directed towards the North.,train
REC-00421,PHY-Class9-08-0421,MOTION_SPEED_DISTANCE_TIME,Class 9,Motion,Speed and Velocity (Distance-Time Relationship),A runner covers a distance of 100 meters in 5 seconds along a straight track. Calculate the speed of the runner.,Speed = Distance / Time = {d} m / {t} s. Speed is defined as distance covered per unit time.,Speed is 500 m/s because I multiplied distance by time (100 * 5 = 500).,MISC-MOT-001: Speed Distance Operation Inversion,conceptual_misconception,High,Multiplies distance by time instead of dividing.,True,motion_diagram,A straight road track marked with intervals. Runner completes track distance d in elapsed time t.,val
REC-00422,PHY-Class9-08-0422,MOTION_SPEED_DISTANCE_TIME,Class 9,Motion,Speed and Velocity (Distance-Time Relationship),A car travels a distance of 200 meters in 10 seconds. What is the speed of the car?,Speed = Distance / Time = {d} m / {t} s. Speed is defined as distance covered per unit time.,I calculated speed = 200 * 10 = 2000 m/s.,MISC-MOT-001: Speed Distance Operation Inversion,conceptual_misconception,High,Multiplies distance by time instead of dividing.,True,motion_diagram,A straight road track marked with intervals. Runner completes track distance d in elapsed time t.,train
REC-00423,PHY-Class9-08-0423,MOTION_SPEED_DISTANCE_TIME,Class 9,Motion,Speed and Velocity (Distance-Time Relationship),An electric bicycle moves 300 meters in 15 seconds. Find its average speed.,Speed = Distance / Time = {d} m / {t} s. Speed is defined as distance covered per unit time.,"Speed = distance times time, so it equals 4500 m/s.",MISC-MOT-001: Speed Distance Operation Inversion,conceptual_misconception,High,Multiplies distance by time instead of dividing.,True,motion_diagram,A straight road track marked with intervals. Runner completes track distance d in elapsed time t.,train
REC-00424,PHY-Class9-08-0424,MOTION_SPEED_DISTANCE_TIME,Class 9,Motion,Speed and Velocity (Distance-Time Relationship),A toy cart moves along a smooth floor covering 500 meters in 25 seconds. Determine its speed.,Speed = Distance / Time = {d} m / {t} s. Speed is defined as distance covered per unit time.,Result: 12500 m/s. Working: multiplied the two given numbers together.,MISC-MOT-001: Speed Distance Operation Inversion,conceptual_misconception,High,Multiplies distance by time instead of dividing.,True,motion_diagram,A straight road track marked with intervals. Runner completes track distance d in elapsed time t.,val
REC-00425,PHY-Class9-08-0425,MOTION_SPEED_DISTANCE_TIME,Class 9,Motion,Speed and Velocity (Distance-Time Relationship),A runner covers a distance of 60 meters in 3 seconds along a straight track. Calculate the speed of the runner.,Speed = Distance / Time = {d} m / {t} s. Speed is defined as distance covered per unit time.,Speed is 180 m/s because I multiplied distance by time (60 * 3 = 180).,MISC-MOT-001: Speed Distance Operation Inversion,conceptual_misconception,High,Multiplies distance by time instead of dividing.,True,motion_diagram,A straight road track marked with intervals. Runner completes track distance d in elapsed time t.,train
REC-00426,PHY-Class9-08-0426,MOTION_SPEED_DISTANCE_TIME,Class 9,Motion,Speed and Velocity (Distance-Time Relationship),A car travels a distance of 120 meters in 4 seconds. What is the speed of the car?,Speed = Distance / Time = {d} m / {t} s. Speed is defined as distance covered per unit time.,I calculated speed = 120 * 4 = 480 m/s.,MISC-MOT-001: Speed Distance Operation Inversion,conceptual_misconception,High,Multiplies distance by time instead of dividing.,True,motion_diagram,A straight road track marked with intervals. Runner completes track distance d in elapsed time t.,train
REC-00427,PHY-Class9-08-0427,MOTION_SPEED_DISTANCE_TIME,Class 9,Motion,Speed and Velocity (Distance-Time Relationship),An electric bicycle moves 450 meters in 9 seconds. Find its average speed.,Speed = Distance / Time = {d} m / {t} s. Speed is defined as distance covered per unit time.,"Speed = distance times time, so it equals 4050 m/s.",MISC-MOT-001: Speed Distance Operation Inversion,conceptual_misconception,High,Multiplies distance by time instead of dividing.,True,motion_diagram,A straight road track marked with intervals. Runner completes track distance d in elapsed time t.,train
REC-00428,PHY-Class9-08-0428,MOTION_SPEED_DISTANCE_TIME,Class 9,Motion,Speed and Velocity (Distance-Time Relationship),A toy cart moves along a smooth floor covering 80 meters in 2 seconds. Determine its speed.,Speed = Distance / Time = {d} m / {t} s. Speed is defined as distance covered per unit time.,Result: 160 m/s. Working: multiplied the two given numbers together.,MISC-MOT-001: Speed Distance Operation Inversion,conceptual_misconception,High,Multiplies distance by time instead of dividing.,True,motion_diagram,A straight road track marked with intervals. Runner completes track distance d in elapsed time t.,train
REC-00429,PHY-Class9-08-0429,MOTION_SPEED_DISTANCE_TIME,Class 9,Motion,Speed and Velocity (Distance-Time Relationship),A runner covers a distance of 100 meters in 5 seconds along a straight track. Calculate the speed of the runner.,Speed = Distance / Time = {d} m / {t} s. Speed is defined as distance covered per unit time.,Speed is 500 m/s because I multiplied distance by time (100 * 5 = 500).,MISC-MOT-001: Speed Distance Operation Inversion,conceptual_misconception,High,Multiplies distance by time instead of dividing.,True,motion_diagram,A straight road track marked with intervals. Runner completes track distance d in elapsed time t.,test
REC-00430,PHY-Class9-08-0430,MOTION_SPEED_DISTANCE_TIME,Class 9,Motion,Speed and Velocity (Distance-Time Relationship),A car travels a distance of 200 meters in 10 seconds. What is the speed of the car?,Speed = Distance / Time = {d} m / {t} s. Speed is defined as distance covered per unit time.,I calculated speed = 200 * 10 = 2000 m/s.,MISC-MOT-001: Speed Distance Operation Inversion,conceptual_misconception,High,Multiplies distance by time instead of dividing.,True,motion_diagram,A straight road track marked with intervals. Runner completes track distance d in elapsed time t.,train
REC-00431,PHY-Class9-08-0431,MOTION_SPEED_DISTANCE_TIME,Class 9,Motion,Speed and Velocity (Distance-Time Relationship),An electric bicycle moves 300 meters in 15 seconds. Find its average speed.,Speed = Distance / Time = {d} m / {t} s. Speed is defined as distance covered per unit time.,"Speed = distance times time, so it equals 4500 m/s.",MISC-MOT-001: Speed Distance Operation Inversion,conceptual_misconception,High,Multiplies distance by time instead of dividing.,True,motion_diagram,A straight road track marked with intervals. Runner completes track distance d in elapsed time t.,test
REC-00432,PHY-Class9-08-0432,MOTION_SPEED_DISTANCE_TIME,Class 9,Motion,Speed and Velocity (Distance-Time Relationship),A toy cart moves along a smooth floor covering 500 meters in 25 seconds. Determine its speed.,Speed = Distance / Time = {d} m / {t} s. Speed is defined as distance covered per unit time.,Result: 12500 m/s. Working: multiplied the two given numbers together.,MISC-MOT-001: Speed Distance Operation Inversion,conceptual_misconception,High,Multiplies distance by time instead of dividing.,True,motion_diagram,A straight road track marked with intervals. Runner completes track distance d in elapsed time t.,train
REC-00433,PHY-Class9-08-0433,MOTION_SPEED_DISTANCE_TIME,Class 9,Motion,Speed and Velocity (Distance-Time Relationship),A runner covers a distance of 60 meters in 3 seconds along a straight track. Calculate the speed of the runner.,Speed = Distance / Time = {d} m / {t} s. Speed is defined as distance covered per unit time.,Speed is 180 m/s because I multiplied distance by time (60 * 3 = 180).,MISC-MOT-001: Speed Distance Operation Inversion,conceptual_misconception,High,Multiplies distance by time instead of dividing.,True,motion_diagram,A straight road track marked with intervals. Runner completes track distance d in elapsed time t.,train
REC-00434,PHY-Class9-08-0434,MOTION_SPEED_DISTANCE_TIME,Class 9,Motion,Speed and Velocity (Distance-Time Relationship),A car travels a distance of 120 meters in 4 seconds. What is the speed of the car?,Speed = Distance / Time = {d} m / {t} s. Speed is defined as distance covered per unit time.,I calculated speed = 120 * 4 = 480 m/s.,MISC-MOT-001: Speed Distance Operation Inversion,conceptual_misconception,High,Multiplies distance by time instead of dividing.,True,motion_diagram,A straight road track marked with intervals. Runner completes track distance d in elapsed time t.,val
REC-00435,PHY-Class9-08-0435,MOTION_SPEED_DISTANCE_TIME,Class 9,Motion,Speed and Velocity (Distance-Time Relationship),An electric bicycle moves 450 meters in 9 seconds. Find its average speed.,Speed = Distance / Time = {d} m / {t} s. Speed is defined as distance covered per unit time.,"Speed = distance times time, so it equals 4050 m/s.",MISC-MOT-001: Speed Distance Operation Inversion,conceptual_misconception,High,Multiplies distance by time instead of dividing.,True,motion_diagram,A straight road track marked with intervals. Runner completes track distance d in elapsed time t.,train
REC-00436,PHY-Class9-08-0436,MOTION_SPEED_DISTANCE_TIME,Class 9,Motion,Speed and Velocity (Distance-Time Relationship),A toy cart moves along a smooth floor covering 80 meters in 2 seconds. Determine its speed.,Speed = Distance / Time = {d} m / {t} s. Speed is defined as distance covered per unit time.,Result: 160 m/s. Working: multiplied the two given numbers together.,MISC-MOT-001: Speed Distance Operation Inversion,conceptual_misconception,High,Multiplies distance by time instead of dividing.,True,motion_diagram,A straight road track marked with intervals. Runner completes track distance d in elapsed time t.,train
REC-00437,PHY-Class9-08-0437,MOTION_SPEED_DISTANCE_TIME,Class 9,Motion,Speed and Velocity (Distance-Time Relationship),A runner covers a distance of 100 meters in 5 seconds along a straight track. Calculate the speed of the runner.,Speed = Distance / Time = {d} m / {t} s. Speed is defined as distance covered per unit time.,Speed is 500 m/s because I multiplied distance by time (100 * 5 = 500).,MISC-MOT-001: Speed Distance Operation Inversion,conceptual_misconception,High,Multiplies distance by time instead of dividing.,True,motion_diagram,A straight road track marked with intervals. Runner completes track distance d in elapsed time t.,test
REC-00438,PHY-Class9-08-0438,MOTION_SPEED_DISTANCE_TIME,Class 9,Motion,Speed and Velocity (Distance-Time Relationship),A car travels a distance of 200 meters in 10 seconds. What is the speed of the car?,Speed = Distance / Time = {d} m / {t} s. Speed is defined as distance covered per unit time.,I calculated speed = 200 * 10 = 2000 m/s.,MISC-MOT-001: Speed Distance Operation Inversion,conceptual_misconception,High,Multiplies distance by time instead of dividing.,True,motion_diagram,A straight road track marked with intervals. Runner completes track distance d in elapsed time t.,test
REC-00439,PHY-Class9-08-0439,MOTION_SPEED_DISTANCE_TIME,Class 9,Motion,Speed and Velocity (Distance-Time Relationship),An electric bicycle moves 300 meters in 15 seconds. Find its average speed.,Speed = Distance / Time = {d} m / {t} s. Speed is defined as distance covered per unit time.,"Speed = distance times time, so it equals 4500 m/s.",MISC-MOT-001: Speed Distance Operation Inversion,conceptual_misconception,High,Multiplies distance by time instead of dividing.,True,motion_diagram,A straight road track marked with intervals. Runner completes track distance d in elapsed time t.,train
REC-00440,PHY-Class9-08-0440,MOTION_SPEED_DISTANCE_TIME,Class 9,Motion,Speed and Velocity (Distance-Time Relationship),A toy cart moves along a smooth floor covering 500 meters in 25 seconds. Determine its speed.,Speed = Distance / Time = {d} m / {t} s. Speed is defined as distance covered per unit time.,Result: 12500 m/s. Working: multiplied the two given numbers together.,MISC-MOT-001: Speed Distance Operation Inversion,conceptual_misconception,High,Multiplies distance by time instead of dividing.,True,motion_diagram,A straight road track marked with intervals. Runner completes track distance d in elapsed time t.,train
REC-00441,PHY-Class9-08-0441,MOTION_SPEED_DISTANCE_TIME,Class 9,Motion,Speed and Velocity (Distance-Time Relationship),A runner covers a distance of 60 meters in 3 seconds along a straight track. Calculate the speed of the runner.,Speed = Distance / Time = {d} m / {t} s. Speed is defined as distance covered per unit time.,Speed is 180 m/s because I multiplied distance by time (60 * 3 = 180).,MISC-MOT-001: Speed Distance Operation Inversion,conceptual_misconception,High,Multiplies distance by time instead of dividing.,True,motion_diagram,A straight road track marked with intervals. Runner completes track distance d in elapsed time t.,train
REC-00442,PHY-Class9-08-0442,MOTION_SPEED_DISTANCE_TIME,Class 9,Motion,Speed and Velocity (Distance-Time Relationship),A car travels a distance of 120 meters in 4 seconds. What is the speed of the car?,Speed = Distance / Time = {d} m / {t} s. Speed is defined as distance covered per unit time.,I calculated speed = 120 * 4 = 480 m/s.,MISC-MOT-001: Speed Distance Operation Inversion,conceptual_misconception,High,Multiplies distance by time instead of dividing.,True,motion_diagram,A straight road track marked with intervals. Runner completes track distance d in elapsed time t.,test
REC-00443,PHY-Class9-08-0443,MOTION_SPEED_DISTANCE_TIME,Class 9,Motion,Speed and Velocity (Distance-Time Relationship),An electric bicycle moves 450 meters in 9 seconds. Find its average speed.,Speed = Distance / Time = {d} m / {t} s. Speed is defined as distance covered per unit time.,"Speed = distance times time, so it equals 4050 m/s.",MISC-MOT-001: Speed Distance Operation Inversion,conceptual_misconception,High,Multiplies distance by time instead of dividing.,True,motion_diagram,A straight road track marked with intervals. Runner completes track distance d in elapsed time t.,val
REC-00444,PHY-Class9-08-0444,MOTION_SPEED_DISTANCE_TIME,Class 9,Motion,Speed and Velocity (Distance-Time Relationship),A toy cart moves along a smooth floor covering 80 meters in 2 seconds. Determine its speed.,Speed = Distance / Time = {d} m / {t} s. Speed is defined as distance covered per unit time.,Result: 160 m/s. Working: multiplied the two given numbers together.,MISC-MOT-001: Speed Distance Operation Inversion,conceptual_misconception,High,Multiplies distance by time instead of dividing.,True,motion_diagram,A straight road track marked with intervals. Runner completes track distance d in elapsed time t.,train
REC-00445,PHY-Class9-08-0445,MOTION_SPEED_DISTANCE_TIME,Class 9,Motion,Speed and Velocity (Distance-Time Relationship),A runner covers a distance of 100 meters in 5 seconds along a straight track. Calculate the speed of the runner.,Speed = Distance / Time = {d} m / {t} s. Speed is defined as distance covered per unit time.,Speed is 500 m/s because I multiplied distance by time (100 * 5 = 500).,MISC-MOT-001: Speed Distance Operation Inversion,conceptual_misconception,High,Multiplies distance by time instead of dividing.,True,motion_diagram,A straight road track marked with intervals. Runner completes track distance d in elapsed time t.,train
REC-00446,PHY-Class9-08-0446,MOTION_SPEED_DISTANCE_TIME,Class 9,Motion,Speed and Velocity (Distance-Time Relationship),A car travels a distance of 200 meters in 10 seconds. What is the speed of the car?,Speed = Distance / Time = {d} m / {t} s. Speed is defined as distance covered per unit time.,I calculated speed = 200 * 10 = 2000 m/s.,MISC-MOT-001: Speed Distance Operation Inversion,conceptual_misconception,High,Multiplies distance by time instead of dividing.,True,motion_diagram,A straight road track marked with intervals. Runner completes track distance d in elapsed time t.,train
REC-00447,PHY-Class9-08-0447,MOTION_SPEED_DISTANCE_TIME,Class 9,Motion,Speed and Velocity (Distance-Time Relationship),An electric bicycle moves 300 meters in 15 seconds. Find its average speed.,Speed = Distance / Time = {d} m / {t} s. Speed is defined as distance covered per unit time.,"Speed = distance times time, so it equals 4500 m/s.",MISC-MOT-001: Speed Distance Operation Inversion,conceptual_misconception,High,Multiplies distance by time instead of dividing.,True,motion_diagram,A straight road track marked with intervals. Runner completes track distance d in elapsed time t.,train
REC-00448,PHY-Class9-08-0448,MOTION_SPEED_DISTANCE_TIME,Class 9,Motion,Speed and Velocity (Distance-Time Relationship),A toy cart moves along a smooth floor covering 500 meters in 25 seconds. Determine its speed.,Speed = Distance / Time = {d} m / {t} s. Speed is defined as distance covered per unit time.,Result: 12500 m/s. Working: multiplied the two given numbers together.,MISC-MOT-001: Speed Distance Operation Inversion,conceptual_misconception,High,Multiplies distance by time instead of dividing.,True,motion_diagram,A straight road track marked with intervals. Runner completes track distance d in elapsed time t.,train
REC-00449,PHY-Class9-08-0449,MOTION_SPEED_DISTANCE_TIME,Class 9,Motion,Speed and Velocity (Distance-Time Relationship),A runner covers a distance of 60 meters in 3 seconds along a straight track. Calculate the speed of the runner.,Speed = Distance / Time = {d} m / {t} s. Speed is defined as distance covered per unit time.,Speed is 180 m/s because I multiplied distance by time (60 * 3 = 180).,MISC-MOT-001: Speed Distance Operation Inversion,conceptual_misconception,High,Multiplies distance by time instead of dividing.,True,motion_diagram,A straight road track marked with intervals. Runner completes track distance d in elapsed time t.,test
REC-00450,PHY-Class9-08-0450,MOTION_SPEED_DISTANCE_TIME,Class 9,Motion,Speed and Velocity (Distance-Time Relationship),A car travels a distance of 120 meters in 4 seconds. What is the speed of the car?,Speed = Distance / Time = {d} m / {t} s. Speed is defined as distance covered per unit time.,I calculated speed = 120 * 4 = 480 m/s.,MISC-MOT-001: Speed Distance Operation Inversion,conceptual_misconception,High,Multiplies distance by time instead of dividing.,True,motion_diagram,A straight road track marked with intervals. Runner completes track distance d in elapsed time t.,train
REC-00451,PHY-Class9-08-0451,MOTION_SPEED_DISTANCE_TIME,Class 9,Motion,Speed and Velocity (Distance-Time Relationship),An electric bicycle moves 450 meters in 9 seconds. Find its average speed.,Speed = Distance / Time = {d} m / {t} s. Speed is defined as distance covered per unit time.,"Speed = distance times time, so it equals 4050 m/s.",MISC-MOT-001: Speed Distance Operation Inversion,conceptual_misconception,High,Multiplies distance by time instead of dividing.,True,motion_diagram,A straight road track marked with intervals. Runner completes track distance d in elapsed time t.,val
REC-00452,PHY-Class9-08-0452,MOTION_SPEED_DISTANCE_TIME,Class 9,Motion,Speed and Velocity (Distance-Time Relationship),A toy cart moves along a smooth floor covering 80 meters in 2 seconds. Determine its speed.,Speed = Distance / Time = {d} m / {t} s. Speed is defined as distance covered per unit time.,Result: 160 m/s. Working: multiplied the two given numbers together.,MISC-MOT-001: Speed Distance Operation Inversion,conceptual_misconception,High,Multiplies distance by time instead of dividing.,True,motion_diagram,A straight road track marked with intervals. Runner completes track distance d in elapsed time t.,train
REC-00453,PHY-Class9-08-0453,MOTION_SPEED_DISTANCE_TIME,Class 9,Motion,Speed and Velocity (Distance-Time Relationship),A runner covers a distance of 100 meters in 5 seconds along a straight track. Calculate the speed of the runner.,Speed = Distance / Time = {d} m / {t} s. Speed is defined as distance covered per unit time.,Speed is 500 m/s because I multiplied distance by time (100 * 5 = 500).,MISC-MOT-001: Speed Distance Operation Inversion,conceptual_misconception,High,Multiplies distance by time instead of dividing.,True,motion_diagram,A straight road track marked with intervals. Runner completes track distance d in elapsed time t.,train
REC-00454,PHY-Class9-08-0454,MOTION_SPEED_DISTANCE_TIME,Class 9,Motion,Speed and Velocity (Distance-Time Relationship),A car travels a distance of 200 meters in 10 seconds. What is the speed of the car?,Speed = Distance / Time = {d} m / {t} s. Speed is defined as distance covered per unit time.,I calculated speed = 200 * 10 = 2000 m/s.,MISC-MOT-001: Speed Distance Operation Inversion,conceptual_misconception,High,Multiplies distance by time instead of dividing.,True,motion_diagram,A straight road track marked with intervals. Runner completes track distance d in elapsed time t.,train
REC-00455,PHY-Class9-08-0455,MOTION_SPEED_DISTANCE_TIME,Class 9,Motion,Speed and Velocity (Distance-Time Relationship),An electric bicycle moves 300 meters in 15 seconds. Find its average speed.,Speed = Distance / Time = {d} m / {t} s. Speed is defined as distance covered per unit time.,"Speed = distance times time, so it equals 4500 m/s.",MISC-MOT-001: Speed Distance Operation Inversion,conceptual_misconception,High,Multiplies distance by time instead of dividing.,True,motion_diagram,A straight road track marked with intervals. Runner completes track distance d in elapsed time t.,train
REC-00456,PHY-Class9-08-0456,MOTION_SPEED_DISTANCE_TIME,Class 9,Motion,Speed and Velocity (Distance-Time Relationship),A toy cart moves along a smooth floor covering 500 meters in 25 seconds. Determine its speed.,Speed = Distance / Time = {d} m / {t} s. Speed is defined as distance covered per unit time.,Result: 12500 m/s. Working: multiplied the two given numbers together.,MISC-MOT-001: Speed Distance Operation Inversion,conceptual_misconception,High,Multiplies distance by time instead of dividing.,True,motion_diagram,A straight road track marked with intervals. Runner completes track distance d in elapsed time t.,train
REC-00457,PHY-Class9-08-0457,MOTION_SPEED_DISTANCE_TIME,Class 9,Motion,Speed and Velocity (Distance-Time Relationship),A runner covers a distance of 100 meters in 5 seconds along a straight track. Calculate the speed of the runner.,Speed = Distance / Time = {d} m / {t} s. Speed is defined as distance covered per unit time.,Speed = Distance / Time = 100 m / 5 s = 20 m/s.,CORRECT: Scientifically Accurate Response,no_error,High,Rigorous scientific reasoning with valid physical principles and mathematical steps.,True,motion_diagram,A straight road track marked with intervals. Runner completes track distance d in elapsed time t.,train
REC-00458,PHY-Class9-08-0458,MOTION_SPEED_DISTANCE_TIME,Class 9,Motion,Speed and Velocity (Distance-Time Relationship),A car travels a distance of 200 meters in 10 seconds. What is the speed of the car?,Speed = Distance / Time = {d} m / {t} s. Speed is defined as distance covered per unit time.,Average speed is distance divided by elapsed time: 200 / 10 = 20 m/s.,CORRECT: Scientifically Accurate Response,no_error,High,Rigorous scientific reasoning with valid physical principles and mathematical steps.,True,motion_diagram,A straight road track marked with intervals. Runner completes track distance d in elapsed time t.,train
REC-00459,PHY-Class9-08-0459,MOTION_SPEED_DISTANCE_TIME,Class 9,Motion,Speed and Velocity (Distance-Time Relationship),An electric bicycle moves 300 meters in 15 seconds. Find its average speed.,Speed = Distance / Time = {d} m / {t} s. Speed is defined as distance covered per unit time.,"20 m/s, calculated using v = s / t.",CORRECT: Scientifically Accurate Response,no_error,High,Rigorous scientific reasoning with valid physical principles and mathematical steps.,True,motion_diagram,A straight road track marked with intervals. Runner completes track distance d in elapsed time t.,test
REC-00460,PHY-Class9-08-0460,MOTION_SPEED_DISTANCE_TIME,Class 9,Motion,Speed and Velocity (Distance-Time Relationship),A toy cart moves along a smooth floor covering 500 meters in 25 seconds. Determine its speed.,Speed = Distance / Time = {d} m / {t} s. Speed is defined as distance covered per unit time.,Speed = Distance / Time = 500 m / 25 s = 20 m/s.,CORRECT: Scientifically Accurate Response,no_error,High,Rigorous scientific reasoning with valid physical principles and mathematical steps.,True,motion_diagram,A straight road track marked with intervals. Runner completes track distance d in elapsed time t.,test
REC-00461,PHY-Class9-08-0461,MOTION_SPEED_DISTANCE_TIME,Class 9,Motion,Speed and Velocity (Distance-Time Relationship),A runner covers a distance of 60 meters in 3 seconds along a straight track. Calculate the speed of the runner.,Speed = Distance / Time = {d} m / {t} s. Speed is defined as distance covered per unit time.,Average speed is distance divided by elapsed time: 60 / 3 = 20 m/s.,CORRECT: Scientifically Accurate Response,no_error,High,Rigorous scientific reasoning with valid physical principles and mathematical steps.,True,motion_diagram,A straight road track marked with intervals. Runner completes track distance d in elapsed time t.,train
REC-00462,PHY-Class9-08-0462,MOTION_SPEED_DISTANCE_TIME,Class 9,Motion,Speed and Velocity (Distance-Time Relationship),A car travels a distance of 120 meters in 4 seconds. What is the speed of the car?,Speed = Distance / Time = {d} m / {t} s. Speed is defined as distance covered per unit time.,"30 m/s, calculated using v = s / t.",CORRECT: Scientifically Accurate Response,no_error,High,Rigorous scientific reasoning with valid physical principles and mathematical steps.,True,motion_diagram,A straight road track marked with intervals. Runner completes track distance d in elapsed time t.,train
REC-00463,PHY-Class9-08-0463,MOTION_SPEED_DISTANCE_TIME,Class 9,Motion,Speed and Velocity (Distance-Time Relationship),An electric bicycle moves 450 meters in 9 seconds. Find its average speed.,Speed = Distance / Time = {d} m / {t} s. Speed is defined as distance covered per unit time.,Speed = Distance / Time = 450 m / 9 s = 50 m/s.,CORRECT: Scientifically Accurate Response,no_error,High,Rigorous scientific reasoning with valid physical principles and mathematical steps.,True,motion_diagram,A straight road track marked with intervals. Runner completes track distance d in elapsed time t.,val
REC-00464,PHY-Class9-08-0464,MOTION_SPEED_DISTANCE_TIME,Class 9,Motion,Speed and Velocity (Distance-Time Relationship),A toy cart moves along a smooth floor covering 80 meters in 2 seconds. Determine its speed.,Speed = Distance / Time = {d} m / {t} s. Speed is defined as distance covered per unit time.,Average speed is distance divided by elapsed time: 80 / 2 = 40 m/s.,CORRECT: Scientifically Accurate Response,no_error,High,Rigorous scientific reasoning with valid physical principles and mathematical steps.,True,motion_diagram,A straight road track marked with intervals. Runner completes track distance d in elapsed time t.,train
REC-00465,PHY-Class9-08-0465,MOTION_SPEED_DISTANCE_TIME,Class 9,Motion,Speed and Velocity (Distance-Time Relationship),A runner covers a distance of 100 meters in 5 seconds along a straight track. Calculate the speed of the runner.,Speed = Distance / Time = {d} m / {t} s. Speed is defined as distance covered per unit time.,"20 m/s, calculated using v = s / t.",CORRECT: Scientifically Accurate Response,no_error,High,Rigorous scientific reasoning with valid physical principles and mathematical steps.,True,motion_diagram,A straight road track marked with intervals. Runner completes track distance d in elapsed time t.,train
REC-00466,PHY-Class9-08-0466,MOTION_SPEED_DISTANCE_TIME,Class 9,Motion,Speed and Velocity (Distance-Time Relationship),A car travels a distance of 200 meters in 10 seconds. What is the speed of the car?,Speed = Distance / Time = {d} m / {t} s. Speed is defined as distance covered per unit time.,Speed = Distance / Time = 200 m / 10 s = 20 m/s.,CORRECT: Scientifically Accurate Response,no_error,High,Rigorous scientific reasoning with valid physical principles and mathematical steps.,True,motion_diagram,A straight road track marked with intervals. Runner completes track distance d in elapsed time t.,train
REC-00467,PHY-Class9-08-0467,MOTION_SPEED_DISTANCE_TIME,Class 9,Motion,Speed and Velocity (Distance-Time Relationship),An electric bicycle moves 300 meters in 15 seconds. Find its average speed.,Speed = Distance / Time = {d} m / {t} s. Speed is defined as distance covered per unit time.,Average speed is distance divided by elapsed time: 300 / 15 = 20 m/s.,CORRECT: Scientifically Accurate Response,no_error,High,Rigorous scientific reasoning with valid physical principles and mathematical steps.,True,motion_diagram,A straight road track marked with intervals. Runner completes track distance d in elapsed time t.,val
REC-00468,PHY-Class9-08-0468,MOTION_SPEED_DISTANCE_TIME,Class 9,Motion,Speed and Velocity (Distance-Time Relationship),A toy cart moves along a smooth floor covering 500 meters in 25 seconds. Determine its speed.,Speed = Distance / Time = {d} m / {t} s. Speed is defined as distance covered per unit time.,"20 m/s, calculated using v = s / t.",CORRECT: Scientifically Accurate Response,no_error,High,Rigorous scientific reasoning with valid physical principles and mathematical steps.,True,motion_diagram,A straight road track marked with intervals. Runner completes track distance d in elapsed time t.,train
REC-00469,PHY-Class9-08-0469,MOTION_SPEED_DISTANCE_TIME,Class 9,Motion,Speed and Velocity (Distance-Time Relationship),A runner covers a distance of 100 meters in 5 seconds along a straight track. Calculate the speed of the runner.,Speed = Distance / Time = {d} m / {t} s. Speed is defined as distance covered per unit time.,Speed = 100 / 5 = 150.0 m/s (mental arithmetic slip on division).,CARELESS_CALCULATION_ERROR,calculation_slip,Medium,Conceptual formula choice is correct; error is isolated to an arithmetic slip.,True,motion_diagram,A straight road track marked with intervals. Runner completes track distance d in elapsed time t.,val
REC-00470,PHY-Class9-08-0470,MOTION_SPEED_DISTANCE_TIME,Class 9,Motion,Speed and Velocity (Distance-Time Relationship),A car travels a distance of 200 meters in 10 seconds. What is the speed of the car?,Speed = Distance / Time = {d} m / {t} s. Speed is defined as distance covered per unit time.,"Set up 100 / 5 properly, but wrote 25 m/s by mistake.",CARELESS_CALCULATION_ERROR,calculation_slip,Medium,Conceptual formula choice is correct; error is isolated to an arithmetic slip.,True,motion_diagram,A straight road track marked with intervals. Runner completes track distance d in elapsed time t.,train
REC-00471,PHY-Class9-08-0471,MOTION_SPEED_DISTANCE_TIME,Class 9,Motion,Speed and Velocity (Distance-Time Relationship),An electric bicycle moves 300 meters in 15 seconds. Find its average speed.,Speed = Distance / Time = {d} m / {t} s. Speed is defined as distance covered per unit time.,Speed = 300 / 15 = 450.0 m/s (mental arithmetic slip on division).,CARELESS_CALCULATION_ERROR,calculation_slip,Medium,Conceptual formula choice is correct; error is isolated to an arithmetic slip.,True,motion_diagram,A straight road track marked with intervals. Runner completes track distance d in elapsed time t.,test
REC-00472,PHY-Class9-08-0472,MOTION_SPEED_DISTANCE_TIME,Class 9,Motion,Speed and Velocity (Distance-Time Relationship),A toy cart moves along a smooth floor covering 500 meters in 25 seconds. Determine its speed.,Speed = Distance / Time = {d} m / {t} s. Speed is defined as distance covered per unit time.,"Set up 100 / 5 properly, but wrote 25 m/s by mistake.",CARELESS_CALCULATION_ERROR,calculation_slip,Medium,Conceptual formula choice is correct; error is isolated to an arithmetic slip.,True,motion_diagram,A straight road track marked with intervals. Runner completes track distance d in elapsed time t.,train
REC-00473,PHY-Class9-08-0473,MOTION_SPEED_DISTANCE_TIME,Class 9,Motion,Speed and Velocity (Distance-Time Relationship),A runner covers a distance of 100 meters in 5 seconds along a straight track. Calculate the speed of the runner.,Speed = Distance / Time = {d} m / {t} s. Speed is defined as distance covered per unit time.,Speed is 20 m/s^2 (used acceleration units for speed).,UNIT_CONVERSION_ERROR,unit_error,High,"Numerical reasoning is sound, but units were omitted or confused with another physical quantity.",True,motion_diagram,A straight road track marked with intervals. Runner completes track distance d in elapsed time t.,val
REC-00474,PHY-Class9-08-0474,MOTION_SPEED_DISTANCE_TIME,Class 9,Motion,Speed and Velocity (Distance-Time Relationship),A car travels a distance of 200 meters in 10 seconds. What is the speed of the car?,Speed = Distance / Time = {d} m / {t} s. Speed is defined as distance covered per unit time.,Result is 20 seconds instead of m/s.,UNIT_CONVERSION_ERROR,unit_error,High,"Numerical reasoning is sound, but units were omitted or confused with another physical quantity.",True,motion_diagram,A straight road track marked with intervals. Runner completes track distance d in elapsed time t.,train
REC-00475,PHY-Class9-08-0475,MOTION_SPEED_DISTANCE_TIME,Class 9,Motion,Speed and Velocity (Distance-Time Relationship),An electric bicycle moves 300 meters in 15 seconds. Find its average speed.,Speed = Distance / Time = {d} m / {t} s. Speed is defined as distance covered per unit time.,Speed is 20 m/s^2 (used acceleration units for speed).,UNIT_CONVERSION_ERROR,unit_error,High,"Numerical reasoning is sound, but units were omitted or confused with another physical quantity.",True,motion_diagram,A straight road track marked with intervals. Runner completes track distance d in elapsed time t.,train
REC-00476,PHY-Class9-08-0476,MOTION_SPEED_DISTANCE_TIME,Class 9,Motion,Speed and Velocity (Distance-Time Relationship),A toy cart moves along a smooth floor covering 500 meters in 25 seconds. Determine its speed.,Speed = Distance / Time = {d} m / {t} s. Speed is defined as distance covered per unit time.,Result is 20 seconds instead of m/s.,UNIT_CONVERSION_ERROR,unit_error,High,"Numerical reasoning is sound, but units were omitted or confused with another physical quantity.",True,motion_diagram,A straight road track marked with intervals. Runner completes track distance d in elapsed time t.,test
REC-00477,PHY-Class9-08-0477,MOTION_SPEED_DISTANCE_TIME,Class 9,Motion,Speed and Velocity (Distance-Time Relationship),A runner covers a distance of 100 meters in 5 seconds along a straight track. Calculate the speed of the runner.,Speed = Distance / Time = {d} m / {t} s. Speed is defined as distance covered per unit time.,"I think the speed is around 20, but not sure whether to multiply or divide.",UNSURE_INSUFFICIENT_EVIDENCE,guessing_unclear,Low,Student response contains minimal reasoning or expresses explicit uncertainty; requires diagnostic probe.,True,motion_diagram,A straight road track marked with intervals. Runner completes track distance d in elapsed time t.,val
REC-00478,PHY-Class9-08-0478,MOTION_SPEED_DISTANCE_TIME,Class 9,Motion,Speed and Velocity (Distance-Time Relationship),A car travels a distance of 200 meters in 10 seconds. What is the speed of the car?,Speed = Distance / Time = {d} m / {t} s. Speed is defined as distance covered per unit time.,Unclear about the formula for speed.,UNSURE_INSUFFICIENT_EVIDENCE,guessing_unclear,Low,Student response contains minimal reasoning or expresses explicit uncertainty; requires diagnostic probe.,True,motion_diagram,A straight road track marked with intervals. Runner completes track distance d in elapsed time t.,test
REC-00479,PHY-Class9-08-0479,MOTION_SPEED_DISTANCE_TIME,Class 9,Motion,Speed and Velocity (Distance-Time Relationship),An electric bicycle moves 300 meters in 15 seconds. Find its average speed.,Speed = Distance / Time = {d} m / {t} s. Speed is defined as distance covered per unit time.,"I think the speed is around 20, but not sure whether to multiply or divide.",UNSURE_INSUFFICIENT_EVIDENCE,guessing_unclear,Low,Student response contains minimal reasoning or expresses explicit uncertainty; requires diagnostic probe.,True,motion_diagram,A straight road track marked with intervals. Runner completes track distance d in elapsed time t.,train
REC-00480,PHY-Class9-08-0480,MOTION_SPEED_DISTANCE_TIME,Class 9,Motion,Speed and Velocity (Distance-Time Relationship),A toy cart moves along a smooth floor covering 500 meters in 25 seconds. Determine its speed.,Speed = Distance / Time = {d} m / {t} s. Speed is defined as distance covered per unit time.,Unclear about the formula for speed.,UNSURE_INSUFFICIENT_EVIDENCE,guessing_unclear,Low,Student response contains minimal reasoning or expresses explicit uncertainty; requires diagnostic probe.,True,motion_diagram,A straight road track marked with intervals. Runner completes track distance d in elapsed time t.,train
REC-00481,PHY-Class9-09-0481,MOTION_SPEED_VS_ACCELERATION,Class 9,Motion,Acceleration vs Speed / Velocity,A vehicle moves at a steady constant speed of 20 m/s for 10 seconds. What is the acceleration of the vehicle?,"Acceleration is the rate of change of velocity: a = (v - u) / t. Because velocity is uniform (v = u), delta v = 0, so acceleration is 0 m/s^2.",Acceleration is 20 m/s^2 because the vehicle is moving fast at 20 m/s.,MISC-MOT-002: Speed-Acceleration Conflation,conceptual_misconception,High,Conflates speed with acceleration; assumes high speed means high acceleration or divides speed by total time.,True,v_t_graph,Velocity-time graph showing a horizontal line at constant velocity v for time interval t.,train
REC-00482,PHY-Class9-09-0482,MOTION_SPEED_VS_ACCELERATION,Class 9,Motion,Acceleration vs Speed / Velocity,"Looking at the horizontal flat line on a velocity-time graph at v = 30 m/s for 5 seconds, what is the acceleration?","Acceleration is the rate of change of velocity: a = (v - u) / t. Because velocity is uniform (v = u), delta v = 0, so acceleration is 0 m/s^2.",Acceleration = 30 / 5 = 6 m/s^2 (divided speed by time without checking change in velocity).,MISC-MOT-002: Speed-Acceleration Conflation,conceptual_misconception,High,Conflates speed with acceleration; assumes high speed means high acceleration or divides speed by total time.,True,v_t_graph,Velocity-time graph showing a horizontal line at constant velocity v for time interval t.,test
REC-00483,PHY-Class9-09-0483,MOTION_SPEED_VS_ACCELERATION,Class 9,Motion,Acceleration vs Speed / Velocity,A train moves along a straight rail at uniform velocity of 15 m/s for 6 s. Determine its acceleration.,"Acceleration is the rate of change of velocity: a = (v - u) / t. Because velocity is uniform (v = u), delta v = 0, so acceleration is 0 m/s^2.","High speed means high acceleration, so acceleration is 15 m/s^2.",MISC-MOT-002: Speed-Acceleration Conflation,conceptual_misconception,High,Conflates speed with acceleration; assumes high speed means high acceleration or divides speed by total time.,True,v_t_graph,Velocity-time graph showing a horizontal line at constant velocity v for time interval t.,val
REC-00484,PHY-Class9-09-0484,MOTION_SPEED_VS_ACCELERATION,Class 9,Motion,Acceleration vs Speed / Velocity,A vehicle moves at a steady constant speed of 25 m/s for 8 seconds. What is the acceleration of the vehicle?,"Acceleration is the rate of change of velocity: a = (v - u) / t. Because velocity is uniform (v = u), delta v = 0, so acceleration is 0 m/s^2.",Acceleration cannot be zero because the car is traveling forward at 25 m/s.,MISC-MOT-002: Speed-Acceleration Conflation,conceptual_misconception,High,Conflates speed with acceleration; assumes high speed means high acceleration or divides speed by total time.,True,v_t_graph,Velocity-time graph showing a horizontal line at constant velocity v for time interval t.,train
REC-00485,PHY-Class9-09-0485,MOTION_SPEED_VS_ACCELERATION,Class 9,Motion,Acceleration vs Speed / Velocity,"Looking at the horizontal flat line on a velocity-time graph at v = 40 m/s for 4 seconds, what is the acceleration?","Acceleration is the rate of change of velocity: a = (v - u) / t. Because velocity is uniform (v = u), delta v = 0, so acceleration is 0 m/s^2.",Acceleration is 40 m/s^2 because the vehicle is moving fast at 40 m/s.,MISC-MOT-002: Speed-Acceleration Conflation,conceptual_misconception,High,Conflates speed with acceleration; assumes high speed means high acceleration or divides speed by total time.,True,v_t_graph,Velocity-time graph showing a horizontal line at constant velocity v for time interval t.,train
REC-00486,PHY-Class9-09-0486,MOTION_SPEED_VS_ACCELERATION,Class 9,Motion,Acceleration vs Speed / Velocity,A train moves along a straight rail at uniform velocity of 50 m/s for 10 s. Determine its acceleration.,"Acceleration is the rate of change of velocity: a = (v - u) / t. Because velocity is uniform (v = u), delta v = 0, so acceleration is 0 m/s^2.",Acceleration = 50 / 10 = 5 m/s^2 (divided speed by time without checking change in velocity).,MISC-MOT-002: Speed-Acceleration Conflation,conceptual_misconception,High,Conflates speed with acceleration; assumes high speed means high acceleration or divides speed by total time.,True,v_t_graph,Velocity-time graph showing a horizontal line at constant velocity v for time interval t.,train
REC-00487,PHY-Class9-09-0487,MOTION_SPEED_VS_ACCELERATION,Class 9,Motion,Acceleration vs Speed / Velocity,A vehicle moves at a steady constant speed of 20 m/s for 10 seconds. What is the acceleration of the vehicle?,"Acceleration is the rate of change of velocity: a = (v - u) / t. Because velocity is uniform (v = u), delta v = 0, so acceleration is 0 m/s^2.","High speed means high acceleration, so acceleration is 20 m/s^2.",MISC-MOT-002: Speed-Acceleration Conflation,conceptual_misconception,High,Conflates speed with acceleration; assumes high speed means high acceleration or divides speed by total time.,True,v_t_graph,Velocity-time graph showing a horizontal line at constant velocity v for time interval t.,val
REC-00488,PHY-Class9-09-0488,MOTION_SPEED_VS_ACCELERATION,Class 9,Motion,Acceleration vs Speed / Velocity,"Looking at the horizontal flat line on a velocity-time graph at v = 30 m/s for 5 seconds, what is the acceleration?","Acceleration is the rate of change of velocity: a = (v - u) / t. Because velocity is uniform (v = u), delta v = 0, so acceleration is 0 m/s^2.",Acceleration cannot be zero because the car is traveling forward at 30 m/s.,MISC-MOT-002: Speed-Acceleration Conflation,conceptual_misconception,High,Conflates speed with acceleration; assumes high speed means high acceleration or divides speed by total time.,True,v_t_graph,Velocity-time graph showing a horizontal line at constant velocity v for time interval t.,train
REC-00489,PHY-Class9-09-0489,MOTION_SPEED_VS_ACCELERATION,Class 9,Motion,Acceleration vs Speed / Velocity,A train moves along a straight rail at uniform velocity of 15 m/s for 6 s. Determine its acceleration.,"Acceleration is the rate of change of velocity: a = (v - u) / t. Because velocity is uniform (v = u), delta v = 0, so acceleration is 0 m/s^2.",Acceleration is 15 m/s^2 because the vehicle is moving fast at 15 m/s.,MISC-MOT-002: Speed-Acceleration Conflation,conceptual_misconception,High,Conflates speed with acceleration; assumes high speed means high acceleration or divides speed by total time.,True,v_t_graph,Velocity-time graph showing a horizontal line at constant velocity v for time interval t.,val
REC-00490,PHY-Class9-09-0490,MOTION_SPEED_VS_ACCELERATION,Class 9,Motion,Acceleration vs Speed / Velocity,A vehicle moves at a steady constant speed of 25 m/s for 8 seconds. What is the acceleration of the vehicle?,"Acceleration is the rate of change of velocity: a = (v - u) / t. Because velocity is uniform (v = u), delta v = 0, so acceleration is 0 m/s^2.",Acceleration = 25 / 8 = 3.1 m/s^2 (divided speed by time without checking change in velocity).,MISC-MOT-002: Speed-Acceleration Conflation,conceptual_misconception,High,Conflates speed with acceleration; assumes high speed means high acceleration or divides speed by total time.,True,v_t_graph,Velocity-time graph showing a horizontal line at constant velocity v for time interval t.,train
REC-00491,PHY-Class9-09-0491,MOTION_SPEED_VS_ACCELERATION,Class 9,Motion,Acceleration vs Speed / Velocity,"Looking at the horizontal flat line on a velocity-time graph at v = 40 m/s for 4 seconds, what is the acceleration?","Acceleration is the rate of change of velocity: a = (v - u) / t. Because velocity is uniform (v = u), delta v = 0, so acceleration is 0 m/s^2.","High speed means high acceleration, so acceleration is 40 m/s^2.",MISC-MOT-002: Speed-Acceleration Conflation,conceptual_misconception,High,Conflates speed with acceleration; assumes high speed means high acceleration or divides speed by total time.,True,v_t_graph,Velocity-time graph showing a horizontal line at constant velocity v for time interval t.,val
REC-00492,PHY-Class9-09-0492,MOTION_SPEED_VS_ACCELERATION,Class 9,Motion,Acceleration vs Speed / Velocity,A train moves along a straight rail at uniform velocity of 50 m/s for 10 s. Determine its acceleration.,"Acceleration is the rate of change of velocity: a = (v - u) / t. Because velocity is uniform (v = u), delta v = 0, so acceleration is 0 m/s^2.",Acceleration cannot be zero because the car is traveling forward at 50 m/s.,MISC-MOT-002: Speed-Acceleration Conflation,conceptual_misconception,High,Conflates speed with acceleration; assumes high speed means high acceleration or divides speed by total time.,True,v_t_graph,Velocity-time graph showing a horizontal line at constant velocity v for time interval t.,train
REC-00493,PHY-Class9-09-0493,MOTION_SPEED_VS_ACCELERATION,Class 9,Motion,Acceleration vs Speed / Velocity,A vehicle moves at a steady constant speed of 20 m/s for 10 seconds. What is the acceleration of the vehicle?,"Acceleration is the rate of change of velocity: a = (v - u) / t. Because velocity is uniform (v = u), delta v = 0, so acceleration is 0 m/s^2.",Acceleration is 20 m/s^2 because the vehicle is moving fast at 20 m/s.,MISC-MOT-002: Speed-Acceleration Conflation,conceptual_misconception,High,Conflates speed with acceleration; assumes high speed means high acceleration or divides speed by total time.,True,v_t_graph,Velocity-time graph showing a horizontal line at constant velocity v for time interval t.,val
REC-00494,PHY-Class9-09-0494,MOTION_SPEED_VS_ACCELERATION,Class 9,Motion,Acceleration vs Speed / Velocity,"Looking at the horizontal flat line on a velocity-time graph at v = 30 m/s for 5 seconds, what is the acceleration?","Acceleration is the rate of change of velocity: a = (v - u) / t. Because velocity is uniform (v = u), delta v = 0, so acceleration is 0 m/s^2.",Acceleration = 30 / 5 = 6 m/s^2 (divided speed by time without checking change in velocity).,MISC-MOT-002: Speed-Acceleration Conflation,conceptual_misconception,High,Conflates speed with acceleration; assumes high speed means high acceleration or divides speed by total time.,True,v_t_graph,Velocity-time graph showing a horizontal line at constant velocity v for time interval t.,train
REC-00495,PHY-Class9-09-0495,MOTION_SPEED_VS_ACCELERATION,Class 9,Motion,Acceleration vs Speed / Velocity,A train moves along a straight rail at uniform velocity of 15 m/s for 6 s. Determine its acceleration.,"Acceleration is the rate of change of velocity: a = (v - u) / t. Because velocity is uniform (v = u), delta v = 0, so acceleration is 0 m/s^2.","High speed means high acceleration, so acceleration is 15 m/s^2.",MISC-MOT-002: Speed-Acceleration Conflation,conceptual_misconception,High,Conflates speed with acceleration; assumes high speed means high acceleration or divides speed by total time.,True,v_t_graph,Velocity-time graph showing a horizontal line at constant velocity v for time interval t.,test
REC-00496,PHY-Class9-09-0496,MOTION_SPEED_VS_ACCELERATION,Class 9,Motion,Acceleration vs Speed / Velocity,A vehicle moves at a steady constant speed of 25 m/s for 8 seconds. What is the acceleration of the vehicle?,"Acceleration is the rate of change of velocity: a = (v - u) / t. Because velocity is uniform (v = u), delta v = 0, so acceleration is 0 m/s^2.",Acceleration cannot be zero because the car is traveling forward at 25 m/s.,MISC-MOT-002: Speed-Acceleration Conflation,conceptual_misconception,High,Conflates speed with acceleration; assumes high speed means high acceleration or divides speed by total time.,True,v_t_graph,Velocity-time graph showing a horizontal line at constant velocity v for time interval t.,train
REC-00497,PHY-Class9-09-0497,MOTION_SPEED_VS_ACCELERATION,Class 9,Motion,Acceleration vs Speed / Velocity,"Looking at the horizontal flat line on a velocity-time graph at v = 40 m/s for 4 seconds, what is the acceleration?","Acceleration is the rate of change of velocity: a = (v - u) / t. Because velocity is uniform (v = u), delta v = 0, so acceleration is 0 m/s^2.",Acceleration is 40 m/s^2 because the vehicle is moving fast at 40 m/s.,MISC-MOT-002: Speed-Acceleration Conflation,conceptual_misconception,High,Conflates speed with acceleration; assumes high speed means high acceleration or divides speed by total time.,True,v_t_graph,Velocity-time graph showing a horizontal line at constant velocity v for time interval t.,train
REC-00498,PHY-Class9-09-0498,MOTION_SPEED_VS_ACCELERATION,Class 9,Motion,Acceleration vs Speed / Velocity,A train moves along a straight rail at uniform velocity of 50 m/s for 10 s. Determine its acceleration.,"Acceleration is the rate of change of velocity: a = (v - u) / t. Because velocity is uniform (v = u), delta v = 0, so acceleration is 0 m/s^2.",Acceleration = 50 / 10 = 5 m/s^2 (divided speed by time without checking change in velocity).,MISC-MOT-002: Speed-Acceleration Conflation,conceptual_misconception,High,Conflates speed with acceleration; assumes high speed means high acceleration or divides speed by total time.,True,v_t_graph,Velocity-time graph showing a horizontal line at constant velocity v for time interval t.,train
REC-00499,PHY-Class9-09-0499,MOTION_SPEED_VS_ACCELERATION,Class 9,Motion,Acceleration vs Speed / Velocity,A vehicle moves at a steady constant speed of 20 m/s for 10 seconds. What is the acceleration of the vehicle?,"Acceleration is the rate of change of velocity: a = (v - u) / t. Because velocity is uniform (v = u), delta v = 0, so acceleration is 0 m/s^2.","High speed means high acceleration, so acceleration is 20 m/s^2.",MISC-MOT-002: Speed-Acceleration Conflation,conceptual_misconception,High,Conflates speed with acceleration; assumes high speed means high acceleration or divides speed by total time.,True,v_t_graph,Velocity-time graph showing a horizontal line at constant velocity v for time interval t.,train
REC-00500,PHY-Class9-09-0500,MOTION_SPEED_VS_ACCELERATION,Class 9,Motion,Acceleration vs Speed / Velocity,"Looking at the horizontal flat line on a velocity-time graph at v = 30 m/s for 5 seconds, what is the acceleration?","Acceleration is the rate of change of velocity: a = (v - u) / t. Because velocity is uniform (v = u), delta v = 0, so acceleration is 0 m/s^2.",Acceleration cannot be zero because the car is traveling forward at 30 m/s.,MISC-MOT-002: Speed-Acceleration Conflation,conceptual_misconception,High,Conflates speed with acceleration; assumes high speed means high acceleration or divides speed by total time.,True,v_t_graph,Velocity-time graph showing a horizontal line at constant velocity v for time interval t.,test
REC-00501,PHY-Class9-09-0501,MOTION_SPEED_VS_ACCELERATION,Class 9,Motion,Acceleration vs Speed / Velocity,A train moves along a straight rail at uniform velocity of 15 m/s for 6 s. Determine its acceleration.,"Acceleration is the rate of change of velocity: a = (v - u) / t. Because velocity is uniform (v = u), delta v = 0, so acceleration is 0 m/s^2.",Acceleration is 15 m/s^2 because the vehicle is moving fast at 15 m/s.,MISC-MOT-002: Speed-Acceleration Conflation,conceptual_misconception,High,Conflates speed with acceleration; assumes high speed means high acceleration or divides speed by total time.,True,v_t_graph,Velocity-time graph showing a horizontal line at constant velocity v for time interval t.,train
REC-00502,PHY-Class9-09-0502,MOTION_SPEED_VS_ACCELERATION,Class 9,Motion,Acceleration vs Speed / Velocity,A vehicle moves at a steady constant speed of 25 m/s for 8 seconds. What is the acceleration of the vehicle?,"Acceleration is the rate of change of velocity: a = (v - u) / t. Because velocity is uniform (v = u), delta v = 0, so acceleration is 0 m/s^2.",Acceleration = 25 / 8 = 3.1 m/s^2 (divided speed by time without checking change in velocity).,MISC-MOT-002: Speed-Acceleration Conflation,conceptual_misconception,High,Conflates speed with acceleration; assumes high speed means high acceleration or divides speed by total time.,True,v_t_graph,Velocity-time graph showing a horizontal line at constant velocity v for time interval t.,test
REC-00503,PHY-Class9-09-0503,MOTION_SPEED_VS_ACCELERATION,Class 9,Motion,Acceleration vs Speed / Velocity,"Looking at the horizontal flat line on a velocity-time graph at v = 40 m/s for 4 seconds, what is the acceleration?","Acceleration is the rate of change of velocity: a = (v - u) / t. Because velocity is uniform (v = u), delta v = 0, so acceleration is 0 m/s^2.","High speed means high acceleration, so acceleration is 40 m/s^2.",MISC-MOT-002: Speed-Acceleration Conflation,conceptual_misconception,High,Conflates speed with acceleration; assumes high speed means high acceleration or divides speed by total time.,True,v_t_graph,Velocity-time graph showing a horizontal line at constant velocity v for time interval t.,test
REC-00504,PHY-Class9-09-0504,MOTION_SPEED_VS_ACCELERATION,Class 9,Motion,Acceleration vs Speed / Velocity,A train moves along a straight rail at uniform velocity of 50 m/s for 10 s. Determine its acceleration.,"Acceleration is the rate of change of velocity: a = (v - u) / t. Because velocity is uniform (v = u), delta v = 0, so acceleration is 0 m/s^2.",Acceleration cannot be zero because the car is traveling forward at 50 m/s.,MISC-MOT-002: Speed-Acceleration Conflation,conceptual_misconception,High,Conflates speed with acceleration; assumes high speed means high acceleration or divides speed by total time.,True,v_t_graph,Velocity-time graph showing a horizontal line at constant velocity v for time interval t.,train
REC-00505,PHY-Class9-09-0505,MOTION_SPEED_VS_ACCELERATION,Class 9,Motion,Acceleration vs Speed / Velocity,A vehicle moves at a steady constant speed of 20 m/s for 10 seconds. What is the acceleration of the vehicle?,"Acceleration is the rate of change of velocity: a = (v - u) / t. Because velocity is uniform (v = u), delta v = 0, so acceleration is 0 m/s^2.",Acceleration is 20 m/s^2 because the vehicle is moving fast at 20 m/s.,MISC-MOT-002: Speed-Acceleration Conflation,conceptual_misconception,High,Conflates speed with acceleration; assumes high speed means high acceleration or divides speed by total time.,True,v_t_graph,Velocity-time graph showing a horizontal line at constant velocity v for time interval t.,train
REC-00506,PHY-Class9-09-0506,MOTION_SPEED_VS_ACCELERATION,Class 9,Motion,Acceleration vs Speed / Velocity,"Looking at the horizontal flat line on a velocity-time graph at v = 30 m/s for 5 seconds, what is the acceleration?","Acceleration is the rate of change of velocity: a = (v - u) / t. Because velocity is uniform (v = u), delta v = 0, so acceleration is 0 m/s^2.",Acceleration = 30 / 5 = 6 m/s^2 (divided speed by time without checking change in velocity).,MISC-MOT-002: Speed-Acceleration Conflation,conceptual_misconception,High,Conflates speed with acceleration; assumes high speed means high acceleration or divides speed by total time.,True,v_t_graph,Velocity-time graph showing a horizontal line at constant velocity v for time interval t.,train
REC-00507,PHY-Class9-09-0507,MOTION_SPEED_VS_ACCELERATION,Class 9,Motion,Acceleration vs Speed / Velocity,A train moves along a straight rail at uniform velocity of 15 m/s for 6 s. Determine its acceleration.,"Acceleration is the rate of change of velocity: a = (v - u) / t. Because velocity is uniform (v = u), delta v = 0, so acceleration is 0 m/s^2.","High speed means high acceleration, so acceleration is 15 m/s^2.",MISC-MOT-002: Speed-Acceleration Conflation,conceptual_misconception,High,Conflates speed with acceleration; assumes high speed means high acceleration or divides speed by total time.,True,v_t_graph,Velocity-time graph showing a horizontal line at constant velocity v for time interval t.,train
REC-00508,PHY-Class9-09-0508,MOTION_SPEED_VS_ACCELERATION,Class 9,Motion,Acceleration vs Speed / Velocity,A vehicle moves at a steady constant speed of 25 m/s for 8 seconds. What is the acceleration of the vehicle?,"Acceleration is the rate of change of velocity: a = (v - u) / t. Because velocity is uniform (v = u), delta v = 0, so acceleration is 0 m/s^2.",Acceleration cannot be zero because the car is traveling forward at 25 m/s.,MISC-MOT-002: Speed-Acceleration Conflation,conceptual_misconception,High,Conflates speed with acceleration; assumes high speed means high acceleration or divides speed by total time.,True,v_t_graph,Velocity-time graph showing a horizontal line at constant velocity v for time interval t.,train
REC-00509,PHY-Class9-09-0509,MOTION_SPEED_VS_ACCELERATION,Class 9,Motion,Acceleration vs Speed / Velocity,"Looking at the horizontal flat line on a velocity-time graph at v = 40 m/s for 4 seconds, what is the acceleration?","Acceleration is the rate of change of velocity: a = (v - u) / t. Because velocity is uniform (v = u), delta v = 0, so acceleration is 0 m/s^2.",Acceleration is 40 m/s^2 because the vehicle is moving fast at 40 m/s.,MISC-MOT-002: Speed-Acceleration Conflation,conceptual_misconception,High,Conflates speed with acceleration; assumes high speed means high acceleration or divides speed by total time.,True,v_t_graph,Velocity-time graph showing a horizontal line at constant velocity v for time interval t.,train
REC-00510,PHY-Class9-09-0510,MOTION_SPEED_VS_ACCELERATION,Class 9,Motion,Acceleration vs Speed / Velocity,A train moves along a straight rail at uniform velocity of 50 m/s for 10 s. Determine its acceleration.,"Acceleration is the rate of change of velocity: a = (v - u) / t. Because velocity is uniform (v = u), delta v = 0, so acceleration is 0 m/s^2.",Acceleration = 50 / 10 = 5 m/s^2 (divided speed by time without checking change in velocity).,MISC-MOT-002: Speed-Acceleration Conflation,conceptual_misconception,High,Conflates speed with acceleration; assumes high speed means high acceleration or divides speed by total time.,True,v_t_graph,Velocity-time graph showing a horizontal line at constant velocity v for time interval t.,train
REC-00511,PHY-Class9-09-0511,MOTION_SPEED_VS_ACCELERATION,Class 9,Motion,Acceleration vs Speed / Velocity,A vehicle moves at a steady constant speed of 20 m/s for 10 seconds. What is the acceleration of the vehicle?,"Acceleration is the rate of change of velocity: a = (v - u) / t. Because velocity is uniform (v = u), delta v = 0, so acceleration is 0 m/s^2.","High speed means high acceleration, so acceleration is 20 m/s^2.",MISC-MOT-002: Speed-Acceleration Conflation,conceptual_misconception,High,Conflates speed with acceleration; assumes high speed means high acceleration or divides speed by total time.,True,v_t_graph,Velocity-time graph showing a horizontal line at constant velocity v for time interval t.,train
REC-00512,PHY-Class9-09-0512,MOTION_SPEED_VS_ACCELERATION,Class 9,Motion,Acceleration vs Speed / Velocity,"Looking at the horizontal flat line on a velocity-time graph at v = 30 m/s for 5 seconds, what is the acceleration?","Acceleration is the rate of change of velocity: a = (v - u) / t. Because velocity is uniform (v = u), delta v = 0, so acceleration is 0 m/s^2.",Acceleration cannot be zero because the car is traveling forward at 30 m/s.,MISC-MOT-002: Speed-Acceleration Conflation,conceptual_misconception,High,Conflates speed with acceleration; assumes high speed means high acceleration or divides speed by total time.,True,v_t_graph,Velocity-time graph showing a horizontal line at constant velocity v for time interval t.,train
REC-00513,PHY-Class9-09-0513,MOTION_SPEED_VS_ACCELERATION,Class 9,Motion,Acceleration vs Speed / Velocity,A train moves along a straight rail at uniform velocity of 15 m/s for 6 s. Determine its acceleration.,"Acceleration is the rate of change of velocity: a = (v - u) / t. Because velocity is uniform (v = u), delta v = 0, so acceleration is 0 m/s^2.",Acceleration is 15 m/s^2 because the vehicle is moving fast at 15 m/s.,MISC-MOT-002: Speed-Acceleration Conflation,conceptual_misconception,High,Conflates speed with acceleration; assumes high speed means high acceleration or divides speed by total time.,True,v_t_graph,Velocity-time graph showing a horizontal line at constant velocity v for time interval t.,train
REC-00514,PHY-Class9-09-0514,MOTION_SPEED_VS_ACCELERATION,Class 9,Motion,Acceleration vs Speed / Velocity,A vehicle moves at a steady constant speed of 25 m/s for 8 seconds. What is the acceleration of the vehicle?,"Acceleration is the rate of change of velocity: a = (v - u) / t. Because velocity is uniform (v = u), delta v = 0, so acceleration is 0 m/s^2.",Acceleration = 25 / 8 = 3.1 m/s^2 (divided speed by time without checking change in velocity).,MISC-MOT-002: Speed-Acceleration Conflation,conceptual_misconception,High,Conflates speed with acceleration; assumes high speed means high acceleration or divides speed by total time.,True,v_t_graph,Velocity-time graph showing a horizontal line at constant velocity v for time interval t.,test
REC-00515,PHY-Class9-09-0515,MOTION_SPEED_VS_ACCELERATION,Class 9,Motion,Acceleration vs Speed / Velocity,"Looking at the horizontal flat line on a velocity-time graph at v = 40 m/s for 4 seconds, what is the acceleration?","Acceleration is the rate of change of velocity: a = (v - u) / t. Because velocity is uniform (v = u), delta v = 0, so acceleration is 0 m/s^2.","High speed means high acceleration, so acceleration is 40 m/s^2.",MISC-MOT-002: Speed-Acceleration Conflation,conceptual_misconception,High,Conflates speed with acceleration; assumes high speed means high acceleration or divides speed by total time.,True,v_t_graph,Velocity-time graph showing a horizontal line at constant velocity v for time interval t.,train
REC-00516,PHY-Class9-09-0516,MOTION_SPEED_VS_ACCELERATION,Class 9,Motion,Acceleration vs Speed / Velocity,A train moves along a straight rail at uniform velocity of 50 m/s for 10 s. Determine its acceleration.,"Acceleration is the rate of change of velocity: a = (v - u) / t. Because velocity is uniform (v = u), delta v = 0, so acceleration is 0 m/s^2.",Acceleration cannot be zero because the car is traveling forward at 50 m/s.,MISC-MOT-002: Speed-Acceleration Conflation,conceptual_misconception,High,Conflates speed with acceleration; assumes high speed means high acceleration or divides speed by total time.,True,v_t_graph,Velocity-time graph showing a horizontal line at constant velocity v for time interval t.,train
REC-00517,PHY-Class9-09-0517,MOTION_SPEED_VS_ACCELERATION,Class 9,Motion,Acceleration vs Speed / Velocity,A vehicle moves at a steady constant speed of 20 m/s for 10 seconds. What is the acceleration of the vehicle?,"Acceleration is the rate of change of velocity: a = (v - u) / t. Because velocity is uniform (v = u), delta v = 0, so acceleration is 0 m/s^2.","Acceleration is 0 m/s^2 because velocity is constant, so change in velocity is zero (a = delta_v / delta_t = 0).",CORRECT: Scientifically Accurate Response,no_error,High,Rigorous scientific reasoning with valid physical principles and mathematical steps.,True,v_t_graph,Velocity-time graph showing a horizontal line at constant velocity v for time interval t.,train
REC-00518,PHY-Class9-09-0518,MOTION_SPEED_VS_ACCELERATION,Class 9,Motion,Acceleration vs Speed / Velocity,"Looking at the horizontal flat line on a velocity-time graph at v = 30 m/s for 5 seconds, what is the acceleration?","Acceleration is the rate of change of velocity: a = (v - u) / t. Because velocity is uniform (v = u), delta v = 0, so acceleration is 0 m/s^2.",0 m/s^2. Acceleration requires a change in speed or direction; steady speed means zero acceleration.,CORRECT: Scientifically Accurate Response,no_error,High,Rigorous scientific reasoning with valid physical principles and mathematical steps.,True,v_t_graph,Velocity-time graph showing a horizontal line at constant velocity v for time interval t.,train
REC-00519,PHY-Class9-09-0519,MOTION_SPEED_VS_ACCELERATION,Class 9,Motion,Acceleration vs Speed / Velocity,A train moves along a straight rail at uniform velocity of 15 m/s for 6 s. Determine its acceleration.,"Acceleration is the rate of change of velocity: a = (v - u) / t. Because velocity is uniform (v = u), delta v = 0, so acceleration is 0 m/s^2.",Zero acceleration since the slope of a horizontal line on a v-t graph is 0.,CORRECT: Scientifically Accurate Response,no_error,High,Rigorous scientific reasoning with valid physical principles and mathematical steps.,True,v_t_graph,Velocity-time graph showing a horizontal line at constant velocity v for time interval t.,train
REC-00520,PHY-Class9-09-0520,MOTION_SPEED_VS_ACCELERATION,Class 9,Motion,Acceleration vs Speed / Velocity,A vehicle moves at a steady constant speed of 25 m/s for 8 seconds. What is the acceleration of the vehicle?,"Acceleration is the rate of change of velocity: a = (v - u) / t. Because velocity is uniform (v = u), delta v = 0, so acceleration is 0 m/s^2.","Acceleration is 0 m/s^2 because velocity is constant, so change in velocity is zero (a = delta_v / delta_t = 0).",CORRECT: Scientifically Accurate Response,no_error,High,Rigorous scientific reasoning with valid physical principles and mathematical steps.,True,v_t_graph,Velocity-time graph showing a horizontal line at constant velocity v for time interval t.,val
REC-00521,PHY-Class9-09-0521,MOTION_SPEED_VS_ACCELERATION,Class 9,Motion,Acceleration vs Speed / Velocity,"Looking at the horizontal flat line on a velocity-time graph at v = 40 m/s for 4 seconds, what is the acceleration?","Acceleration is the rate of change of velocity: a = (v - u) / t. Because velocity is uniform (v = u), delta v = 0, so acceleration is 0 m/s^2.",0 m/s^2. Acceleration requires a change in speed or direction; steady speed means zero acceleration.,CORRECT: Scientifically Accurate Response,no_error,High,Rigorous scientific reasoning with valid physical principles and mathematical steps.,True,v_t_graph,Velocity-time graph showing a horizontal line at constant velocity v for time interval t.,val
REC-00522,PHY-Class9-09-0522,MOTION_SPEED_VS_ACCELERATION,Class 9,Motion,Acceleration vs Speed / Velocity,A train moves along a straight rail at uniform velocity of 50 m/s for 10 s. Determine its acceleration.,"Acceleration is the rate of change of velocity: a = (v - u) / t. Because velocity is uniform (v = u), delta v = 0, so acceleration is 0 m/s^2.",Zero acceleration since the slope of a horizontal line on a v-t graph is 0.,CORRECT: Scientifically Accurate Response,no_error,High,Rigorous scientific reasoning with valid physical principles and mathematical steps.,True,v_t_graph,Velocity-time graph showing a horizontal line at constant velocity v for time interval t.,train
REC-00523,PHY-Class9-09-0523,MOTION_SPEED_VS_ACCELERATION,Class 9,Motion,Acceleration vs Speed / Velocity,A vehicle moves at a steady constant speed of 20 m/s for 10 seconds. What is the acceleration of the vehicle?,"Acceleration is the rate of change of velocity: a = (v - u) / t. Because velocity is uniform (v = u), delta v = 0, so acceleration is 0 m/s^2.","Acceleration is 0 m/s^2 because velocity is constant, so change in velocity is zero (a = delta_v / delta_t = 0).",CORRECT: Scientifically Accurate Response,no_error,High,Rigorous scientific reasoning with valid physical principles and mathematical steps.,True,v_t_graph,Velocity-time graph showing a horizontal line at constant velocity v for time interval t.,test
REC-00524,PHY-Class9-09-0524,MOTION_SPEED_VS_ACCELERATION,Class 9,Motion,Acceleration vs Speed / Velocity,"Looking at the horizontal flat line on a velocity-time graph at v = 30 m/s for 5 seconds, what is the acceleration?","Acceleration is the rate of change of velocity: a = (v - u) / t. Because velocity is uniform (v = u), delta v = 0, so acceleration is 0 m/s^2.",0 m/s^2. Acceleration requires a change in speed or direction; steady speed means zero acceleration.,CORRECT: Scientifically Accurate Response,no_error,High,Rigorous scientific reasoning with valid physical principles and mathematical steps.,True,v_t_graph,Velocity-time graph showing a horizontal line at constant velocity v for time interval t.,train
REC-00525,PHY-Class9-09-0525,MOTION_SPEED_VS_ACCELERATION,Class 9,Motion,Acceleration vs Speed / Velocity,A train moves along a straight rail at uniform velocity of 15 m/s for 6 s. Determine its acceleration.,"Acceleration is the rate of change of velocity: a = (v - u) / t. Because velocity is uniform (v = u), delta v = 0, so acceleration is 0 m/s^2.",Zero acceleration since the slope of a horizontal line on a v-t graph is 0.,CORRECT: Scientifically Accurate Response,no_error,High,Rigorous scientific reasoning with valid physical principles and mathematical steps.,True,v_t_graph,Velocity-time graph showing a horizontal line at constant velocity v for time interval t.,train
REC-00526,PHY-Class9-09-0526,MOTION_SPEED_VS_ACCELERATION,Class 9,Motion,Acceleration vs Speed / Velocity,A vehicle moves at a steady constant speed of 25 m/s for 8 seconds. What is the acceleration of the vehicle?,"Acceleration is the rate of change of velocity: a = (v - u) / t. Because velocity is uniform (v = u), delta v = 0, so acceleration is 0 m/s^2.","Acceleration is 0 m/s^2 because velocity is constant, so change in velocity is zero (a = delta_v / delta_t = 0).",CORRECT: Scientifically Accurate Response,no_error,High,Rigorous scientific reasoning with valid physical principles and mathematical steps.,True,v_t_graph,Velocity-time graph showing a horizontal line at constant velocity v for time interval t.,test
REC-00527,PHY-Class9-09-0527,MOTION_SPEED_VS_ACCELERATION,Class 9,Motion,Acceleration vs Speed / Velocity,"Looking at the horizontal flat line on a velocity-time graph at v = 40 m/s for 4 seconds, what is the acceleration?","Acceleration is the rate of change of velocity: a = (v - u) / t. Because velocity is uniform (v = u), delta v = 0, so acceleration is 0 m/s^2.",0 m/s^2. Acceleration requires a change in speed or direction; steady speed means zero acceleration.,CORRECT: Scientifically Accurate Response,no_error,High,Rigorous scientific reasoning with valid physical principles and mathematical steps.,True,v_t_graph,Velocity-time graph showing a horizontal line at constant velocity v for time interval t.,train
REC-00528,PHY-Class9-09-0528,MOTION_SPEED_VS_ACCELERATION,Class 9,Motion,Acceleration vs Speed / Velocity,A train moves along a straight rail at uniform velocity of 50 m/s for 10 s. Determine its acceleration.,"Acceleration is the rate of change of velocity: a = (v - u) / t. Because velocity is uniform (v = u), delta v = 0, so acceleration is 0 m/s^2.",Zero acceleration since the slope of a horizontal line on a v-t graph is 0.,CORRECT: Scientifically Accurate Response,no_error,High,Rigorous scientific reasoning with valid physical principles and mathematical steps.,True,v_t_graph,Velocity-time graph showing a horizontal line at constant velocity v for time interval t.,train
REC-00529,PHY-Class9-09-0529,MOTION_SPEED_VS_ACCELERATION,Class 9,Motion,Acceleration vs Speed / Velocity,A vehicle moves at a steady constant speed of 20 m/s for 10 seconds. What is the acceleration of the vehicle?,"Acceleration is the rate of change of velocity: a = (v - u) / t. Because velocity is uniform (v = u), delta v = 0, so acceleration is 0 m/s^2.","Acceleration is 0 m/s^2, but calculated distance as 20 / 10 instead of 20 * 10.",CARELESS_CALCULATION_ERROR,calculation_slip,Medium,Conceptual formula choice is correct; error is isolated to an arithmetic slip.,True,v_t_graph,Velocity-time graph showing a horizontal line at constant velocity v for time interval t.,test
REC-00530,PHY-Class9-09-0530,MOTION_SPEED_VS_ACCELERATION,Class 9,Motion,Acceleration vs Speed / Velocity,"Looking at the horizontal flat line on a velocity-time graph at v = 30 m/s for 5 seconds, what is the acceleration?","Acceleration is the rate of change of velocity: a = (v - u) / t. Because velocity is uniform (v = u), delta v = 0, so acceleration is 0 m/s^2.","Correctly stated zero acceleration, but wrote formula as a = v * t.",CARELESS_CALCULATION_ERROR,calculation_slip,Medium,Conceptual formula choice is correct; error is isolated to an arithmetic slip.,True,v_t_graph,Velocity-time graph showing a horizontal line at constant velocity v for time interval t.,train
REC-00531,PHY-Class9-09-0531,MOTION_SPEED_VS_ACCELERATION,Class 9,Motion,Acceleration vs Speed / Velocity,A train moves along a straight rail at uniform velocity of 15 m/s for 6 s. Determine its acceleration.,"Acceleration is the rate of change of velocity: a = (v - u) / t. Because velocity is uniform (v = u), delta v = 0, so acceleration is 0 m/s^2.","Acceleration is 0 m/s^2, but calculated distance as 15 / 6 instead of 15 * 6.",CARELESS_CALCULATION_ERROR,calculation_slip,Medium,Conceptual formula choice is correct; error is isolated to an arithmetic slip.,True,v_t_graph,Velocity-time graph showing a horizontal line at constant velocity v for time interval t.,val
REC-00532,PHY-Class9-09-0532,MOTION_SPEED_VS_ACCELERATION,Class 9,Motion,Acceleration vs Speed / Velocity,A vehicle moves at a steady constant speed of 25 m/s for 8 seconds. What is the acceleration of the vehicle?,"Acceleration is the rate of change of velocity: a = (v - u) / t. Because velocity is uniform (v = u), delta v = 0, so acceleration is 0 m/s^2.","Correctly stated zero acceleration, but wrote formula as a = v * t.",CARELESS_CALCULATION_ERROR,calculation_slip,Medium,Conceptual formula choice is correct; error is isolated to an arithmetic slip.,True,v_t_graph,Velocity-time graph showing a horizontal line at constant velocity v for time interval t.,train
REC-00533,PHY-Class9-09-0533,MOTION_SPEED_VS_ACCELERATION,Class 9,Motion,Acceleration vs Speed / Velocity,A vehicle moves at a steady constant speed of 20 m/s for 10 seconds. What is the acceleration of the vehicle?,"Acceleration is the rate of change of velocity: a = (v - u) / t. Because velocity is uniform (v = u), delta v = 0, so acceleration is 0 m/s^2.",Acceleration is 0 m/s instead of m/s^2.,UNIT_CONVERSION_ERROR,unit_error,High,"Numerical reasoning is sound, but units were omitted or confused with another physical quantity.",True,v_t_graph,Velocity-time graph showing a horizontal line at constant velocity v for time interval t.,train
REC-00534,PHY-Class9-09-0534,MOTION_SPEED_VS_ACCELERATION,Class 9,Motion,Acceleration vs Speed / Velocity,"Looking at the horizontal flat line on a velocity-time graph at v = 30 m/s for 5 seconds, what is the acceleration?","Acceleration is the rate of change of velocity: a = (v - u) / t. Because velocity is uniform (v = u), delta v = 0, so acceleration is 0 m/s^2.",Reported acceleration in km/h without time squared.,UNIT_CONVERSION_ERROR,unit_error,High,"Numerical reasoning is sound, but units were omitted or confused with another physical quantity.",True,v_t_graph,Velocity-time graph showing a horizontal line at constant velocity v for time interval t.,train
REC-00535,PHY-Class9-09-0535,MOTION_SPEED_VS_ACCELERATION,Class 9,Motion,Acceleration vs Speed / Velocity,A train moves along a straight rail at uniform velocity of 15 m/s for 6 s. Determine its acceleration.,"Acceleration is the rate of change of velocity: a = (v - u) / t. Because velocity is uniform (v = u), delta v = 0, so acceleration is 0 m/s^2.",Acceleration is 0 m/s instead of m/s^2.,UNIT_CONVERSION_ERROR,unit_error,High,"Numerical reasoning is sound, but units were omitted or confused with another physical quantity.",True,v_t_graph,Velocity-time graph showing a horizontal line at constant velocity v for time interval t.,test
REC-00536,PHY-Class9-09-0536,MOTION_SPEED_VS_ACCELERATION,Class 9,Motion,Acceleration vs Speed / Velocity,A vehicle moves at a steady constant speed of 25 m/s for 8 seconds. What is the acceleration of the vehicle?,"Acceleration is the rate of change of velocity: a = (v - u) / t. Because velocity is uniform (v = u), delta v = 0, so acceleration is 0 m/s^2.",Reported acceleration in km/h without time squared.,UNIT_CONVERSION_ERROR,unit_error,High,"Numerical reasoning is sound, but units were omitted or confused with another physical quantity.",True,v_t_graph,Velocity-time graph showing a horizontal line at constant velocity v for time interval t.,val
REC-00537,PHY-Class9-09-0537,MOTION_SPEED_VS_ACCELERATION,Class 9,Motion,Acceleration vs Speed / Velocity,A vehicle moves at a steady constant speed of 20 m/s for 10 seconds. What is the acceleration of the vehicle?,"Acceleration is the rate of change of velocity: a = (v - u) / t. Because velocity is uniform (v = u), delta v = 0, so acceleration is 0 m/s^2.","It is moving, so I think there must be some acceleration, maybe 20?",UNSURE_INSUFFICIENT_EVIDENCE,guessing_unclear,Low,Student response contains minimal reasoning or expresses explicit uncertainty; requires diagnostic probe.,True,v_t_graph,Velocity-time graph showing a horizontal line at constant velocity v for time interval t.,train
REC-00538,PHY-Class9-09-0538,MOTION_SPEED_VS_ACCELERATION,Class 9,Motion,Acceleration vs Speed / Velocity,"Looking at the horizontal flat line on a velocity-time graph at v = 30 m/s for 5 seconds, what is the acceleration?","Acceleration is the rate of change of velocity: a = (v - u) / t. Because velocity is uniform (v = u), delta v = 0, so acceleration is 0 m/s^2.",Not sure if constant speed means acceleration is zero or constant.,UNSURE_INSUFFICIENT_EVIDENCE,guessing_unclear,Low,Student response contains minimal reasoning or expresses explicit uncertainty; requires diagnostic probe.,True,v_t_graph,Velocity-time graph showing a horizontal line at constant velocity v for time interval t.,train
REC-00539,PHY-Class9-09-0539,MOTION_SPEED_VS_ACCELERATION,Class 9,Motion,Acceleration vs Speed / Velocity,A train moves along a straight rail at uniform velocity of 15 m/s for 6 s. Determine its acceleration.,"Acceleration is the rate of change of velocity: a = (v - u) / t. Because velocity is uniform (v = u), delta v = 0, so acceleration is 0 m/s^2.","It is moving, so I think there must be some acceleration, maybe 15?",UNSURE_INSUFFICIENT_EVIDENCE,guessing_unclear,Low,Student response contains minimal reasoning or expresses explicit uncertainty; requires diagnostic probe.,True,v_t_graph,Velocity-time graph showing a horizontal line at constant velocity v for time interval t.,test
REC-00540,PHY-Class9-09-0540,MOTION_SPEED_VS_ACCELERATION,Class 9,Motion,Acceleration vs Speed / Velocity,A vehicle moves at a steady constant speed of 25 m/s for 8 seconds. What is the acceleration of the vehicle?,"Acceleration is the rate of change of velocity: a = (v - u) / t. Because velocity is uniform (v = u), delta v = 0, so acceleration is 0 m/s^2.",Not sure if constant speed means acceleration is zero or constant.,UNSURE_INSUFFICIENT_EVIDENCE,guessing_unclear,Low,Student response contains minimal reasoning or expresses explicit uncertainty; requires diagnostic probe.,True,v_t_graph,Velocity-time graph showing a horizontal line at constant velocity v for time interval t.,val
REC-00541,PHY-Class9-10-0541,FORCE_NEWTON_FIRST_LAW,Class 9,Force and Laws of Motion,Inertia and Force Requirement for Motion,A hockey puck of mass 2 kg slides across a completely frictionless horizontal sheet of ice at a steady speed of 2 m/s. What net horizontal force is required to keep it moving?,"By Newton's First Law (Law of Inertia), an object in motion continues at constant velocity unless acted upon by a net external force. Friction is zero, so net force required is 0 N.",Requires a continuous forward force of 20 N (F = m * v = 2 * 2) to keep it moving.,MISC-FOR-001: Impetus Theory (Force is Required to Sustain Motion),conceptual_misconception,High,"Believes an object in motion requires a continuous forward force, confusing velocity with acceleration.",True,motion_diagram,An object of mass m sliding across a frictionless horizontal ice surface at constant velocity v.,train
REC-00542,PHY-Class9-10-0542,FORCE_NEWTON_FIRST_LAW,Class 9,Force and Laws of Motion,Inertia and Force Requirement for Motion,A cart of mass 5 kg glides in outer space far from gravitational sources at constant velocity 5 m/s. What forward force keeps it in motion?,"By Newton's First Law (Law of Inertia), an object in motion continues at constant velocity unless acted upon by a net external force. Friction is zero, so net force required is 0 N.","A forward force of 20 N is needed, because objects stop if no force pushes them.",MISC-FOR-001: Impetus Theory (Force is Required to Sustain Motion),conceptual_misconception,High,"Believes an object in motion requires a continuous forward force, confusing velocity with acceleration.",True,motion_diagram,An object of mass m sliding across a frictionless horizontal ice surface at constant velocity v.,train
REC-00543,PHY-Class9-10-0543,FORCE_NEWTON_FIRST_LAW,Class 9,Force and Laws of Motion,Inertia and Force Requirement for Motion,A block of mass 1 kg moves on an ideal frictionless linear air track at 1 m/s. How much thrust is needed to maintain this constant speed?,"By Newton's First Law (Law of Inertia), an object in motion continues at constant velocity unless acted upon by a net external force. Friction is zero, so net force required is 0 N.",Must maintain a push of 8 N in the direction of motion to sustain the speed.,MISC-FOR-001: Impetus Theory (Force is Required to Sustain Motion),conceptual_misconception,High,"Believes an object in motion requires a continuous forward force, confusing velocity with acceleration.",True,motion_diagram,An object of mass m sliding across a frictionless horizontal ice surface at constant velocity v.,train
REC-00544,PHY-Class9-10-0544,FORCE_NEWTON_FIRST_LAW,Class 9,Force and Laws of Motion,Inertia and Force Requirement for Motion,A hockey puck of mass 10 kg slides across a completely frictionless horizontal sheet of ice at a steady speed of 10 m/s. What net horizontal force is required to keep it moving?,"By Newton's First Law (Law of Inertia), an object in motion continues at constant velocity unless acted upon by a net external force. Friction is zero, so net force required is 0 N.","Without a force acting on it, the object cannot keep traveling at 10 m/s.",MISC-FOR-001: Impetus Theory (Force is Required to Sustain Motion),conceptual_misconception,High,"Believes an object in motion requires a continuous forward force, confusing velocity with acceleration.",True,motion_diagram,An object of mass m sliding across a frictionless horizontal ice surface at constant velocity v.,train
REC-00545,PHY-Class9-10-0545,FORCE_NEWTON_FIRST_LAW,Class 9,Force and Laws of Motion,Inertia and Force Requirement for Motion,A cart of mass 3 kg glides in outer space far from gravitational sources at constant velocity 3 m/s. What forward force keeps it in motion?,"By Newton's First Law (Law of Inertia), an object in motion continues at constant velocity unless acted upon by a net external force. Friction is zero, so net force required is 0 N.",Requires a continuous forward force of 36 N (F = m * v = 3 * 3) to keep it moving.,MISC-FOR-001: Impetus Theory (Force is Required to Sustain Motion),conceptual_misconception,High,"Believes an object in motion requires a continuous forward force, confusing velocity with acceleration.",True,motion_diagram,An object of mass m sliding across a frictionless horizontal ice surface at constant velocity v.,train
REC-00546,PHY-Class9-10-0546,FORCE_NEWTON_FIRST_LAW,Class 9,Force and Laws of Motion,Inertia and Force Requirement for Motion,A block of mass 2 kg moves on an ideal frictionless linear air track at 2 m/s. How much thrust is needed to maintain this constant speed?,"By Newton's First Law (Law of Inertia), an object in motion continues at constant velocity unless acted upon by a net external force. Friction is zero, so net force required is 0 N.","A forward force of 20 N is needed, because objects stop if no force pushes them.",MISC-FOR-001: Impetus Theory (Force is Required to Sustain Motion),conceptual_misconception,High,"Believes an object in motion requires a continuous forward force, confusing velocity with acceleration.",True,motion_diagram,An object of mass m sliding across a frictionless horizontal ice surface at constant velocity v.,train
REC-00547,PHY-Class9-10-0547,FORCE_NEWTON_FIRST_LAW,Class 9,Force and Laws of Motion,Inertia and Force Requirement for Motion,A hockey puck of mass 5 kg slides across a completely frictionless horizontal sheet of ice at a steady speed of 5 m/s. What net horizontal force is required to keep it moving?,"By Newton's First Law (Law of Inertia), an object in motion continues at constant velocity unless acted upon by a net external force. Friction is zero, so net force required is 0 N.",Must maintain a push of 20 N in the direction of motion to sustain the speed.,MISC-FOR-001: Impetus Theory (Force is Required to Sustain Motion),conceptual_misconception,High,"Believes an object in motion requires a continuous forward force, confusing velocity with acceleration.",True,motion_diagram,An object of mass m sliding across a frictionless horizontal ice surface at constant velocity v.,test
REC-00548,PHY-Class9-10-0548,FORCE_NEWTON_FIRST_LAW,Class 9,Force and Laws of Motion,Inertia and Force Requirement for Motion,A cart of mass 1 kg glides in outer space far from gravitational sources at constant velocity 1 m/s. What forward force keeps it in motion?,"By Newton's First Law (Law of Inertia), an object in motion continues at constant velocity unless acted upon by a net external force. Friction is zero, so net force required is 0 N.","Without a force acting on it, the object cannot keep traveling at 1 m/s.",MISC-FOR-001: Impetus Theory (Force is Required to Sustain Motion),conceptual_misconception,High,"Believes an object in motion requires a continuous forward force, confusing velocity with acceleration.",True,motion_diagram,An object of mass m sliding across a frictionless horizontal ice surface at constant velocity v.,train
REC-00549,PHY-Class9-10-0549,FORCE_NEWTON_FIRST_LAW,Class 9,Force and Laws of Motion,Inertia and Force Requirement for Motion,A block of mass 10 kg moves on an ideal frictionless linear air track at 10 m/s. How much thrust is needed to maintain this constant speed?,"By Newton's First Law (Law of Inertia), an object in motion continues at constant velocity unless acted upon by a net external force. Friction is zero, so net force required is 0 N.",Requires a continuous forward force of 50 N (F = m * v = 10 * 10) to keep it moving.,MISC-FOR-001: Impetus Theory (Force is Required to Sustain Motion),conceptual_misconception,High,"Believes an object in motion requires a continuous forward force, confusing velocity with acceleration.",True,motion_diagram,An object of mass m sliding across a frictionless horizontal ice surface at constant velocity v.,test
REC-00550,PHY-Class9-10-0550,FORCE_NEWTON_FIRST_LAW,Class 9,Force and Laws of Motion,Inertia and Force Requirement for Motion,A hockey puck of mass 3 kg slides across a completely frictionless horizontal sheet of ice at a steady speed of 3 m/s. What net horizontal force is required to keep it moving?,"By Newton's First Law (Law of Inertia), an object in motion continues at constant velocity unless acted upon by a net external force. Friction is zero, so net force required is 0 N.","A forward force of 36 N is needed, because objects stop if no force pushes them.",MISC-FOR-001: Impetus Theory (Force is Required to Sustain Motion),conceptual_misconception,High,"Believes an object in motion requires a continuous forward force, confusing velocity with acceleration.",True,motion_diagram,An object of mass m sliding across a frictionless horizontal ice surface at constant velocity v.,train
REC-00551,PHY-Class9-10-0551,FORCE_NEWTON_FIRST_LAW,Class 9,Force and Laws of Motion,Inertia and Force Requirement for Motion,A cart of mass 2 kg glides in outer space far from gravitational sources at constant velocity 2 m/s. What forward force keeps it in motion?,"By Newton's First Law (Law of Inertia), an object in motion continues at constant velocity unless acted upon by a net external force. Friction is zero, so net force required is 0 N.",Must maintain a push of 20 N in the direction of motion to sustain the speed.,MISC-FOR-001: Impetus Theory (Force is Required to Sustain Motion),conceptual_misconception,High,"Believes an object in motion requires a continuous forward force, confusing velocity with acceleration.",True,motion_diagram,An object of mass m sliding across a frictionless horizontal ice surface at constant velocity v.,train
REC-00552,PHY-Class9-10-0552,FORCE_NEWTON_FIRST_LAW,Class 9,Force and Laws of Motion,Inertia and Force Requirement for Motion,A block of mass 5 kg moves on an ideal frictionless linear air track at 5 m/s. How much thrust is needed to maintain this constant speed?,"By Newton's First Law (Law of Inertia), an object in motion continues at constant velocity unless acted upon by a net external force. Friction is zero, so net force required is 0 N.","Without a force acting on it, the object cannot keep traveling at 5 m/s.",MISC-FOR-001: Impetus Theory (Force is Required to Sustain Motion),conceptual_misconception,High,"Believes an object in motion requires a continuous forward force, confusing velocity with acceleration.",True,motion_diagram,An object of mass m sliding across a frictionless horizontal ice surface at constant velocity v.,train
REC-00553,PHY-Class9-10-0553,FORCE_NEWTON_FIRST_LAW,Class 9,Force and Laws of Motion,Inertia and Force Requirement for Motion,A hockey puck of mass 1 kg slides across a completely frictionless horizontal sheet of ice at a steady speed of 1 m/s. What net horizontal force is required to keep it moving?,"By Newton's First Law (Law of Inertia), an object in motion continues at constant velocity unless acted upon by a net external force. Friction is zero, so net force required is 0 N.",Requires a continuous forward force of 8 N (F = m * v = 1 * 1) to keep it moving.,MISC-FOR-001: Impetus Theory (Force is Required to Sustain Motion),conceptual_misconception,High,"Believes an object in motion requires a continuous forward force, confusing velocity with acceleration.",True,motion_diagram,An object of mass m sliding across a frictionless horizontal ice surface at constant velocity v.,val
REC-00554,PHY-Class9-10-0554,FORCE_NEWTON_FIRST_LAW,Class 9,Force and Laws of Motion,Inertia and Force Requirement for Motion,A cart of mass 10 kg glides in outer space far from gravitational sources at constant velocity 10 m/s. What forward force keeps it in motion?,"By Newton's First Law (Law of Inertia), an object in motion continues at constant velocity unless acted upon by a net external force. Friction is zero, so net force required is 0 N.","A forward force of 50 N is needed, because objects stop if no force pushes them.",MISC-FOR-001: Impetus Theory (Force is Required to Sustain Motion),conceptual_misconception,High,"Believes an object in motion requires a continuous forward force, confusing velocity with acceleration.",True,motion_diagram,An object of mass m sliding across a frictionless horizontal ice surface at constant velocity v.,val
REC-00555,PHY-Class9-10-0555,FORCE_NEWTON_FIRST_LAW,Class 9,Force and Laws of Motion,Inertia and Force Requirement for Motion,A block of mass 3 kg moves on an ideal frictionless linear air track at 3 m/s. How much thrust is needed to maintain this constant speed?,"By Newton's First Law (Law of Inertia), an object in motion continues at constant velocity unless acted upon by a net external force. Friction is zero, so net force required is 0 N.",Must maintain a push of 36 N in the direction of motion to sustain the speed.,MISC-FOR-001: Impetus Theory (Force is Required to Sustain Motion),conceptual_misconception,High,"Believes an object in motion requires a continuous forward force, confusing velocity with acceleration.",True,motion_diagram,An object of mass m sliding across a frictionless horizontal ice surface at constant velocity v.,train
REC-00556,PHY-Class9-10-0556,FORCE_NEWTON_FIRST_LAW,Class 9,Force and Laws of Motion,Inertia and Force Requirement for Motion,A hockey puck of mass 2 kg slides across a completely frictionless horizontal sheet of ice at a steady speed of 2 m/s. What net horizontal force is required to keep it moving?,"By Newton's First Law (Law of Inertia), an object in motion continues at constant velocity unless acted upon by a net external force. Friction is zero, so net force required is 0 N.","Without a force acting on it, the object cannot keep traveling at 2 m/s.",MISC-FOR-001: Impetus Theory (Force is Required to Sustain Motion),conceptual_misconception,High,"Believes an object in motion requires a continuous forward force, confusing velocity with acceleration.",True,motion_diagram,An object of mass m sliding across a frictionless horizontal ice surface at constant velocity v.,train
REC-00557,PHY-Class9-10-0557,FORCE_NEWTON_FIRST_LAW,Class 9,Force and Laws of Motion,Inertia and Force Requirement for Motion,A cart of mass 5 kg glides in outer space far from gravitational sources at constant velocity 5 m/s. What forward force keeps it in motion?,"By Newton's First Law (Law of Inertia), an object in motion continues at constant velocity unless acted upon by a net external force. Friction is zero, so net force required is 0 N.",Requires a continuous forward force of 20 N (F = m * v = 5 * 5) to keep it moving.,MISC-FOR-001: Impetus Theory (Force is Required to Sustain Motion),conceptual_misconception,High,"Believes an object in motion requires a continuous forward force, confusing velocity with acceleration.",True,motion_diagram,An object of mass m sliding across a frictionless horizontal ice surface at constant velocity v.,train
REC-00558,PHY-Class9-10-0558,FORCE_NEWTON_FIRST_LAW,Class 9,Force and Laws of Motion,Inertia and Force Requirement for Motion,A block of mass 1 kg moves on an ideal frictionless linear air track at 1 m/s. How much thrust is needed to maintain this constant speed?,"By Newton's First Law (Law of Inertia), an object in motion continues at constant velocity unless acted upon by a net external force. Friction is zero, so net force required is 0 N.","A forward force of 8 N is needed, because objects stop if no force pushes them.",MISC-FOR-001: Impetus Theory (Force is Required to Sustain Motion),conceptual_misconception,High,"Believes an object in motion requires a continuous forward force, confusing velocity with acceleration.",True,motion_diagram,An object of mass m sliding across a frictionless horizontal ice surface at constant velocity v.,train
REC-00559,PHY-Class9-10-0559,FORCE_NEWTON_FIRST_LAW,Class 9,Force and Laws of Motion,Inertia and Force Requirement for Motion,A hockey puck of mass 10 kg slides across a completely frictionless horizontal sheet of ice at a steady speed of 10 m/s. What net horizontal force is required to keep it moving?,"By Newton's First Law (Law of Inertia), an object in motion continues at constant velocity unless acted upon by a net external force. Friction is zero, so net force required is 0 N.",Must maintain a push of 50 N in the direction of motion to sustain the speed.,MISC-FOR-001: Impetus Theory (Force is Required to Sustain Motion),conceptual_misconception,High,"Believes an object in motion requires a continuous forward force, confusing velocity with acceleration.",True,motion_diagram,An object of mass m sliding across a frictionless horizontal ice surface at constant velocity v.,test
REC-00560,PHY-Class9-10-0560,FORCE_NEWTON_FIRST_LAW,Class 9,Force and Laws of Motion,Inertia and Force Requirement for Motion,A cart of mass 3 kg glides in outer space far from gravitational sources at constant velocity 3 m/s. What forward force keeps it in motion?,"By Newton's First Law (Law of Inertia), an object in motion continues at constant velocity unless acted upon by a net external force. Friction is zero, so net force required is 0 N.","Without a force acting on it, the object cannot keep traveling at 3 m/s.",MISC-FOR-001: Impetus Theory (Force is Required to Sustain Motion),conceptual_misconception,High,"Believes an object in motion requires a continuous forward force, confusing velocity with acceleration.",True,motion_diagram,An object of mass m sliding across a frictionless horizontal ice surface at constant velocity v.,train
REC-00561,PHY-Class9-10-0561,FORCE_NEWTON_FIRST_LAW,Class 9,Force and Laws of Motion,Inertia and Force Requirement for Motion,A block of mass 2 kg moves on an ideal frictionless linear air track at 2 m/s. How much thrust is needed to maintain this constant speed?,"By Newton's First Law (Law of Inertia), an object in motion continues at constant velocity unless acted upon by a net external force. Friction is zero, so net force required is 0 N.",Requires a continuous forward force of 20 N (F = m * v = 2 * 2) to keep it moving.,MISC-FOR-001: Impetus Theory (Force is Required to Sustain Motion),conceptual_misconception,High,"Believes an object in motion requires a continuous forward force, confusing velocity with acceleration.",True,motion_diagram,An object of mass m sliding across a frictionless horizontal ice surface at constant velocity v.,test
REC-00562,PHY-Class9-10-0562,FORCE_NEWTON_FIRST_LAW,Class 9,Force and Laws of Motion,Inertia and Force Requirement for Motion,A hockey puck of mass 5 kg slides across a completely frictionless horizontal sheet of ice at a steady speed of 5 m/s. What net horizontal force is required to keep it moving?,"By Newton's First Law (Law of Inertia), an object in motion continues at constant velocity unless acted upon by a net external force. Friction is zero, so net force required is 0 N.","A forward force of 20 N is needed, because objects stop if no force pushes them.",MISC-FOR-001: Impetus Theory (Force is Required to Sustain Motion),conceptual_misconception,High,"Believes an object in motion requires a continuous forward force, confusing velocity with acceleration.",True,motion_diagram,An object of mass m sliding across a frictionless horizontal ice surface at constant velocity v.,val
REC-00563,PHY-Class9-10-0563,FORCE_NEWTON_FIRST_LAW,Class 9,Force and Laws of Motion,Inertia and Force Requirement for Motion,A cart of mass 1 kg glides in outer space far from gravitational sources at constant velocity 1 m/s. What forward force keeps it in motion?,"By Newton's First Law (Law of Inertia), an object in motion continues at constant velocity unless acted upon by a net external force. Friction is zero, so net force required is 0 N.",Must maintain a push of 8 N in the direction of motion to sustain the speed.,MISC-FOR-001: Impetus Theory (Force is Required to Sustain Motion),conceptual_misconception,High,"Believes an object in motion requires a continuous forward force, confusing velocity with acceleration.",True,motion_diagram,An object of mass m sliding across a frictionless horizontal ice surface at constant velocity v.,train
REC-00564,PHY-Class9-10-0564,FORCE_NEWTON_FIRST_LAW,Class 9,Force and Laws of Motion,Inertia and Force Requirement for Motion,A block of mass 10 kg moves on an ideal frictionless linear air track at 10 m/s. How much thrust is needed to maintain this constant speed?,"By Newton's First Law (Law of Inertia), an object in motion continues at constant velocity unless acted upon by a net external force. Friction is zero, so net force required is 0 N.","Without a force acting on it, the object cannot keep traveling at 10 m/s.",MISC-FOR-001: Impetus Theory (Force is Required to Sustain Motion),conceptual_misconception,High,"Believes an object in motion requires a continuous forward force, confusing velocity with acceleration.",True,motion_diagram,An object of mass m sliding across a frictionless horizontal ice surface at constant velocity v.,val
REC-00565,PHY-Class9-10-0565,FORCE_NEWTON_FIRST_LAW,Class 9,Force and Laws of Motion,Inertia and Force Requirement for Motion,A hockey puck of mass 3 kg slides across a completely frictionless horizontal sheet of ice at a steady speed of 3 m/s. What net horizontal force is required to keep it moving?,"By Newton's First Law (Law of Inertia), an object in motion continues at constant velocity unless acted upon by a net external force. Friction is zero, so net force required is 0 N.",Requires a continuous forward force of 36 N (F = m * v = 3 * 3) to keep it moving.,MISC-FOR-001: Impetus Theory (Force is Required to Sustain Motion),conceptual_misconception,High,"Believes an object in motion requires a continuous forward force, confusing velocity with acceleration.",True,motion_diagram,An object of mass m sliding across a frictionless horizontal ice surface at constant velocity v.,train
REC-00566,PHY-Class9-10-0566,FORCE_NEWTON_FIRST_LAW,Class 9,Force and Laws of Motion,Inertia and Force Requirement for Motion,A cart of mass 2 kg glides in outer space far from gravitational sources at constant velocity 2 m/s. What forward force keeps it in motion?,"By Newton's First Law (Law of Inertia), an object in motion continues at constant velocity unless acted upon by a net external force. Friction is zero, so net force required is 0 N.","A forward force of 20 N is needed, because objects stop if no force pushes them.",MISC-FOR-001: Impetus Theory (Force is Required to Sustain Motion),conceptual_misconception,High,"Believes an object in motion requires a continuous forward force, confusing velocity with acceleration.",True,motion_diagram,An object of mass m sliding across a frictionless horizontal ice surface at constant velocity v.,test
REC-00567,PHY-Class9-10-0567,FORCE_NEWTON_FIRST_LAW,Class 9,Force and Laws of Motion,Inertia and Force Requirement for Motion,A block of mass 5 kg moves on an ideal frictionless linear air track at 5 m/s. How much thrust is needed to maintain this constant speed?,"By Newton's First Law (Law of Inertia), an object in motion continues at constant velocity unless acted upon by a net external force. Friction is zero, so net force required is 0 N.",Must maintain a push of 20 N in the direction of motion to sustain the speed.,MISC-FOR-001: Impetus Theory (Force is Required to Sustain Motion),conceptual_misconception,High,"Believes an object in motion requires a continuous forward force, confusing velocity with acceleration.",True,motion_diagram,An object of mass m sliding across a frictionless horizontal ice surface at constant velocity v.,test
REC-00568,PHY-Class9-10-0568,FORCE_NEWTON_FIRST_LAW,Class 9,Force and Laws of Motion,Inertia and Force Requirement for Motion,A hockey puck of mass 1 kg slides across a completely frictionless horizontal sheet of ice at a steady speed of 1 m/s. What net horizontal force is required to keep it moving?,"By Newton's First Law (Law of Inertia), an object in motion continues at constant velocity unless acted upon by a net external force. Friction is zero, so net force required is 0 N.","Without a force acting on it, the object cannot keep traveling at 1 m/s.",MISC-FOR-001: Impetus Theory (Force is Required to Sustain Motion),conceptual_misconception,High,"Believes an object in motion requires a continuous forward force, confusing velocity with acceleration.",True,motion_diagram,An object of mass m sliding across a frictionless horizontal ice surface at constant velocity v.,train
REC-00569,PHY-Class9-10-0569,FORCE_NEWTON_FIRST_LAW,Class 9,Force and Laws of Motion,Inertia and Force Requirement for Motion,A cart of mass 10 kg glides in outer space far from gravitational sources at constant velocity 10 m/s. What forward force keeps it in motion?,"By Newton's First Law (Law of Inertia), an object in motion continues at constant velocity unless acted upon by a net external force. Friction is zero, so net force required is 0 N.",Requires a continuous forward force of 50 N (F = m * v = 10 * 10) to keep it moving.,MISC-FOR-001: Impetus Theory (Force is Required to Sustain Motion),conceptual_misconception,High,"Believes an object in motion requires a continuous forward force, confusing velocity with acceleration.",True,motion_diagram,An object of mass m sliding across a frictionless horizontal ice surface at constant velocity v.,val
REC-00570,PHY-Class9-10-0570,FORCE_NEWTON_FIRST_LAW,Class 9,Force and Laws of Motion,Inertia and Force Requirement for Motion,A block of mass 3 kg moves on an ideal frictionless linear air track at 3 m/s. How much thrust is needed to maintain this constant speed?,"By Newton's First Law (Law of Inertia), an object in motion continues at constant velocity unless acted upon by a net external force. Friction is zero, so net force required is 0 N.","A forward force of 36 N is needed, because objects stop if no force pushes them.",MISC-FOR-001: Impetus Theory (Force is Required to Sustain Motion),conceptual_misconception,High,"Believes an object in motion requires a continuous forward force, confusing velocity with acceleration.",True,motion_diagram,An object of mass m sliding across a frictionless horizontal ice surface at constant velocity v.,train
REC-00571,PHY-Class9-10-0571,FORCE_NEWTON_FIRST_LAW,Class 9,Force and Laws of Motion,Inertia and Force Requirement for Motion,A hockey puck of mass 2 kg slides across a completely frictionless horizontal sheet of ice at a steady speed of 2 m/s. What net horizontal force is required to keep it moving?,"By Newton's First Law (Law of Inertia), an object in motion continues at constant velocity unless acted upon by a net external force. Friction is zero, so net force required is 0 N.",Must maintain a push of 20 N in the direction of motion to sustain the speed.,MISC-FOR-001: Impetus Theory (Force is Required to Sustain Motion),conceptual_misconception,High,"Believes an object in motion requires a continuous forward force, confusing velocity with acceleration.",True,motion_diagram,An object of mass m sliding across a frictionless horizontal ice surface at constant velocity v.,train
REC-00572,PHY-Class9-10-0572,FORCE_NEWTON_FIRST_LAW,Class 9,Force and Laws of Motion,Inertia and Force Requirement for Motion,A cart of mass 5 kg glides in outer space far from gravitational sources at constant velocity 5 m/s. What forward force keeps it in motion?,"By Newton's First Law (Law of Inertia), an object in motion continues at constant velocity unless acted upon by a net external force. Friction is zero, so net force required is 0 N.","Without a force acting on it, the object cannot keep traveling at 5 m/s.",MISC-FOR-001: Impetus Theory (Force is Required to Sustain Motion),conceptual_misconception,High,"Believes an object in motion requires a continuous forward force, confusing velocity with acceleration.",True,motion_diagram,An object of mass m sliding across a frictionless horizontal ice surface at constant velocity v.,train
REC-00573,PHY-Class9-10-0573,FORCE_NEWTON_FIRST_LAW,Class 9,Force and Laws of Motion,Inertia and Force Requirement for Motion,A block of mass 1 kg moves on an ideal frictionless linear air track at 1 m/s. How much thrust is needed to maintain this constant speed?,"By Newton's First Law (Law of Inertia), an object in motion continues at constant velocity unless acted upon by a net external force. Friction is zero, so net force required is 0 N.",Requires a continuous forward force of 8 N (F = m * v = 1 * 1) to keep it moving.,MISC-FOR-001: Impetus Theory (Force is Required to Sustain Motion),conceptual_misconception,High,"Believes an object in motion requires a continuous forward force, confusing velocity with acceleration.",True,motion_diagram,An object of mass m sliding across a frictionless horizontal ice surface at constant velocity v.,train
REC-00574,PHY-Class9-10-0574,FORCE_NEWTON_FIRST_LAW,Class 9,Force and Laws of Motion,Inertia and Force Requirement for Motion,A hockey puck of mass 10 kg slides across a completely frictionless horizontal sheet of ice at a steady speed of 10 m/s. What net horizontal force is required to keep it moving?,"By Newton's First Law (Law of Inertia), an object in motion continues at constant velocity unless acted upon by a net external force. Friction is zero, so net force required is 0 N.","A forward force of 50 N is needed, because objects stop if no force pushes them.",MISC-FOR-001: Impetus Theory (Force is Required to Sustain Motion),conceptual_misconception,High,"Believes an object in motion requires a continuous forward force, confusing velocity with acceleration.",True,motion_diagram,An object of mass m sliding across a frictionless horizontal ice surface at constant velocity v.,train
REC-00575,PHY-Class9-10-0575,FORCE_NEWTON_FIRST_LAW,Class 9,Force and Laws of Motion,Inertia and Force Requirement for Motion,A cart of mass 3 kg glides in outer space far from gravitational sources at constant velocity 3 m/s. What forward force keeps it in motion?,"By Newton's First Law (Law of Inertia), an object in motion continues at constant velocity unless acted upon by a net external force. Friction is zero, so net force required is 0 N.",Must maintain a push of 36 N in the direction of motion to sustain the speed.,MISC-FOR-001: Impetus Theory (Force is Required to Sustain Motion),conceptual_misconception,High,"Believes an object in motion requires a continuous forward force, confusing velocity with acceleration.",True,motion_diagram,An object of mass m sliding across a frictionless horizontal ice surface at constant velocity v.,train
REC-00576,PHY-Class9-10-0576,FORCE_NEWTON_FIRST_LAW,Class 9,Force and Laws of Motion,Inertia and Force Requirement for Motion,A block of mass 2 kg moves on an ideal frictionless linear air track at 2 m/s. How much thrust is needed to maintain this constant speed?,"By Newton's First Law (Law of Inertia), an object in motion continues at constant velocity unless acted upon by a net external force. Friction is zero, so net force required is 0 N.","Without a force acting on it, the object cannot keep traveling at 2 m/s.",MISC-FOR-001: Impetus Theory (Force is Required to Sustain Motion),conceptual_misconception,High,"Believes an object in motion requires a continuous forward force, confusing velocity with acceleration.",True,motion_diagram,An object of mass m sliding across a frictionless horizontal ice surface at constant velocity v.,train
REC-00577,PHY-Class9-10-0577,FORCE_NEWTON_FIRST_LAW,Class 9,Force and Laws of Motion,Inertia and Force Requirement for Motion,A hockey puck of mass 2 kg slides across a completely frictionless horizontal sheet of ice at a steady speed of 2 m/s. What net horizontal force is required to keep it moving?,"By Newton's First Law (Law of Inertia), an object in motion continues at constant velocity unless acted upon by a net external force. Friction is zero, so net force required is 0 N.","Net horizontal force required is 0 N. By Newton's First Law, an object in motion remains in uniform motion unless an external net force acts on it.",CORRECT: Scientifically Accurate Response,no_error,High,Rigorous scientific reasoning with valid physical principles and mathematical steps.,True,motion_diagram,An object of mass m sliding across a frictionless horizontal ice surface at constant velocity v.,train
REC-00578,PHY-Class9-10-0578,FORCE_NEWTON_FIRST_LAW,Class 9,Force and Laws of Motion,Inertia and Force Requirement for Motion,A cart of mass 5 kg glides in outer space far from gravitational sources at constant velocity 5 m/s. What forward force keeps it in motion?,"By Newton's First Law (Law of Inertia), an object in motion continues at constant velocity unless acted upon by a net external force. Friction is zero, so net force required is 0 N.",0 N. No force is needed to maintain constant velocity on a frictionless surface because inertia keeps it moving.,CORRECT: Scientifically Accurate Response,no_error,High,Rigorous scientific reasoning with valid physical principles and mathematical steps.,True,motion_diagram,An object of mass m sliding across a frictionless horizontal ice surface at constant velocity v.,test
REC-00579,PHY-Class9-10-0579,FORCE_NEWTON_FIRST_LAW,Class 9,Force and Laws of Motion,Inertia and Force Requirement for Motion,A block of mass 1 kg moves on an ideal frictionless linear air track at 1 m/s. How much thrust is needed to maintain this constant speed?,"By Newton's First Law (Law of Inertia), an object in motion continues at constant velocity unless acted upon by a net external force. Friction is zero, so net force required is 0 N.",Zero Newtons. F_net = m * a = m * 0 = 0 N.,CORRECT: Scientifically Accurate Response,no_error,High,Rigorous scientific reasoning with valid physical principles and mathematical steps.,True,motion_diagram,An object of mass m sliding across a frictionless horizontal ice surface at constant velocity v.,train
REC-00580,PHY-Class9-10-0580,FORCE_NEWTON_FIRST_LAW,Class 9,Force and Laws of Motion,Inertia and Force Requirement for Motion,A hockey puck of mass 10 kg slides across a completely frictionless horizontal sheet of ice at a steady speed of 10 m/s. What net horizontal force is required to keep it moving?,"By Newton's First Law (Law of Inertia), an object in motion continues at constant velocity unless acted upon by a net external force. Friction is zero, so net force required is 0 N.","Net horizontal force required is 0 N. By Newton's First Law, an object in motion remains in uniform motion unless an external net force acts on it.",CORRECT: Scientifically Accurate Response,no_error,High,Rigorous scientific reasoning with valid physical principles and mathematical steps.,True,motion_diagram,An object of mass m sliding across a frictionless horizontal ice surface at constant velocity v.,train
REC-00581,PHY-Class9-10-0581,FORCE_NEWTON_FIRST_LAW,Class 9,Force and Laws of Motion,Inertia and Force Requirement for Motion,A cart of mass 3 kg glides in outer space far from gravitational sources at constant velocity 3 m/s. What forward force keeps it in motion?,"By Newton's First Law (Law of Inertia), an object in motion continues at constant velocity unless acted upon by a net external force. Friction is zero, so net force required is 0 N.",0 N. No force is needed to maintain constant velocity on a frictionless surface because inertia keeps it moving.,CORRECT: Scientifically Accurate Response,no_error,High,Rigorous scientific reasoning with valid physical principles and mathematical steps.,True,motion_diagram,An object of mass m sliding across a frictionless horizontal ice surface at constant velocity v.,val
REC-00582,PHY-Class9-10-0582,FORCE_NEWTON_FIRST_LAW,Class 9,Force and Laws of Motion,Inertia and Force Requirement for Motion,A block of mass 2 kg moves on an ideal frictionless linear air track at 2 m/s. How much thrust is needed to maintain this constant speed?,"By Newton's First Law (Law of Inertia), an object in motion continues at constant velocity unless acted upon by a net external force. Friction is zero, so net force required is 0 N.",Zero Newtons. F_net = m * a = m * 0 = 0 N.,CORRECT: Scientifically Accurate Response,no_error,High,Rigorous scientific reasoning with valid physical principles and mathematical steps.,True,motion_diagram,An object of mass m sliding across a frictionless horizontal ice surface at constant velocity v.,train
REC-00583,PHY-Class9-10-0583,FORCE_NEWTON_FIRST_LAW,Class 9,Force and Laws of Motion,Inertia and Force Requirement for Motion,A hockey puck of mass 5 kg slides across a completely frictionless horizontal sheet of ice at a steady speed of 5 m/s. What net horizontal force is required to keep it moving?,"By Newton's First Law (Law of Inertia), an object in motion continues at constant velocity unless acted upon by a net external force. Friction is zero, so net force required is 0 N.","Net horizontal force required is 0 N. By Newton's First Law, an object in motion remains in uniform motion unless an external net force acts on it.",CORRECT: Scientifically Accurate Response,no_error,High,Rigorous scientific reasoning with valid physical principles and mathematical steps.,True,motion_diagram,An object of mass m sliding across a frictionless horizontal ice surface at constant velocity v.,train
REC-00584,PHY-Class9-10-0584,FORCE_NEWTON_FIRST_LAW,Class 9,Force and Laws of Motion,Inertia and Force Requirement for Motion,A cart of mass 1 kg glides in outer space far from gravitational sources at constant velocity 1 m/s. What forward force keeps it in motion?,"By Newton's First Law (Law of Inertia), an object in motion continues at constant velocity unless acted upon by a net external force. Friction is zero, so net force required is 0 N.",0 N. No force is needed to maintain constant velocity on a frictionless surface because inertia keeps it moving.,CORRECT: Scientifically Accurate Response,no_error,High,Rigorous scientific reasoning with valid physical principles and mathematical steps.,True,motion_diagram,An object of mass m sliding across a frictionless horizontal ice surface at constant velocity v.,train
REC-00585,PHY-Class9-10-0585,FORCE_NEWTON_FIRST_LAW,Class 9,Force and Laws of Motion,Inertia and Force Requirement for Motion,A block of mass 10 kg moves on an ideal frictionless linear air track at 10 m/s. How much thrust is needed to maintain this constant speed?,"By Newton's First Law (Law of Inertia), an object in motion continues at constant velocity unless acted upon by a net external force. Friction is zero, so net force required is 0 N.",Zero Newtons. F_net = m * a = m * 0 = 0 N.,CORRECT: Scientifically Accurate Response,no_error,High,Rigorous scientific reasoning with valid physical principles and mathematical steps.,True,motion_diagram,An object of mass m sliding across a frictionless horizontal ice surface at constant velocity v.,val
REC-00586,PHY-Class9-10-0586,FORCE_NEWTON_FIRST_LAW,Class 9,Force and Laws of Motion,Inertia and Force Requirement for Motion,A hockey puck of mass 3 kg slides across a completely frictionless horizontal sheet of ice at a steady speed of 3 m/s. What net horizontal force is required to keep it moving?,"By Newton's First Law (Law of Inertia), an object in motion continues at constant velocity unless acted upon by a net external force. Friction is zero, so net force required is 0 N.","Net horizontal force required is 0 N. By Newton's First Law, an object in motion remains in uniform motion unless an external net force acts on it.",CORRECT: Scientifically Accurate Response,no_error,High,Rigorous scientific reasoning with valid physical principles and mathematical steps.,True,motion_diagram,An object of mass m sliding across a frictionless horizontal ice surface at constant velocity v.,train
REC-00587,PHY-Class9-10-0587,FORCE_NEWTON_FIRST_LAW,Class 9,Force and Laws of Motion,Inertia and Force Requirement for Motion,A cart of mass 2 kg glides in outer space far from gravitational sources at constant velocity 2 m/s. What forward force keeps it in motion?,"By Newton's First Law (Law of Inertia), an object in motion continues at constant velocity unless acted upon by a net external force. Friction is zero, so net force required is 0 N.",0 N. No force is needed to maintain constant velocity on a frictionless surface because inertia keeps it moving.,CORRECT: Scientifically Accurate Response,no_error,High,Rigorous scientific reasoning with valid physical principles and mathematical steps.,True,motion_diagram,An object of mass m sliding across a frictionless horizontal ice surface at constant velocity v.,test
REC-00588,PHY-Class9-10-0588,FORCE_NEWTON_FIRST_LAW,Class 9,Force and Laws of Motion,Inertia and Force Requirement for Motion,A block of mass 5 kg moves on an ideal frictionless linear air track at 5 m/s. How much thrust is needed to maintain this constant speed?,"By Newton's First Law (Law of Inertia), an object in motion continues at constant velocity unless acted upon by a net external force. Friction is zero, so net force required is 0 N.",Zero Newtons. F_net = m * a = m * 0 = 0 N.,CORRECT: Scientifically Accurate Response,no_error,High,Rigorous scientific reasoning with valid physical principles and mathematical steps.,True,motion_diagram,An object of mass m sliding across a frictionless horizontal ice surface at constant velocity v.,train
REC-00589,PHY-Class9-10-0589,FORCE_NEWTON_FIRST_LAW,Class 9,Force and Laws of Motion,Inertia and Force Requirement for Motion,A hockey puck of mass 2 kg slides across a completely frictionless horizontal sheet of ice at a steady speed of 2 m/s. What net horizontal force is required to keep it moving?,"By Newton's First Law (Law of Inertia), an object in motion continues at constant velocity unless acted upon by a net external force. Friction is zero, so net force required is 0 N.","Net force is 0 N, but calculated momentum as 3.0 kg m/s due to multiplication slip.",CARELESS_CALCULATION_ERROR,calculation_slip,Medium,Conceptual formula choice is correct; error is isolated to an arithmetic slip.,True,motion_diagram,An object of mass m sliding across a frictionless horizontal ice surface at constant velocity v.,test
REC-00590,PHY-Class9-10-0590,FORCE_NEWTON_FIRST_LAW,Class 9,Force and Laws of Motion,Inertia and Force Requirement for Motion,A cart of mass 5 kg glides in outer space far from gravitational sources at constant velocity 5 m/s. What forward force keeps it in motion?,"By Newton's First Law (Law of Inertia), an object in motion continues at constant velocity unless acted upon by a net external force. Friction is zero, so net force required is 0 N.","Correctly stated 0 N force, but misquoted Newton's law number as Third law.",CARELESS_CALCULATION_ERROR,calculation_slip,Medium,Conceptual formula choice is correct; error is isolated to an arithmetic slip.,True,motion_diagram,An object of mass m sliding across a frictionless horizontal ice surface at constant velocity v.,train
REC-00591,PHY-Class9-10-0591,FORCE_NEWTON_FIRST_LAW,Class 9,Force and Laws of Motion,Inertia and Force Requirement for Motion,A block of mass 1 kg moves on an ideal frictionless linear air track at 1 m/s. How much thrust is needed to maintain this constant speed?,"By Newton's First Law (Law of Inertia), an object in motion continues at constant velocity unless acted upon by a net external force. Friction is zero, so net force required is 0 N.","Net force is 0 N, but calculated momentum as 1.5 kg m/s due to multiplication slip.",CARELESS_CALCULATION_ERROR,calculation_slip,Medium,Conceptual formula choice is correct; error is isolated to an arithmetic slip.,True,motion_diagram,An object of mass m sliding across a frictionless horizontal ice surface at constant velocity v.,train
REC-00592,PHY-Class9-10-0592,FORCE_NEWTON_FIRST_LAW,Class 9,Force and Laws of Motion,Inertia and Force Requirement for Motion,A hockey puck of mass 10 kg slides across a completely frictionless horizontal sheet of ice at a steady speed of 10 m/s. What net horizontal force is required to keep it moving?,"By Newton's First Law (Law of Inertia), an object in motion continues at constant velocity unless acted upon by a net external force. Friction is zero, so net force required is 0 N.","Correctly stated 0 N force, but misquoted Newton's law number as Third law.",CARELESS_CALCULATION_ERROR,calculation_slip,Medium,Conceptual formula choice is correct; error is isolated to an arithmetic slip.,True,motion_diagram,An object of mass m sliding across a frictionless horizontal ice surface at constant velocity v.,val
REC-00593,PHY-Class9-10-0593,FORCE_NEWTON_FIRST_LAW,Class 9,Force and Laws of Motion,Inertia and Force Requirement for Motion,A hockey puck of mass 2 kg slides across a completely frictionless horizontal sheet of ice at a steady speed of 2 m/s. What net horizontal force is required to keep it moving?,"By Newton's First Law (Law of Inertia), an object in motion continues at constant velocity unless acted upon by a net external force. Friction is zero, so net force required is 0 N.",Force required is 0 Joules instead of Newtons.,UNIT_CONVERSION_ERROR,unit_error,High,"Numerical reasoning is sound, but units were omitted or confused with another physical quantity.",True,motion_diagram,An object of mass m sliding across a frictionless horizontal ice surface at constant velocity v.,train
REC-00594,PHY-Class9-10-0594,FORCE_NEWTON_FIRST_LAW,Class 9,Force and Laws of Motion,Inertia and Force Requirement for Motion,A cart of mass 5 kg glides in outer space far from gravitational sources at constant velocity 5 m/s. What forward force keeps it in motion?,"By Newton's First Law (Law of Inertia), an object in motion continues at constant velocity unless acted upon by a net external force. Friction is zero, so net force required is 0 N.",Reported net force as 0 kg m/s.,UNIT_CONVERSION_ERROR,unit_error,High,"Numerical reasoning is sound, but units were omitted or confused with another physical quantity.",True,motion_diagram,An object of mass m sliding across a frictionless horizontal ice surface at constant velocity v.,train
REC-00595,PHY-Class9-10-0595,FORCE_NEWTON_FIRST_LAW,Class 9,Force and Laws of Motion,Inertia and Force Requirement for Motion,A block of mass 1 kg moves on an ideal frictionless linear air track at 1 m/s. How much thrust is needed to maintain this constant speed?,"By Newton's First Law (Law of Inertia), an object in motion continues at constant velocity unless acted upon by a net external force. Friction is zero, so net force required is 0 N.",Force required is 0 Joules instead of Newtons.,UNIT_CONVERSION_ERROR,unit_error,High,"Numerical reasoning is sound, but units were omitted or confused with another physical quantity.",True,motion_diagram,An object of mass m sliding across a frictionless horizontal ice surface at constant velocity v.,val
REC-00596,PHY-Class9-10-0596,FORCE_NEWTON_FIRST_LAW,Class 9,Force and Laws of Motion,Inertia and Force Requirement for Motion,A hockey puck of mass 10 kg slides across a completely frictionless horizontal sheet of ice at a steady speed of 10 m/s. What net horizontal force is required to keep it moving?,"By Newton's First Law (Law of Inertia), an object in motion continues at constant velocity unless acted upon by a net external force. Friction is zero, so net force required is 0 N.",Reported net force as 0 kg m/s.,UNIT_CONVERSION_ERROR,unit_error,High,"Numerical reasoning is sound, but units were omitted or confused with another physical quantity.",True,motion_diagram,An object of mass m sliding across a frictionless horizontal ice surface at constant velocity v.,test
REC-00597,PHY-Class9-10-0597,FORCE_NEWTON_FIRST_LAW,Class 9,Force and Laws of Motion,Inertia and Force Requirement for Motion,A hockey puck of mass 2 kg slides across a completely frictionless horizontal sheet of ice at a steady speed of 2 m/s. What net horizontal force is required to keep it moving?,"By Newton's First Law (Law of Inertia), an object in motion continues at constant velocity unless acted upon by a net external force. Friction is zero, so net force required is 0 N.","I think things need a force to move, but on ice maybe it is very small?",UNSURE_INSUFFICIENT_EVIDENCE,guessing_unclear,Low,Student response contains minimal reasoning or expresses explicit uncertainty; requires diagnostic probe.,True,motion_diagram,An object of mass m sliding across a frictionless horizontal ice surface at constant velocity v.,train
REC-00598,PHY-Class9-10-0598,FORCE_NEWTON_FIRST_LAW,Class 9,Force and Laws of Motion,Inertia and Force Requirement for Motion,A cart of mass 5 kg glides in outer space far from gravitational sources at constant velocity 5 m/s. What forward force keeps it in motion?,"By Newton's First Law (Law of Inertia), an object in motion continues at constant velocity unless acted upon by a net external force. Friction is zero, so net force required is 0 N.",Uncertain whether force is zero or equal to mass times speed.,UNSURE_INSUFFICIENT_EVIDENCE,guessing_unclear,Low,Student response contains minimal reasoning or expresses explicit uncertainty; requires diagnostic probe.,True,motion_diagram,An object of mass m sliding across a frictionless horizontal ice surface at constant velocity v.,val
REC-00599,PHY-Class9-10-0599,FORCE_NEWTON_FIRST_LAW,Class 9,Force and Laws of Motion,Inertia and Force Requirement for Motion,A block of mass 1 kg moves on an ideal frictionless linear air track at 1 m/s. How much thrust is needed to maintain this constant speed?,"By Newton's First Law (Law of Inertia), an object in motion continues at constant velocity unless acted upon by a net external force. Friction is zero, so net force required is 0 N.","I think things need a force to move, but on ice maybe it is very small?",UNSURE_INSUFFICIENT_EVIDENCE,guessing_unclear,Low,Student response contains minimal reasoning or expresses explicit uncertainty; requires diagnostic probe.,True,motion_diagram,An object of mass m sliding across a frictionless horizontal ice surface at constant velocity v.,train
REC-00600,PHY-Class9-10-0600,FORCE_NEWTON_FIRST_LAW,Class 9,Force and Laws of Motion,Inertia and Force Requirement for Motion,A hockey puck of mass 10 kg slides across a completely frictionless horizontal sheet of ice at a steady speed of 10 m/s. What net horizontal force is required to keep it moving?,"By Newton's First Law (Law of Inertia), an object in motion continues at constant velocity unless acted upon by a net external force. Friction is zero, so net force required is 0 N.",Uncertain whether force is zero or equal to mass times speed.,UNSURE_INSUFFICIENT_EVIDENCE,guessing_unclear,Low,Student response contains minimal reasoning or expresses explicit uncertainty; requires diagnostic probe.,True,motion_diagram,An object of mass m sliding across a frictionless horizontal ice surface at constant velocity v.,test
REC-00601,PHY-Class9-11-0601,GRAVITATION_FREE_FALL,Class 9,Gravitation,Free Fall and Acceleration Due to Gravity (Mass Independence),"In an evacuated vacuum tube, a 10 kg iron cannonball and a 10 g feather are released simultaneously from a height of 20 meters. Which hits the bottom first, and why?","Both objects hit the ground at exactly the same time. While gravitational force is proportional to mass (F = mg), acceleration is a = F/m = g. In vacuum, all objects fall with identical acceleration.",The 10 kg cannonball hits first because it is much heavier and gravity pulls it with greater acceleration.,MISC-GRAV-001: Heavier Objects Fall Faster Fallacy,conceptual_misconception,High,"Believes heavier objects accelerate faster under gravity, confusing gravitational force with acceleration.",True,motion_diagram,A heavy metal sphere of mass M and a light wooden sphere of mass m dropped simultaneously in an evacuated vacuum chamber.,val
REC-00602,PHY-Class9-11-0602,GRAVITATION_FREE_FALL,Class 9,Gravitation,Free Fall and Acceleration Due to Gravity (Mass Independence),Two solid metal spheres of mass 5 kg and 5 kg are dropped simultaneously from height 50 m in vacuum. Compare their arrival times.,"Both objects hit the ground at exactly the same time. While gravitational force is proportional to mass (F = mg), acceleration is a = F/m = g. In vacuum, all objects fall with identical acceleration.",Heavier objects fall faster because greater mass means greater downward speed.,MISC-GRAV-001: Heavier Objects Fall Faster Fallacy,conceptual_misconception,High,"Believes heavier objects accelerate faster under gravity, confusing gravitational force with acceleration.",True,motion_diagram,A heavy metal sphere of mass M and a light wooden sphere of mass m dropped simultaneously in an evacuated vacuum chamber.,train
REC-00603,PHY-Class9-11-0603,GRAVITATION_FREE_FALL,Class 9,Gravitation,Free Fall and Acceleration Due to Gravity (Mass Independence),An astronaut on the Moon drops a hammer (20 kg) and a feather (20 g) from 15 m above the surface. Describe what happens.,"Both objects hit the ground at exactly the same time. While gravitational force is proportional to mass (F = mg), acceleration is a = F/m = g. In vacuum, all objects fall with identical acceleration.",The feather takes longer to fall because lighter objects fall slower under gravity.,MISC-GRAV-001: Heavier Objects Fall Faster Fallacy,conceptual_misconception,High,"Believes heavier objects accelerate faster under gravity, confusing gravitational force with acceleration.",True,motion_diagram,A heavy metal sphere of mass M and a light wooden sphere of mass m dropped simultaneously in an evacuated vacuum chamber.,train
REC-00604,PHY-Class9-11-0604,GRAVITATION_FREE_FALL,Class 9,Gravitation,Free Fall and Acceleration Due to Gravity (Mass Independence),"In an evacuated vacuum tube, a 50 kg iron cannonball and a 50 g feather are released simultaneously from a height of 30 meters. Which hits the bottom first, and why?","Both objects hit the ground at exactly the same time. While gravitational force is proportional to mass (F = mg), acceleration is a = F/m = g. In vacuum, all objects fall with identical acceleration.",The 50 kg object arrives first because gravity acts more strongly on heavy bodies.,MISC-GRAV-001: Heavier Objects Fall Faster Fallacy,conceptual_misconception,High,"Believes heavier objects accelerate faster under gravity, confusing gravitational force with acceleration.",True,motion_diagram,A heavy metal sphere of mass M and a light wooden sphere of mass m dropped simultaneously in an evacuated vacuum chamber.,val
REC-00605,PHY-Class9-11-0605,GRAVITATION_FREE_FALL,Class 9,Gravitation,Free Fall and Acceleration Due to Gravity (Mass Independence),Two solid metal spheres of mass 10 kg and 10 kg are dropped simultaneously from height 20 m in vacuum. Compare their arrival times.,"Both objects hit the ground at exactly the same time. While gravitational force is proportional to mass (F = mg), acceleration is a = F/m = g. In vacuum, all objects fall with identical acceleration.",The 10 kg cannonball hits first because it is much heavier and gravity pulls it with greater acceleration.,MISC-GRAV-001: Heavier Objects Fall Faster Fallacy,conceptual_misconception,High,"Believes heavier objects accelerate faster under gravity, confusing gravitational force with acceleration.",True,motion_diagram,A heavy metal sphere of mass M and a light wooden sphere of mass m dropped simultaneously in an evacuated vacuum chamber.,train
REC-00606,PHY-Class9-11-0606,GRAVITATION_FREE_FALL,Class 9,Gravitation,Free Fall and Acceleration Due to Gravity (Mass Independence),An astronaut on the Moon drops a hammer (5 kg) and a feather (5 g) from 50 m above the surface. Describe what happens.,"Both objects hit the ground at exactly the same time. While gravitational force is proportional to mass (F = mg), acceleration is a = F/m = g. In vacuum, all objects fall with identical acceleration.",Heavier objects fall faster because greater mass means greater downward speed.,MISC-GRAV-001: Heavier Objects Fall Faster Fallacy,conceptual_misconception,High,"Believes heavier objects accelerate faster under gravity, confusing gravitational force with acceleration.",True,motion_diagram,A heavy metal sphere of mass M and a light wooden sphere of mass m dropped simultaneously in an evacuated vacuum chamber.,train
REC-00607,PHY-Class9-11-0607,GRAVITATION_FREE_FALL,Class 9,Gravitation,Free Fall and Acceleration Due to Gravity (Mass Independence),"In an evacuated vacuum tube, a 20 kg iron cannonball and a 20 g feather are released simultaneously from a height of 15 meters. Which hits the bottom first, and why?","Both objects hit the ground at exactly the same time. While gravitational force is proportional to mass (F = mg), acceleration is a = F/m = g. In vacuum, all objects fall with identical acceleration.",The feather takes longer to fall because lighter objects fall slower under gravity.,MISC-GRAV-001: Heavier Objects Fall Faster Fallacy,conceptual_misconception,High,"Believes heavier objects accelerate faster under gravity, confusing gravitational force with acceleration.",True,motion_diagram,A heavy metal sphere of mass M and a light wooden sphere of mass m dropped simultaneously in an evacuated vacuum chamber.,train
REC-00608,PHY-Class9-11-0608,GRAVITATION_FREE_FALL,Class 9,Gravitation,Free Fall and Acceleration Due to Gravity (Mass Independence),Two solid metal spheres of mass 50 kg and 50 kg are dropped simultaneously from height 30 m in vacuum. Compare their arrival times.,"Both objects hit the ground at exactly the same time. While gravitational force is proportional to mass (F = mg), acceleration is a = F/m = g. In vacuum, all objects fall with identical acceleration.",The 50 kg object arrives first because gravity acts more strongly on heavy bodies.,MISC-GRAV-001: Heavier Objects Fall Faster Fallacy,conceptual_misconception,High,"Believes heavier objects accelerate faster under gravity, confusing gravitational force with acceleration.",True,motion_diagram,A heavy metal sphere of mass M and a light wooden sphere of mass m dropped simultaneously in an evacuated vacuum chamber.,train
REC-00609,PHY-Class9-11-0609,GRAVITATION_FREE_FALL,Class 9,Gravitation,Free Fall and Acceleration Due to Gravity (Mass Independence),An astronaut on the Moon drops a hammer (10 kg) and a feather (10 g) from 20 m above the surface. Describe what happens.,"Both objects hit the ground at exactly the same time. While gravitational force is proportional to mass (F = mg), acceleration is a = F/m = g. In vacuum, all objects fall with identical acceleration.",The 10 kg cannonball hits first because it is much heavier and gravity pulls it with greater acceleration.,MISC-GRAV-001: Heavier Objects Fall Faster Fallacy,conceptual_misconception,High,"Believes heavier objects accelerate faster under gravity, confusing gravitational force with acceleration.",True,motion_diagram,A heavy metal sphere of mass M and a light wooden sphere of mass m dropped simultaneously in an evacuated vacuum chamber.,train
REC-00610,PHY-Class9-11-0610,GRAVITATION_FREE_FALL,Class 9,Gravitation,Free Fall and Acceleration Due to Gravity (Mass Independence),"In an evacuated vacuum tube, a 5 kg iron cannonball and a 5 g feather are released simultaneously from a height of 50 meters. Which hits the bottom first, and why?","Both objects hit the ground at exactly the same time. While gravitational force is proportional to mass (F = mg), acceleration is a = F/m = g. In vacuum, all objects fall with identical acceleration.",Heavier objects fall faster because greater mass means greater downward speed.,MISC-GRAV-001: Heavier Objects Fall Faster Fallacy,conceptual_misconception,High,"Believes heavier objects accelerate faster under gravity, confusing gravitational force with acceleration.",True,motion_diagram,A heavy metal sphere of mass M and a light wooden sphere of mass m dropped simultaneously in an evacuated vacuum chamber.,test
REC-00611,PHY-Class9-11-0611,GRAVITATION_FREE_FALL,Class 9,Gravitation,Free Fall and Acceleration Due to Gravity (Mass Independence),Two solid metal spheres of mass 20 kg and 20 kg are dropped simultaneously from height 15 m in vacuum. Compare their arrival times.,"Both objects hit the ground at exactly the same time. While gravitational force is proportional to mass (F = mg), acceleration is a = F/m = g. In vacuum, all objects fall with identical acceleration.",The feather takes longer to fall because lighter objects fall slower under gravity.,MISC-GRAV-001: Heavier Objects Fall Faster Fallacy,conceptual_misconception,High,"Believes heavier objects accelerate faster under gravity, confusing gravitational force with acceleration.",True,motion_diagram,A heavy metal sphere of mass M and a light wooden sphere of mass m dropped simultaneously in an evacuated vacuum chamber.,train
REC-00612,PHY-Class9-11-0612,GRAVITATION_FREE_FALL,Class 9,Gravitation,Free Fall and Acceleration Due to Gravity (Mass Independence),An astronaut on the Moon drops a hammer (50 kg) and a feather (50 g) from 30 m above the surface. Describe what happens.,"Both objects hit the ground at exactly the same time. While gravitational force is proportional to mass (F = mg), acceleration is a = F/m = g. In vacuum, all objects fall with identical acceleration.",The 50 kg object arrives first because gravity acts more strongly on heavy bodies.,MISC-GRAV-001: Heavier Objects Fall Faster Fallacy,conceptual_misconception,High,"Believes heavier objects accelerate faster under gravity, confusing gravitational force with acceleration.",True,motion_diagram,A heavy metal sphere of mass M and a light wooden sphere of mass m dropped simultaneously in an evacuated vacuum chamber.,train
REC-00613,PHY-Class9-11-0613,GRAVITATION_FREE_FALL,Class 9,Gravitation,Free Fall and Acceleration Due to Gravity (Mass Independence),"In an evacuated vacuum tube, a 10 kg iron cannonball and a 10 g feather are released simultaneously from a height of 20 meters. Which hits the bottom first, and why?","Both objects hit the ground at exactly the same time. While gravitational force is proportional to mass (F = mg), acceleration is a = F/m = g. In vacuum, all objects fall with identical acceleration.",The 10 kg cannonball hits first because it is much heavier and gravity pulls it with greater acceleration.,MISC-GRAV-001: Heavier Objects Fall Faster Fallacy,conceptual_misconception,High,"Believes heavier objects accelerate faster under gravity, confusing gravitational force with acceleration.",True,motion_diagram,A heavy metal sphere of mass M and a light wooden sphere of mass m dropped simultaneously in an evacuated vacuum chamber.,train
REC-00614,PHY-Class9-11-0614,GRAVITATION_FREE_FALL,Class 9,Gravitation,Free Fall and Acceleration Due to Gravity (Mass Independence),Two solid metal spheres of mass 5 kg and 5 kg are dropped simultaneously from height 50 m in vacuum. Compare their arrival times.,"Both objects hit the ground at exactly the same time. While gravitational force is proportional to mass (F = mg), acceleration is a = F/m = g. In vacuum, all objects fall with identical acceleration.",Heavier objects fall faster because greater mass means greater downward speed.,MISC-GRAV-001: Heavier Objects Fall Faster Fallacy,conceptual_misconception,High,"Believes heavier objects accelerate faster under gravity, confusing gravitational force with acceleration.",True,motion_diagram,A heavy metal sphere of mass M and a light wooden sphere of mass m dropped simultaneously in an evacuated vacuum chamber.,train
REC-00615,PHY-Class9-11-0615,GRAVITATION_FREE_FALL,Class 9,Gravitation,Free Fall and Acceleration Due to Gravity (Mass Independence),An astronaut on the Moon drops a hammer (20 kg) and a feather (20 g) from 15 m above the surface. Describe what happens.,"Both objects hit the ground at exactly the same time. While gravitational force is proportional to mass (F = mg), acceleration is a = F/m = g. In vacuum, all objects fall with identical acceleration.",The feather takes longer to fall because lighter objects fall slower under gravity.,MISC-GRAV-001: Heavier Objects Fall Faster Fallacy,conceptual_misconception,High,"Believes heavier objects accelerate faster under gravity, confusing gravitational force with acceleration.",True,motion_diagram,A heavy metal sphere of mass M and a light wooden sphere of mass m dropped simultaneously in an evacuated vacuum chamber.,train
REC-00616,PHY-Class9-11-0616,GRAVITATION_FREE_FALL,Class 9,Gravitation,Free Fall and Acceleration Due to Gravity (Mass Independence),"In an evacuated vacuum tube, a 50 kg iron cannonball and a 50 g feather are released simultaneously from a height of 30 meters. Which hits the bottom first, and why?","Both objects hit the ground at exactly the same time. While gravitational force is proportional to mass (F = mg), acceleration is a = F/m = g. In vacuum, all objects fall with identical acceleration.",The 50 kg object arrives first because gravity acts more strongly on heavy bodies.,MISC-GRAV-001: Heavier Objects Fall Faster Fallacy,conceptual_misconception,High,"Believes heavier objects accelerate faster under gravity, confusing gravitational force with acceleration.",True,motion_diagram,A heavy metal sphere of mass M and a light wooden sphere of mass m dropped simultaneously in an evacuated vacuum chamber.,test
REC-00617,PHY-Class9-11-0617,GRAVITATION_FREE_FALL,Class 9,Gravitation,Free Fall and Acceleration Due to Gravity (Mass Independence),Two solid metal spheres of mass 10 kg and 10 kg are dropped simultaneously from height 20 m in vacuum. Compare their arrival times.,"Both objects hit the ground at exactly the same time. While gravitational force is proportional to mass (F = mg), acceleration is a = F/m = g. In vacuum, all objects fall with identical acceleration.",The 10 kg cannonball hits first because it is much heavier and gravity pulls it with greater acceleration.,MISC-GRAV-001: Heavier Objects Fall Faster Fallacy,conceptual_misconception,High,"Believes heavier objects accelerate faster under gravity, confusing gravitational force with acceleration.",True,motion_diagram,A heavy metal sphere of mass M and a light wooden sphere of mass m dropped simultaneously in an evacuated vacuum chamber.,train
REC-00618,PHY-Class9-11-0618,GRAVITATION_FREE_FALL,Class 9,Gravitation,Free Fall and Acceleration Due to Gravity (Mass Independence),An astronaut on the Moon drops a hammer (5 kg) and a feather (5 g) from 50 m above the surface. Describe what happens.,"Both objects hit the ground at exactly the same time. While gravitational force is proportional to mass (F = mg), acceleration is a = F/m = g. In vacuum, all objects fall with identical acceleration.",Heavier objects fall faster because greater mass means greater downward speed.,MISC-GRAV-001: Heavier Objects Fall Faster Fallacy,conceptual_misconception,High,"Believes heavier objects accelerate faster under gravity, confusing gravitational force with acceleration.",True,motion_diagram,A heavy metal sphere of mass M and a light wooden sphere of mass m dropped simultaneously in an evacuated vacuum chamber.,train
REC-00619,PHY-Class9-11-0619,GRAVITATION_FREE_FALL,Class 9,Gravitation,Free Fall and Acceleration Due to Gravity (Mass Independence),"In an evacuated vacuum tube, a 20 kg iron cannonball and a 20 g feather are released simultaneously from a height of 15 meters. Which hits the bottom first, and why?","Both objects hit the ground at exactly the same time. While gravitational force is proportional to mass (F = mg), acceleration is a = F/m = g. In vacuum, all objects fall with identical acceleration.",The feather takes longer to fall because lighter objects fall slower under gravity.,MISC-GRAV-001: Heavier Objects Fall Faster Fallacy,conceptual_misconception,High,"Believes heavier objects accelerate faster under gravity, confusing gravitational force with acceleration.",True,motion_diagram,A heavy metal sphere of mass M and a light wooden sphere of mass m dropped simultaneously in an evacuated vacuum chamber.,train
REC-00620,PHY-Class9-11-0620,GRAVITATION_FREE_FALL,Class 9,Gravitation,Free Fall and Acceleration Due to Gravity (Mass Independence),Two solid metal spheres of mass 50 kg and 50 kg are dropped simultaneously from height 30 m in vacuum. Compare their arrival times.,"Both objects hit the ground at exactly the same time. While gravitational force is proportional to mass (F = mg), acceleration is a = F/m = g. In vacuum, all objects fall with identical acceleration.",The 50 kg object arrives first because gravity acts more strongly on heavy bodies.,MISC-GRAV-001: Heavier Objects Fall Faster Fallacy,conceptual_misconception,High,"Believes heavier objects accelerate faster under gravity, confusing gravitational force with acceleration.",True,motion_diagram,A heavy metal sphere of mass M and a light wooden sphere of mass m dropped simultaneously in an evacuated vacuum chamber.,train
REC-00621,PHY-Class9-11-0621,GRAVITATION_FREE_FALL,Class 9,Gravitation,Free Fall and Acceleration Due to Gravity (Mass Independence),An astronaut on the Moon drops a hammer (10 kg) and a feather (10 g) from 20 m above the surface. Describe what happens.,"Both objects hit the ground at exactly the same time. While gravitational force is proportional to mass (F = mg), acceleration is a = F/m = g. In vacuum, all objects fall with identical acceleration.",The 10 kg cannonball hits first because it is much heavier and gravity pulls it with greater acceleration.,MISC-GRAV-001: Heavier Objects Fall Faster Fallacy,conceptual_misconception,High,"Believes heavier objects accelerate faster under gravity, confusing gravitational force with acceleration.",True,motion_diagram,A heavy metal sphere of mass M and a light wooden sphere of mass m dropped simultaneously in an evacuated vacuum chamber.,test
REC-00622,PHY-Class9-11-0622,GRAVITATION_FREE_FALL,Class 9,Gravitation,Free Fall and Acceleration Due to Gravity (Mass Independence),"In an evacuated vacuum tube, a 5 kg iron cannonball and a 5 g feather are released simultaneously from a height of 50 meters. Which hits the bottom first, and why?","Both objects hit the ground at exactly the same time. While gravitational force is proportional to mass (F = mg), acceleration is a = F/m = g. In vacuum, all objects fall with identical acceleration.",Heavier objects fall faster because greater mass means greater downward speed.,MISC-GRAV-001: Heavier Objects Fall Faster Fallacy,conceptual_misconception,High,"Believes heavier objects accelerate faster under gravity, confusing gravitational force with acceleration.",True,motion_diagram,A heavy metal sphere of mass M and a light wooden sphere of mass m dropped simultaneously in an evacuated vacuum chamber.,train
REC-00623,PHY-Class9-11-0623,GRAVITATION_FREE_FALL,Class 9,Gravitation,Free Fall and Acceleration Due to Gravity (Mass Independence),Two solid metal spheres of mass 20 kg and 20 kg are dropped simultaneously from height 15 m in vacuum. Compare their arrival times.,"Both objects hit the ground at exactly the same time. While gravitational force is proportional to mass (F = mg), acceleration is a = F/m = g. In vacuum, all objects fall with identical acceleration.",The feather takes longer to fall because lighter objects fall slower under gravity.,MISC-GRAV-001: Heavier Objects Fall Faster Fallacy,conceptual_misconception,High,"Believes heavier objects accelerate faster under gravity, confusing gravitational force with acceleration.",True,motion_diagram,A heavy metal sphere of mass M and a light wooden sphere of mass m dropped simultaneously in an evacuated vacuum chamber.,val
REC-00624,PHY-Class9-11-0624,GRAVITATION_FREE_FALL,Class 9,Gravitation,Free Fall and Acceleration Due to Gravity (Mass Independence),An astronaut on the Moon drops a hammer (50 kg) and a feather (50 g) from 30 m above the surface. Describe what happens.,"Both objects hit the ground at exactly the same time. While gravitational force is proportional to mass (F = mg), acceleration is a = F/m = g. In vacuum, all objects fall with identical acceleration.",The 50 kg object arrives first because gravity acts more strongly on heavy bodies.,MISC-GRAV-001: Heavier Objects Fall Faster Fallacy,conceptual_misconception,High,"Believes heavier objects accelerate faster under gravity, confusing gravitational force with acceleration.",True,motion_diagram,A heavy metal sphere of mass M and a light wooden sphere of mass m dropped simultaneously in an evacuated vacuum chamber.,train
REC-00625,PHY-Class9-11-0625,GRAVITATION_FREE_FALL,Class 9,Gravitation,Free Fall and Acceleration Due to Gravity (Mass Independence),"In an evacuated vacuum tube, a 10 kg iron cannonball and a 10 g feather are released simultaneously from a height of 20 meters. Which hits the bottom first, and why?","Both objects hit the ground at exactly the same time. While gravitational force is proportional to mass (F = mg), acceleration is a = F/m = g. In vacuum, all objects fall with identical acceleration.",The 10 kg cannonball hits first because it is much heavier and gravity pulls it with greater acceleration.,MISC-GRAV-001: Heavier Objects Fall Faster Fallacy,conceptual_misconception,High,"Believes heavier objects accelerate faster under gravity, confusing gravitational force with acceleration.",True,motion_diagram,A heavy metal sphere of mass M and a light wooden sphere of mass m dropped simultaneously in an evacuated vacuum chamber.,test
REC-00626,PHY-Class9-11-0626,GRAVITATION_FREE_FALL,Class 9,Gravitation,Free Fall and Acceleration Due to Gravity (Mass Independence),Two solid metal spheres of mass 5 kg and 5 kg are dropped simultaneously from height 50 m in vacuum. Compare their arrival times.,"Both objects hit the ground at exactly the same time. While gravitational force is proportional to mass (F = mg), acceleration is a = F/m = g. In vacuum, all objects fall with identical acceleration.",Heavier objects fall faster because greater mass means greater downward speed.,MISC-GRAV-001: Heavier Objects Fall Faster Fallacy,conceptual_misconception,High,"Believes heavier objects accelerate faster under gravity, confusing gravitational force with acceleration.",True,motion_diagram,A heavy metal sphere of mass M and a light wooden sphere of mass m dropped simultaneously in an evacuated vacuum chamber.,test
REC-00627,PHY-Class9-11-0627,GRAVITATION_FREE_FALL,Class 9,Gravitation,Free Fall and Acceleration Due to Gravity (Mass Independence),An astronaut on the Moon drops a hammer (20 kg) and a feather (20 g) from 15 m above the surface. Describe what happens.,"Both objects hit the ground at exactly the same time. While gravitational force is proportional to mass (F = mg), acceleration is a = F/m = g. In vacuum, all objects fall with identical acceleration.",The feather takes longer to fall because lighter objects fall slower under gravity.,MISC-GRAV-001: Heavier Objects Fall Faster Fallacy,conceptual_misconception,High,"Believes heavier objects accelerate faster under gravity, confusing gravitational force with acceleration.",True,motion_diagram,A heavy metal sphere of mass M and a light wooden sphere of mass m dropped simultaneously in an evacuated vacuum chamber.,train
REC-00628,PHY-Class9-11-0628,GRAVITATION_FREE_FALL,Class 9,Gravitation,Free Fall and Acceleration Due to Gravity (Mass Independence),"In an evacuated vacuum tube, a 50 kg iron cannonball and a 50 g feather are released simultaneously from a height of 30 meters. Which hits the bottom first, and why?","Both objects hit the ground at exactly the same time. While gravitational force is proportional to mass (F = mg), acceleration is a = F/m = g. In vacuum, all objects fall with identical acceleration.",The 50 kg object arrives first because gravity acts more strongly on heavy bodies.,MISC-GRAV-001: Heavier Objects Fall Faster Fallacy,conceptual_misconception,High,"Believes heavier objects accelerate faster under gravity, confusing gravitational force with acceleration.",True,motion_diagram,A heavy metal sphere of mass M and a light wooden sphere of mass m dropped simultaneously in an evacuated vacuum chamber.,val
REC-00629,PHY-Class9-11-0629,GRAVITATION_FREE_FALL,Class 9,Gravitation,Free Fall and Acceleration Due to Gravity (Mass Independence),Two solid metal spheres of mass 10 kg and 10 kg are dropped simultaneously from height 20 m in vacuum. Compare their arrival times.,"Both objects hit the ground at exactly the same time. While gravitational force is proportional to mass (F = mg), acceleration is a = F/m = g. In vacuum, all objects fall with identical acceleration.",The 10 kg cannonball hits first because it is much heavier and gravity pulls it with greater acceleration.,MISC-GRAV-001: Heavier Objects Fall Faster Fallacy,conceptual_misconception,High,"Believes heavier objects accelerate faster under gravity, confusing gravitational force with acceleration.",True,motion_diagram,A heavy metal sphere of mass M and a light wooden sphere of mass m dropped simultaneously in an evacuated vacuum chamber.,train
REC-00630,PHY-Class9-11-0630,GRAVITATION_FREE_FALL,Class 9,Gravitation,Free Fall and Acceleration Due to Gravity (Mass Independence),An astronaut on the Moon drops a hammer (5 kg) and a feather (5 g) from 50 m above the surface. Describe what happens.,"Both objects hit the ground at exactly the same time. While gravitational force is proportional to mass (F = mg), acceleration is a = F/m = g. In vacuum, all objects fall with identical acceleration.",Heavier objects fall faster because greater mass means greater downward speed.,MISC-GRAV-001: Heavier Objects Fall Faster Fallacy,conceptual_misconception,High,"Believes heavier objects accelerate faster under gravity, confusing gravitational force with acceleration.",True,motion_diagram,A heavy metal sphere of mass M and a light wooden sphere of mass m dropped simultaneously in an evacuated vacuum chamber.,train
REC-00631,PHY-Class9-11-0631,GRAVITATION_FREE_FALL,Class 9,Gravitation,Free Fall and Acceleration Due to Gravity (Mass Independence),"In an evacuated vacuum tube, a 20 kg iron cannonball and a 20 g feather are released simultaneously from a height of 15 meters. Which hits the bottom first, and why?","Both objects hit the ground at exactly the same time. While gravitational force is proportional to mass (F = mg), acceleration is a = F/m = g. In vacuum, all objects fall with identical acceleration.",The feather takes longer to fall because lighter objects fall slower under gravity.,MISC-GRAV-001: Heavier Objects Fall Faster Fallacy,conceptual_misconception,High,"Believes heavier objects accelerate faster under gravity, confusing gravitational force with acceleration.",True,motion_diagram,A heavy metal sphere of mass M and a light wooden sphere of mass m dropped simultaneously in an evacuated vacuum chamber.,train
REC-00632,PHY-Class9-11-0632,GRAVITATION_FREE_FALL,Class 9,Gravitation,Free Fall and Acceleration Due to Gravity (Mass Independence),Two solid metal spheres of mass 50 kg and 50 kg are dropped simultaneously from height 30 m in vacuum. Compare their arrival times.,"Both objects hit the ground at exactly the same time. While gravitational force is proportional to mass (F = mg), acceleration is a = F/m = g. In vacuum, all objects fall with identical acceleration.",The 50 kg object arrives first because gravity acts more strongly on heavy bodies.,MISC-GRAV-001: Heavier Objects Fall Faster Fallacy,conceptual_misconception,High,"Believes heavier objects accelerate faster under gravity, confusing gravitational force with acceleration.",True,motion_diagram,A heavy metal sphere of mass M and a light wooden sphere of mass m dropped simultaneously in an evacuated vacuum chamber.,test
REC-00633,PHY-Class9-11-0633,GRAVITATION_FREE_FALL,Class 9,Gravitation,Free Fall and Acceleration Due to Gravity (Mass Independence),An astronaut on the Moon drops a hammer (10 kg) and a feather (10 g) from 20 m above the surface. Describe what happens.,"Both objects hit the ground at exactly the same time. While gravitational force is proportional to mass (F = mg), acceleration is a = F/m = g. In vacuum, all objects fall with identical acceleration.",The 10 kg cannonball hits first because it is much heavier and gravity pulls it with greater acceleration.,MISC-GRAV-001: Heavier Objects Fall Faster Fallacy,conceptual_misconception,High,"Believes heavier objects accelerate faster under gravity, confusing gravitational force with acceleration.",True,motion_diagram,A heavy metal sphere of mass M and a light wooden sphere of mass m dropped simultaneously in an evacuated vacuum chamber.,train
REC-00634,PHY-Class9-11-0634,GRAVITATION_FREE_FALL,Class 9,Gravitation,Free Fall and Acceleration Due to Gravity (Mass Independence),"In an evacuated vacuum tube, a 5 kg iron cannonball and a 5 g feather are released simultaneously from a height of 50 meters. Which hits the bottom first, and why?","Both objects hit the ground at exactly the same time. While gravitational force is proportional to mass (F = mg), acceleration is a = F/m = g. In vacuum, all objects fall with identical acceleration.",Heavier objects fall faster because greater mass means greater downward speed.,MISC-GRAV-001: Heavier Objects Fall Faster Fallacy,conceptual_misconception,High,"Believes heavier objects accelerate faster under gravity, confusing gravitational force with acceleration.",True,motion_diagram,A heavy metal sphere of mass M and a light wooden sphere of mass m dropped simultaneously in an evacuated vacuum chamber.,train
REC-00635,PHY-Class9-11-0635,GRAVITATION_FREE_FALL,Class 9,Gravitation,Free Fall and Acceleration Due to Gravity (Mass Independence),Two solid metal spheres of mass 20 kg and 20 kg are dropped simultaneously from height 15 m in vacuum. Compare their arrival times.,"Both objects hit the ground at exactly the same time. While gravitational force is proportional to mass (F = mg), acceleration is a = F/m = g. In vacuum, all objects fall with identical acceleration.",The feather takes longer to fall because lighter objects fall slower under gravity.,MISC-GRAV-001: Heavier Objects Fall Faster Fallacy,conceptual_misconception,High,"Believes heavier objects accelerate faster under gravity, confusing gravitational force with acceleration.",True,motion_diagram,A heavy metal sphere of mass M and a light wooden sphere of mass m dropped simultaneously in an evacuated vacuum chamber.,train
REC-00636,PHY-Class9-11-0636,GRAVITATION_FREE_FALL,Class 9,Gravitation,Free Fall and Acceleration Due to Gravity (Mass Independence),An astronaut on the Moon drops a hammer (50 kg) and a feather (50 g) from 30 m above the surface. Describe what happens.,"Both objects hit the ground at exactly the same time. While gravitational force is proportional to mass (F = mg), acceleration is a = F/m = g. In vacuum, all objects fall with identical acceleration.",The 50 kg object arrives first because gravity acts more strongly on heavy bodies.,MISC-GRAV-001: Heavier Objects Fall Faster Fallacy,conceptual_misconception,High,"Believes heavier objects accelerate faster under gravity, confusing gravitational force with acceleration.",True,motion_diagram,A heavy metal sphere of mass M and a light wooden sphere of mass m dropped simultaneously in an evacuated vacuum chamber.,val
REC-00637,PHY-Class9-11-0637,GRAVITATION_FREE_FALL,Class 9,Gravitation,Free Fall and Acceleration Due to Gravity (Mass Independence),"In an evacuated vacuum tube, a 10 kg iron cannonball and a 10 g feather are released simultaneously from a height of 20 meters. Which hits the bottom first, and why?","Both objects hit the ground at exactly the same time. While gravitational force is proportional to mass (F = mg), acceleration is a = F/m = g. In vacuum, all objects fall with identical acceleration.","Both strike the ground at the exact same instant. Although the gravitational force is larger on the heavier object, its inertia is proportionally larger (a = F/m = g = 9.8 m/s^2 in vacuum).",CORRECT: Scientifically Accurate Response,no_error,High,Rigorous scientific reasoning with valid physical principles and mathematical steps.,True,motion_diagram,A heavy metal sphere of mass M and a light wooden sphere of mass m dropped simultaneously in an evacuated vacuum chamber.,train
REC-00638,PHY-Class9-11-0638,GRAVITATION_FREE_FALL,Class 9,Gravitation,Free Fall and Acceleration Due to Gravity (Mass Independence),Two solid metal spheres of mass 5 kg and 5 kg are dropped simultaneously from height 50 m in vacuum. Compare their arrival times.,"Both objects hit the ground at exactly the same time. While gravitational force is proportional to mass (F = mg), acceleration is a = F/m = g. In vacuum, all objects fall with identical acceleration.",Both arrive simultaneously because acceleration due to gravity g is independent of the mass of the falling body.,CORRECT: Scientifically Accurate Response,no_error,High,Rigorous scientific reasoning with valid physical principles and mathematical steps.,True,motion_diagram,A heavy metal sphere of mass M and a light wooden sphere of mass m dropped simultaneously in an evacuated vacuum chamber.,train
REC-00639,PHY-Class9-11-0639,GRAVITATION_FREE_FALL,Class 9,Gravitation,Free Fall and Acceleration Due to Gravity (Mass Independence),An astronaut on the Moon drops a hammer (20 kg) and a feather (20 g) from 15 m above the surface. Describe what happens.,"Both objects hit the ground at exactly the same time. While gravitational force is proportional to mass (F = mg), acceleration is a = F/m = g. In vacuum, all objects fall with identical acceleration.","Same time for both; in a vacuum without air resistance, all objects accelerate at g.",CORRECT: Scientifically Accurate Response,no_error,High,Rigorous scientific reasoning with valid physical principles and mathematical steps.,True,motion_diagram,A heavy metal sphere of mass M and a light wooden sphere of mass m dropped simultaneously in an evacuated vacuum chamber.,test
REC-00640,PHY-Class9-11-0640,GRAVITATION_FREE_FALL,Class 9,Gravitation,Free Fall and Acceleration Due to Gravity (Mass Independence),"In an evacuated vacuum tube, a 50 kg iron cannonball and a 50 g feather are released simultaneously from a height of 30 meters. Which hits the bottom first, and why?","Both objects hit the ground at exactly the same time. While gravitational force is proportional to mass (F = mg), acceleration is a = F/m = g. In vacuum, all objects fall with identical acceleration.","Both strike the ground at the exact same instant. Although the gravitational force is larger on the heavier object, its inertia is proportionally larger (a = F/m = g = 9.8 m/s^2 in vacuum).",CORRECT: Scientifically Accurate Response,no_error,High,Rigorous scientific reasoning with valid physical principles and mathematical steps.,True,motion_diagram,A heavy metal sphere of mass M and a light wooden sphere of mass m dropped simultaneously in an evacuated vacuum chamber.,train
REC-00641,PHY-Class9-11-0641,GRAVITATION_FREE_FALL,Class 9,Gravitation,Free Fall and Acceleration Due to Gravity (Mass Independence),Two solid metal spheres of mass 10 kg and 10 kg are dropped simultaneously from height 20 m in vacuum. Compare their arrival times.,"Both objects hit the ground at exactly the same time. While gravitational force is proportional to mass (F = mg), acceleration is a = F/m = g. In vacuum, all objects fall with identical acceleration.",Both arrive simultaneously because acceleration due to gravity g is independent of the mass of the falling body.,CORRECT: Scientifically Accurate Response,no_error,High,Rigorous scientific reasoning with valid physical principles and mathematical steps.,True,motion_diagram,A heavy metal sphere of mass M and a light wooden sphere of mass m dropped simultaneously in an evacuated vacuum chamber.,val
REC-00642,PHY-Class9-11-0642,GRAVITATION_FREE_FALL,Class 9,Gravitation,Free Fall and Acceleration Due to Gravity (Mass Independence),An astronaut on the Moon drops a hammer (5 kg) and a feather (5 g) from 50 m above the surface. Describe what happens.,"Both objects hit the ground at exactly the same time. While gravitational force is proportional to mass (F = mg), acceleration is a = F/m = g. In vacuum, all objects fall with identical acceleration.","Same time for both; in a vacuum without air resistance, all objects accelerate at g.",CORRECT: Scientifically Accurate Response,no_error,High,Rigorous scientific reasoning with valid physical principles and mathematical steps.,True,motion_diagram,A heavy metal sphere of mass M and a light wooden sphere of mass m dropped simultaneously in an evacuated vacuum chamber.,train
REC-00643,PHY-Class9-11-0643,GRAVITATION_FREE_FALL,Class 9,Gravitation,Free Fall and Acceleration Due to Gravity (Mass Independence),"In an evacuated vacuum tube, a 20 kg iron cannonball and a 20 g feather are released simultaneously from a height of 15 meters. Which hits the bottom first, and why?","Both objects hit the ground at exactly the same time. While gravitational force is proportional to mass (F = mg), acceleration is a = F/m = g. In vacuum, all objects fall with identical acceleration.","Both strike the ground at the exact same instant. Although the gravitational force is larger on the heavier object, its inertia is proportionally larger (a = F/m = g = 9.8 m/s^2 in vacuum).",CORRECT: Scientifically Accurate Response,no_error,High,Rigorous scientific reasoning with valid physical principles and mathematical steps.,True,motion_diagram,A heavy metal sphere of mass M and a light wooden sphere of mass m dropped simultaneously in an evacuated vacuum chamber.,train
REC-00644,PHY-Class9-11-0644,GRAVITATION_FREE_FALL,Class 9,Gravitation,Free Fall and Acceleration Due to Gravity (Mass Independence),Two solid metal spheres of mass 50 kg and 50 kg are dropped simultaneously from height 30 m in vacuum. Compare their arrival times.,"Both objects hit the ground at exactly the same time. While gravitational force is proportional to mass (F = mg), acceleration is a = F/m = g. In vacuum, all objects fall with identical acceleration.",Both arrive simultaneously because acceleration due to gravity g is independent of the mass of the falling body.,CORRECT: Scientifically Accurate Response,no_error,High,Rigorous scientific reasoning with valid physical principles and mathematical steps.,True,motion_diagram,A heavy metal sphere of mass M and a light wooden sphere of mass m dropped simultaneously in an evacuated vacuum chamber.,test
REC-00645,PHY-Class9-11-0645,GRAVITATION_FREE_FALL,Class 9,Gravitation,Free Fall and Acceleration Due to Gravity (Mass Independence),An astronaut on the Moon drops a hammer (10 kg) and a feather (10 g) from 20 m above the surface. Describe what happens.,"Both objects hit the ground at exactly the same time. While gravitational force is proportional to mass (F = mg), acceleration is a = F/m = g. In vacuum, all objects fall with identical acceleration.","Same time for both; in a vacuum without air resistance, all objects accelerate at g.",CORRECT: Scientifically Accurate Response,no_error,High,Rigorous scientific reasoning with valid physical principles and mathematical steps.,True,motion_diagram,A heavy metal sphere of mass M and a light wooden sphere of mass m dropped simultaneously in an evacuated vacuum chamber.,train
REC-00646,PHY-Class9-11-0646,GRAVITATION_FREE_FALL,Class 9,Gravitation,Free Fall and Acceleration Due to Gravity (Mass Independence),"In an evacuated vacuum tube, a 5 kg iron cannonball and a 5 g feather are released simultaneously from a height of 50 meters. Which hits the bottom first, and why?","Both objects hit the ground at exactly the same time. While gravitational force is proportional to mass (F = mg), acceleration is a = F/m = g. In vacuum, all objects fall with identical acceleration.","Both strike the ground at the exact same instant. Although the gravitational force is larger on the heavier object, its inertia is proportionally larger (a = F/m = g = 9.8 m/s^2 in vacuum).",CORRECT: Scientifically Accurate Response,no_error,High,Rigorous scientific reasoning with valid physical principles and mathematical steps.,True,motion_diagram,A heavy metal sphere of mass M and a light wooden sphere of mass m dropped simultaneously in an evacuated vacuum chamber.,train
REC-00647,PHY-Class9-11-0647,GRAVITATION_FREE_FALL,Class 9,Gravitation,Free Fall and Acceleration Due to Gravity (Mass Independence),Two solid metal spheres of mass 20 kg and 20 kg are dropped simultaneously from height 15 m in vacuum. Compare their arrival times.,"Both objects hit the ground at exactly the same time. While gravitational force is proportional to mass (F = mg), acceleration is a = F/m = g. In vacuum, all objects fall with identical acceleration.",Both arrive simultaneously because acceleration due to gravity g is independent of the mass of the falling body.,CORRECT: Scientifically Accurate Response,no_error,High,Rigorous scientific reasoning with valid physical principles and mathematical steps.,True,motion_diagram,A heavy metal sphere of mass M and a light wooden sphere of mass m dropped simultaneously in an evacuated vacuum chamber.,val
REC-00648,PHY-Class9-11-0648,GRAVITATION_FREE_FALL,Class 9,Gravitation,Free Fall and Acceleration Due to Gravity (Mass Independence),An astronaut on the Moon drops a hammer (50 kg) and a feather (50 g) from 30 m above the surface. Describe what happens.,"Both objects hit the ground at exactly the same time. While gravitational force is proportional to mass (F = mg), acceleration is a = F/m = g. In vacuum, all objects fall with identical acceleration.","Same time for both; in a vacuum without air resistance, all objects accelerate at g.",CORRECT: Scientifically Accurate Response,no_error,High,Rigorous scientific reasoning with valid physical principles and mathematical steps.,True,motion_diagram,A heavy metal sphere of mass M and a light wooden sphere of mass m dropped simultaneously in an evacuated vacuum chamber.,train
REC-00649,PHY-Class9-11-0649,GRAVITATION_FREE_FALL,Class 9,Gravitation,Free Fall and Acceleration Due to Gravity (Mass Independence),"In an evacuated vacuum tube, a 10 kg iron cannonball and a 10 g feather are released simultaneously from a height of 20 meters. Which hits the bottom first, and why?","Both objects hit the ground at exactly the same time. While gravitational force is proportional to mass (F = mg), acceleration is a = F/m = g. In vacuum, all objects fall with identical acceleration.","Both hit at the same time, but calculated fall time t = sqrt(2h/g) with an arithmetic slip: t = 15.0 s.",CARELESS_CALCULATION_ERROR,calculation_slip,Medium,Conceptual formula choice is correct; error is isolated to an arithmetic slip.,True,motion_diagram,A heavy metal sphere of mass M and a light wooden sphere of mass m dropped simultaneously in an evacuated vacuum chamber.,train
REC-00650,PHY-Class9-11-0650,GRAVITATION_FREE_FALL,Class 9,Gravitation,Free Fall and Acceleration Due to Gravity (Mass Independence),Two solid metal spheres of mass 5 kg and 5 kg are dropped simultaneously from height 50 m in vacuum. Compare their arrival times.,"Both objects hit the ground at exactly the same time. While gravitational force is proportional to mass (F = mg), acceleration is a = F/m = g. In vacuum, all objects fall with identical acceleration.","Arrival time is identical, but stated Moon gravity is equal to Earth gravity.",CARELESS_CALCULATION_ERROR,calculation_slip,Medium,Conceptual formula choice is correct; error is isolated to an arithmetic slip.,True,motion_diagram,A heavy metal sphere of mass M and a light wooden sphere of mass m dropped simultaneously in an evacuated vacuum chamber.,val
REC-00651,PHY-Class9-11-0651,GRAVITATION_FREE_FALL,Class 9,Gravitation,Free Fall and Acceleration Due to Gravity (Mass Independence),An astronaut on the Moon drops a hammer (20 kg) and a feather (20 g) from 15 m above the surface. Describe what happens.,"Both objects hit the ground at exactly the same time. While gravitational force is proportional to mass (F = mg), acceleration is a = F/m = g. In vacuum, all objects fall with identical acceleration.","Both hit at the same time, but calculated fall time t = sqrt(2h/g) with an arithmetic slip: t = 30.0 s.",CARELESS_CALCULATION_ERROR,calculation_slip,Medium,Conceptual formula choice is correct; error is isolated to an arithmetic slip.,True,motion_diagram,A heavy metal sphere of mass M and a light wooden sphere of mass m dropped simultaneously in an evacuated vacuum chamber.,test
REC-00652,PHY-Class9-11-0652,GRAVITATION_FREE_FALL,Class 9,Gravitation,Free Fall and Acceleration Due to Gravity (Mass Independence),"In an evacuated vacuum tube, a 50 kg iron cannonball and a 50 g feather are released simultaneously from a height of 30 meters. Which hits the bottom first, and why?","Both objects hit the ground at exactly the same time. While gravitational force is proportional to mass (F = mg), acceleration is a = F/m = g. In vacuum, all objects fall with identical acceleration.","Arrival time is identical, but stated Moon gravity is equal to Earth gravity.",CARELESS_CALCULATION_ERROR,calculation_slip,Medium,Conceptual formula choice is correct; error is isolated to an arithmetic slip.,True,motion_diagram,A heavy metal sphere of mass M and a light wooden sphere of mass m dropped simultaneously in an evacuated vacuum chamber.,train
REC-00653,PHY-Class9-11-0653,GRAVITATION_FREE_FALL,Class 9,Gravitation,Free Fall and Acceleration Due to Gravity (Mass Independence),"In an evacuated vacuum tube, a 10 kg iron cannonball and a 10 g feather are released simultaneously from a height of 20 meters. Which hits the bottom first, and why?","Both objects hit the ground at exactly the same time. While gravitational force is proportional to mass (F = mg), acceleration is a = F/m = g. In vacuum, all objects fall with identical acceleration.",Acceleration of both is 9.8 m/s instead of m/s^2.,UNIT_CONVERSION_ERROR,unit_error,High,"Numerical reasoning is sound, but units were omitted or confused with another physical quantity.",True,motion_diagram,A heavy metal sphere of mass M and a light wooden sphere of mass m dropped simultaneously in an evacuated vacuum chamber.,val
REC-00654,PHY-Class9-11-0654,GRAVITATION_FREE_FALL,Class 9,Gravitation,Free Fall and Acceleration Due to Gravity (Mass Independence),Two solid metal spheres of mass 5 kg and 5 kg are dropped simultaneously from height 50 m in vacuum. Compare their arrival times.,"Both objects hit the ground at exactly the same time. While gravitational force is proportional to mass (F = mg), acceleration is a = F/m = g. In vacuum, all objects fall with identical acceleration.",Arrival time stated as 2.0 m/s instead of seconds.,UNIT_CONVERSION_ERROR,unit_error,High,"Numerical reasoning is sound, but units were omitted or confused with another physical quantity.",True,motion_diagram,A heavy metal sphere of mass M and a light wooden sphere of mass m dropped simultaneously in an evacuated vacuum chamber.,train
REC-00655,PHY-Class9-11-0655,GRAVITATION_FREE_FALL,Class 9,Gravitation,Free Fall and Acceleration Due to Gravity (Mass Independence),An astronaut on the Moon drops a hammer (20 kg) and a feather (20 g) from 15 m above the surface. Describe what happens.,"Both objects hit the ground at exactly the same time. While gravitational force is proportional to mass (F = mg), acceleration is a = F/m = g. In vacuum, all objects fall with identical acceleration.",Acceleration of both is 9.8 m/s instead of m/s^2.,UNIT_CONVERSION_ERROR,unit_error,High,"Numerical reasoning is sound, but units were omitted or confused with another physical quantity.",True,motion_diagram,A heavy metal sphere of mass M and a light wooden sphere of mass m dropped simultaneously in an evacuated vacuum chamber.,test
REC-00656,PHY-Class9-11-0656,GRAVITATION_FREE_FALL,Class 9,Gravitation,Free Fall and Acceleration Due to Gravity (Mass Independence),"In an evacuated vacuum tube, a 50 kg iron cannonball and a 50 g feather are released simultaneously from a height of 30 meters. Which hits the bottom first, and why?","Both objects hit the ground at exactly the same time. While gravitational force is proportional to mass (F = mg), acceleration is a = F/m = g. In vacuum, all objects fall with identical acceleration.",Arrival time stated as 2.0 m/s instead of seconds.,UNIT_CONVERSION_ERROR,unit_error,High,"Numerical reasoning is sound, but units were omitted or confused with another physical quantity.",True,motion_diagram,A heavy metal sphere of mass M and a light wooden sphere of mass m dropped simultaneously in an evacuated vacuum chamber.,train
REC-00657,PHY-Class9-11-0657,GRAVITATION_FREE_FALL,Class 9,Gravitation,Free Fall and Acceleration Due to Gravity (Mass Independence),"In an evacuated vacuum tube, a 10 kg iron cannonball and a 10 g feather are released simultaneously from a height of 20 meters. Which hits the bottom first, and why?","Both objects hit the ground at exactly the same time. While gravitational force is proportional to mass (F = mg), acceleration is a = F/m = g. In vacuum, all objects fall with identical acceleration.","I think the heavy ball hits first in real life, but not sure about in a vacuum.",UNSURE_INSUFFICIENT_EVIDENCE,guessing_unclear,Low,Student response contains minimal reasoning or expresses explicit uncertainty; requires diagnostic probe.,True,motion_diagram,A heavy metal sphere of mass M and a light wooden sphere of mass m dropped simultaneously in an evacuated vacuum chamber.,train
REC-00658,PHY-Class9-11-0658,GRAVITATION_FREE_FALL,Class 9,Gravitation,Free Fall and Acceleration Due to Gravity (Mass Independence),Two solid metal spheres of mass 5 kg and 5 kg are dropped simultaneously from height 50 m in vacuum. Compare their arrival times.,"Both objects hit the ground at exactly the same time. While gravitational force is proportional to mass (F = mg), acceleration is a = F/m = g. In vacuum, all objects fall with identical acceleration.","Does gravity pull everything at the same rate, or does mass matter?",UNSURE_INSUFFICIENT_EVIDENCE,guessing_unclear,Low,Student response contains minimal reasoning or expresses explicit uncertainty; requires diagnostic probe.,True,motion_diagram,A heavy metal sphere of mass M and a light wooden sphere of mass m dropped simultaneously in an evacuated vacuum chamber.,val
REC-00659,PHY-Class9-11-0659,GRAVITATION_FREE_FALL,Class 9,Gravitation,Free Fall and Acceleration Due to Gravity (Mass Independence),An astronaut on the Moon drops a hammer (20 kg) and a feather (20 g) from 15 m above the surface. Describe what happens.,"Both objects hit the ground at exactly the same time. While gravitational force is proportional to mass (F = mg), acceleration is a = F/m = g. In vacuum, all objects fall with identical acceleration.","I think the heavy ball hits first in real life, but not sure about in a vacuum.",UNSURE_INSUFFICIENT_EVIDENCE,guessing_unclear,Low,Student response contains minimal reasoning or expresses explicit uncertainty; requires diagnostic probe.,True,motion_diagram,A heavy metal sphere of mass M and a light wooden sphere of mass m dropped simultaneously in an evacuated vacuum chamber.,test
REC-00660,PHY-Class9-11-0660,GRAVITATION_FREE_FALL,Class 9,Gravitation,Free Fall and Acceleration Due to Gravity (Mass Independence),"In an evacuated vacuum tube, a 50 kg iron cannonball and a 50 g feather are released simultaneously from a height of 30 meters. Which hits the bottom first, and why?","Both objects hit the ground at exactly the same time. While gravitational force is proportional to mass (F = mg), acceleration is a = F/m = g. In vacuum, all objects fall with identical acceleration.","Does gravity pull everything at the same rate, or does mass matter?",UNSURE_INSUFFICIENT_EVIDENCE,guessing_unclear,Low,Student response contains minimal reasoning or expresses explicit uncertainty; requires diagnostic probe.,True,motion_diagram,A heavy metal sphere of mass M and a light wooden sphere of mass m dropped simultaneously in an evacuated vacuum chamber.,train
REC-00661,PHY-Class10-12-0661,ELECTRICITY_OHMS_LAW_RESISTANCE,Class 10,Electricity,"Ohm's Law: Voltage, Current, and Resistance Relationship",A resistor of 10 ohms is connected to a 6 V battery. Calculate the current through the circuit using Ohm's Law.,By Ohm's Law: I = V / R. Current is determined by the ratio of voltage to resistance. Increasing both proportionally keeps current constant.,Current decreases because the 10 ohm resistor resists and blocks more charge regardless of voltage.,MISC-ELEC-003: Resistance Reduces Current Independent of Voltage,conceptual_misconception,High,Believes that increasing resistance always reduces current even when voltage is simultaneously increased proportionally; fails to apply V = IR as a ratio relationship.,True,circuit_diagram,"Simple circuit with variable resistor and voltmeter/ammeter showing V, I, R relationships.",train
REC-00662,PHY-Class10-12-0662,ELECTRICITY_OHMS_LAW_RESISTANCE,Class 10,Electricity,"Ohm's Law: Voltage, Current, and Resistance Relationship",A circuit has a resistance of 20 ohms. The voltage across it is 12 V. What is the current?,By Ohm's Law: I = V / R. Current is determined by the ratio of voltage to resistance. Increasing both proportionally keeps current constant.,The resistor of 20 ohms will definitely reduce the current below 12 A because it opposes flow.,MISC-ELEC-003: Resistance Reduces Current Independent of Voltage,conceptual_misconception,High,Believes that increasing resistance always reduces current even when voltage is simultaneously increased proportionally; fails to apply V = IR as a ratio relationship.,True,circuit_diagram,"Simple circuit with variable resistor and voltmeter/ammeter showing V, I, R relationships.",train
REC-00663,PHY-Class10-12-0663,ELECTRICITY_OHMS_LAW_RESISTANCE,Class 10,Electricity,"Ohm's Law: Voltage, Current, and Resistance Relationship","Using Ohm's Law, find the current when V = 10 V and R = 5 ohms in a series circuit.",By Ohm's Law: I = V / R. Current is determined by the ratio of voltage to resistance. Increasing both proportionally keeps current constant.,Adding resistance always reduces current even if voltage goes up.,MISC-ELEC-003: Resistance Reduces Current Independent of Voltage,conceptual_misconception,High,Believes that increasing resistance always reduces current even when voltage is simultaneously increased proportionally; fails to apply V = IR as a ratio relationship.,True,circuit_diagram,"Simple circuit with variable resistor and voltmeter/ammeter showing V, I, R relationships.",val
REC-00664,PHY-Class10-12-0664,ELECTRICITY_OHMS_LAW_RESISTANCE,Class 10,Electricity,"Ohm's Law: Voltage, Current, and Resistance Relationship",A resistor of 15 ohms is connected to a 9 V battery. Calculate the current through the circuit using Ohm's Law.,By Ohm's Law: I = V / R. Current is determined by the ratio of voltage to resistance. Increasing both proportionally keeps current constant.,The high resistance of 15 ohms means almost no current flows regardless of the 9 V supply.,MISC-ELEC-003: Resistance Reduces Current Independent of Voltage,conceptual_misconception,High,Believes that increasing resistance always reduces current even when voltage is simultaneously increased proportionally; fails to apply V = IR as a ratio relationship.,True,circuit_diagram,"Simple circuit with variable resistor and voltmeter/ammeter showing V, I, R relationships.",train
REC-00665,PHY-Class10-12-0665,ELECTRICITY_OHMS_LAW_RESISTANCE,Class 10,Electricity,"Ohm's Law: Voltage, Current, and Resistance Relationship",A circuit has a resistance of 30 ohms. The voltage across it is 15 V. What is the current?,By Ohm's Law: I = V / R. Current is determined by the ratio of voltage to resistance. Increasing both proportionally keeps current constant.,Current decreases because the 30 ohm resistor resists and blocks more charge regardless of voltage.,MISC-ELEC-003: Resistance Reduces Current Independent of Voltage,conceptual_misconception,High,Believes that increasing resistance always reduces current even when voltage is simultaneously increased proportionally; fails to apply V = IR as a ratio relationship.,True,circuit_diagram,"Simple circuit with variable resistor and voltmeter/ammeter showing V, I, R relationships.",train
REC-00666,PHY-Class10-12-0666,ELECTRICITY_OHMS_LAW_RESISTANCE,Class 10,Electricity,"Ohm's Law: Voltage, Current, and Resistance Relationship","Using Ohm's Law, find the current when V = 6 V and R = 10 ohms in a series circuit.",By Ohm's Law: I = V / R. Current is determined by the ratio of voltage to resistance. Increasing both proportionally keeps current constant.,The resistor of 10 ohms will definitely reduce the current below 6 A because it opposes flow.,MISC-ELEC-003: Resistance Reduces Current Independent of Voltage,conceptual_misconception,High,Believes that increasing resistance always reduces current even when voltage is simultaneously increased proportionally; fails to apply V = IR as a ratio relationship.,True,circuit_diagram,"Simple circuit with variable resistor and voltmeter/ammeter showing V, I, R relationships.",train
REC-00667,PHY-Class10-12-0667,ELECTRICITY_OHMS_LAW_RESISTANCE,Class 10,Electricity,"Ohm's Law: Voltage, Current, and Resistance Relationship",A resistor of 20 ohms is connected to a 12 V battery. Calculate the current through the circuit using Ohm's Law.,By Ohm's Law: I = V / R. Current is determined by the ratio of voltage to resistance. Increasing both proportionally keeps current constant.,Adding resistance always reduces current even if voltage goes up.,MISC-ELEC-003: Resistance Reduces Current Independent of Voltage,conceptual_misconception,High,Believes that increasing resistance always reduces current even when voltage is simultaneously increased proportionally; fails to apply V = IR as a ratio relationship.,True,circuit_diagram,"Simple circuit with variable resistor and voltmeter/ammeter showing V, I, R relationships.",val
REC-00668,PHY-Class10-12-0668,ELECTRICITY_OHMS_LAW_RESISTANCE,Class 10,Electricity,"Ohm's Law: Voltage, Current, and Resistance Relationship",A circuit has a resistance of 5 ohms. The voltage across it is 10 V. What is the current?,By Ohm's Law: I = V / R. Current is determined by the ratio of voltage to resistance. Increasing both proportionally keeps current constant.,The high resistance of 5 ohms means almost no current flows regardless of the 10 V supply.,MISC-ELEC-003: Resistance Reduces Current Independent of Voltage,conceptual_misconception,High,Believes that increasing resistance always reduces current even when voltage is simultaneously increased proportionally; fails to apply V = IR as a ratio relationship.,True,circuit_diagram,"Simple circuit with variable resistor and voltmeter/ammeter showing V, I, R relationships.",train
REC-00669,PHY-Class10-12-0669,ELECTRICITY_OHMS_LAW_RESISTANCE,Class 10,Electricity,"Ohm's Law: Voltage, Current, and Resistance Relationship","Using Ohm's Law, find the current when V = 9 V and R = 15 ohms in a series circuit.",By Ohm's Law: I = V / R. Current is determined by the ratio of voltage to resistance. Increasing both proportionally keeps current constant.,Current decreases because the 15 ohm resistor resists and blocks more charge regardless of voltage.,MISC-ELEC-003: Resistance Reduces Current Independent of Voltage,conceptual_misconception,High,Believes that increasing resistance always reduces current even when voltage is simultaneously increased proportionally; fails to apply V = IR as a ratio relationship.,True,circuit_diagram,"Simple circuit with variable resistor and voltmeter/ammeter showing V, I, R relationships.",test
REC-00670,PHY-Class10-12-0670,ELECTRICITY_OHMS_LAW_RESISTANCE,Class 10,Electricity,"Ohm's Law: Voltage, Current, and Resistance Relationship",A resistor of 30 ohms is connected to a 15 V battery. Calculate the current through the circuit using Ohm's Law.,By Ohm's Law: I = V / R. Current is determined by the ratio of voltage to resistance. Increasing both proportionally keeps current constant.,The resistor of 30 ohms will definitely reduce the current below 15 A because it opposes flow.,MISC-ELEC-003: Resistance Reduces Current Independent of Voltage,conceptual_misconception,High,Believes that increasing resistance always reduces current even when voltage is simultaneously increased proportionally; fails to apply V = IR as a ratio relationship.,True,circuit_diagram,"Simple circuit with variable resistor and voltmeter/ammeter showing V, I, R relationships.",test
REC-00671,PHY-Class10-12-0671,ELECTRICITY_OHMS_LAW_RESISTANCE,Class 10,Electricity,"Ohm's Law: Voltage, Current, and Resistance Relationship",A circuit has a resistance of 10 ohms. The voltage across it is 6 V. What is the current?,By Ohm's Law: I = V / R. Current is determined by the ratio of voltage to resistance. Increasing both proportionally keeps current constant.,Adding resistance always reduces current even if voltage goes up.,MISC-ELEC-003: Resistance Reduces Current Independent of Voltage,conceptual_misconception,High,Believes that increasing resistance always reduces current even when voltage is simultaneously increased proportionally; fails to apply V = IR as a ratio relationship.,True,circuit_diagram,"Simple circuit with variable resistor and voltmeter/ammeter showing V, I, R relationships.",val
REC-00672,PHY-Class10-12-0672,ELECTRICITY_OHMS_LAW_RESISTANCE,Class 10,Electricity,"Ohm's Law: Voltage, Current, and Resistance Relationship","Using Ohm's Law, find the current when V = 12 V and R = 20 ohms in a series circuit.",By Ohm's Law: I = V / R. Current is determined by the ratio of voltage to resistance. Increasing both proportionally keeps current constant.,The high resistance of 20 ohms means almost no current flows regardless of the 12 V supply.,MISC-ELEC-003: Resistance Reduces Current Independent of Voltage,conceptual_misconception,High,Believes that increasing resistance always reduces current even when voltage is simultaneously increased proportionally; fails to apply V = IR as a ratio relationship.,True,circuit_diagram,"Simple circuit with variable resistor and voltmeter/ammeter showing V, I, R relationships.",train
REC-00673,PHY-Class10-12-0673,ELECTRICITY_OHMS_LAW_RESISTANCE,Class 10,Electricity,"Ohm's Law: Voltage, Current, and Resistance Relationship",A resistor of 5 ohms is connected to a 10 V battery. Calculate the current through the circuit using Ohm's Law.,By Ohm's Law: I = V / R. Current is determined by the ratio of voltage to resistance. Increasing both proportionally keeps current constant.,Current decreases because the 5 ohm resistor resists and blocks more charge regardless of voltage.,MISC-ELEC-003: Resistance Reduces Current Independent of Voltage,conceptual_misconception,High,Believes that increasing resistance always reduces current even when voltage is simultaneously increased proportionally; fails to apply V = IR as a ratio relationship.,True,circuit_diagram,"Simple circuit with variable resistor and voltmeter/ammeter showing V, I, R relationships.",train
REC-00674,PHY-Class10-12-0674,ELECTRICITY_OHMS_LAW_RESISTANCE,Class 10,Electricity,"Ohm's Law: Voltage, Current, and Resistance Relationship",A circuit has a resistance of 15 ohms. The voltage across it is 9 V. What is the current?,By Ohm's Law: I = V / R. Current is determined by the ratio of voltage to resistance. Increasing both proportionally keeps current constant.,The resistor of 15 ohms will definitely reduce the current below 9 A because it opposes flow.,MISC-ELEC-003: Resistance Reduces Current Independent of Voltage,conceptual_misconception,High,Believes that increasing resistance always reduces current even when voltage is simultaneously increased proportionally; fails to apply V = IR as a ratio relationship.,True,circuit_diagram,"Simple circuit with variable resistor and voltmeter/ammeter showing V, I, R relationships.",val
REC-00675,PHY-Class10-12-0675,ELECTRICITY_OHMS_LAW_RESISTANCE,Class 10,Electricity,"Ohm's Law: Voltage, Current, and Resistance Relationship","Using Ohm's Law, find the current when V = 15 V and R = 30 ohms in a series circuit.",By Ohm's Law: I = V / R. Current is determined by the ratio of voltage to resistance. Increasing both proportionally keeps current constant.,Adding resistance always reduces current even if voltage goes up.,MISC-ELEC-003: Resistance Reduces Current Independent of Voltage,conceptual_misconception,High,Believes that increasing resistance always reduces current even when voltage is simultaneously increased proportionally; fails to apply V = IR as a ratio relationship.,True,circuit_diagram,"Simple circuit with variable resistor and voltmeter/ammeter showing V, I, R relationships.",test
REC-00676,PHY-Class10-12-0676,ELECTRICITY_OHMS_LAW_RESISTANCE,Class 10,Electricity,"Ohm's Law: Voltage, Current, and Resistance Relationship",A resistor of 10 ohms is connected to a 6 V battery. Calculate the current through the circuit using Ohm's Law.,By Ohm's Law: I = V / R. Current is determined by the ratio of voltage to resistance. Increasing both proportionally keeps current constant.,The high resistance of 10 ohms means almost no current flows regardless of the 6 V supply.,MISC-ELEC-003: Resistance Reduces Current Independent of Voltage,conceptual_misconception,High,Believes that increasing resistance always reduces current even when voltage is simultaneously increased proportionally; fails to apply V = IR as a ratio relationship.,True,circuit_diagram,"Simple circuit with variable resistor and voltmeter/ammeter showing V, I, R relationships.",train
REC-00677,PHY-Class10-12-0677,ELECTRICITY_OHMS_LAW_RESISTANCE,Class 10,Electricity,"Ohm's Law: Voltage, Current, and Resistance Relationship",A circuit has a resistance of 20 ohms. The voltage across it is 12 V. What is the current?,By Ohm's Law: I = V / R. Current is determined by the ratio of voltage to resistance. Increasing both proportionally keeps current constant.,Current decreases because the 20 ohm resistor resists and blocks more charge regardless of voltage.,MISC-ELEC-003: Resistance Reduces Current Independent of Voltage,conceptual_misconception,High,Believes that increasing resistance always reduces current even when voltage is simultaneously increased proportionally; fails to apply V = IR as a ratio relationship.,True,circuit_diagram,"Simple circuit with variable resistor and voltmeter/ammeter showing V, I, R relationships.",train
REC-00678,PHY-Class10-12-0678,ELECTRICITY_OHMS_LAW_RESISTANCE,Class 10,Electricity,"Ohm's Law: Voltage, Current, and Resistance Relationship","Using Ohm's Law, find the current when V = 10 V and R = 5 ohms in a series circuit.",By Ohm's Law: I = V / R. Current is determined by the ratio of voltage to resistance. Increasing both proportionally keeps current constant.,The resistor of 5 ohms will definitely reduce the current below 10 A because it opposes flow.,MISC-ELEC-003: Resistance Reduces Current Independent of Voltage,conceptual_misconception,High,Believes that increasing resistance always reduces current even when voltage is simultaneously increased proportionally; fails to apply V = IR as a ratio relationship.,True,circuit_diagram,"Simple circuit with variable resistor and voltmeter/ammeter showing V, I, R relationships.",train
REC-00679,PHY-Class10-12-0679,ELECTRICITY_OHMS_LAW_RESISTANCE,Class 10,Electricity,"Ohm's Law: Voltage, Current, and Resistance Relationship",A resistor of 15 ohms is connected to a 9 V battery. Calculate the current through the circuit using Ohm's Law.,By Ohm's Law: I = V / R. Current is determined by the ratio of voltage to resistance. Increasing both proportionally keeps current constant.,Adding resistance always reduces current even if voltage goes up.,MISC-ELEC-003: Resistance Reduces Current Independent of Voltage,conceptual_misconception,High,Believes that increasing resistance always reduces current even when voltage is simultaneously increased proportionally; fails to apply V = IR as a ratio relationship.,True,circuit_diagram,"Simple circuit with variable resistor and voltmeter/ammeter showing V, I, R relationships.",train
REC-00680,PHY-Class10-12-0680,ELECTRICITY_OHMS_LAW_RESISTANCE,Class 10,Electricity,"Ohm's Law: Voltage, Current, and Resistance Relationship",A circuit has a resistance of 30 ohms. The voltage across it is 15 V. What is the current?,By Ohm's Law: I = V / R. Current is determined by the ratio of voltage to resistance. Increasing both proportionally keeps current constant.,The high resistance of 30 ohms means almost no current flows regardless of the 15 V supply.,MISC-ELEC-003: Resistance Reduces Current Independent of Voltage,conceptual_misconception,High,Believes that increasing resistance always reduces current even when voltage is simultaneously increased proportionally; fails to apply V = IR as a ratio relationship.,True,circuit_diagram,"Simple circuit with variable resistor and voltmeter/ammeter showing V, I, R relationships.",train
REC-00681,PHY-Class10-12-0681,ELECTRICITY_OHMS_LAW_RESISTANCE,Class 10,Electricity,"Ohm's Law: Voltage, Current, and Resistance Relationship","Using Ohm's Law, find the current when V = 6 V and R = 10 ohms in a series circuit.",By Ohm's Law: I = V / R. Current is determined by the ratio of voltage to resistance. Increasing both proportionally keeps current constant.,Current decreases because the 10 ohm resistor resists and blocks more charge regardless of voltage.,MISC-ELEC-003: Resistance Reduces Current Independent of Voltage,conceptual_misconception,High,Believes that increasing resistance always reduces current even when voltage is simultaneously increased proportionally; fails to apply V = IR as a ratio relationship.,True,circuit_diagram,"Simple circuit with variable resistor and voltmeter/ammeter showing V, I, R relationships.",train
REC-00682,PHY-Class10-12-0682,ELECTRICITY_OHMS_LAW_RESISTANCE,Class 10,Electricity,"Ohm's Law: Voltage, Current, and Resistance Relationship",A resistor of 20 ohms is connected to a 12 V battery. Calculate the current through the circuit using Ohm's Law.,By Ohm's Law: I = V / R. Current is determined by the ratio of voltage to resistance. Increasing both proportionally keeps current constant.,The resistor of 20 ohms will definitely reduce the current below 12 A because it opposes flow.,MISC-ELEC-003: Resistance Reduces Current Independent of Voltage,conceptual_misconception,High,Believes that increasing resistance always reduces current even when voltage is simultaneously increased proportionally; fails to apply V = IR as a ratio relationship.,True,circuit_diagram,"Simple circuit with variable resistor and voltmeter/ammeter showing V, I, R relationships.",train
REC-00683,PHY-Class10-12-0683,ELECTRICITY_OHMS_LAW_RESISTANCE,Class 10,Electricity,"Ohm's Law: Voltage, Current, and Resistance Relationship",A circuit has a resistance of 5 ohms. The voltage across it is 10 V. What is the current?,By Ohm's Law: I = V / R. Current is determined by the ratio of voltage to resistance. Increasing both proportionally keeps current constant.,Adding resistance always reduces current even if voltage goes up.,MISC-ELEC-003: Resistance Reduces Current Independent of Voltage,conceptual_misconception,High,Believes that increasing resistance always reduces current even when voltage is simultaneously increased proportionally; fails to apply V = IR as a ratio relationship.,True,circuit_diagram,"Simple circuit with variable resistor and voltmeter/ammeter showing V, I, R relationships.",test
REC-00684,PHY-Class10-12-0684,ELECTRICITY_OHMS_LAW_RESISTANCE,Class 10,Electricity,"Ohm's Law: Voltage, Current, and Resistance Relationship","Using Ohm's Law, find the current when V = 9 V and R = 15 ohms in a series circuit.",By Ohm's Law: I = V / R. Current is determined by the ratio of voltage to resistance. Increasing both proportionally keeps current constant.,The high resistance of 15 ohms means almost no current flows regardless of the 9 V supply.,MISC-ELEC-003: Resistance Reduces Current Independent of Voltage,conceptual_misconception,High,Believes that increasing resistance always reduces current even when voltage is simultaneously increased proportionally; fails to apply V = IR as a ratio relationship.,True,circuit_diagram,"Simple circuit with variable resistor and voltmeter/ammeter showing V, I, R relationships.",train
REC-00685,PHY-Class10-12-0685,ELECTRICITY_OHMS_LAW_RESISTANCE,Class 10,Electricity,"Ohm's Law: Voltage, Current, and Resistance Relationship",A resistor of 30 ohms is connected to a 15 V battery. Calculate the current through the circuit using Ohm's Law.,By Ohm's Law: I = V / R. Current is determined by the ratio of voltage to resistance. Increasing both proportionally keeps current constant.,Current decreases because the 30 ohm resistor resists and blocks more charge regardless of voltage.,MISC-ELEC-003: Resistance Reduces Current Independent of Voltage,conceptual_misconception,High,Believes that increasing resistance always reduces current even when voltage is simultaneously increased proportionally; fails to apply V = IR as a ratio relationship.,True,circuit_diagram,"Simple circuit with variable resistor and voltmeter/ammeter showing V, I, R relationships.",test
REC-00686,PHY-Class10-12-0686,ELECTRICITY_OHMS_LAW_RESISTANCE,Class 10,Electricity,"Ohm's Law: Voltage, Current, and Resistance Relationship",A circuit has a resistance of 10 ohms. The voltage across it is 6 V. What is the current?,By Ohm's Law: I = V / R. Current is determined by the ratio of voltage to resistance. Increasing both proportionally keeps current constant.,The resistor of 10 ohms will definitely reduce the current below 6 A because it opposes flow.,MISC-ELEC-003: Resistance Reduces Current Independent of Voltage,conceptual_misconception,High,Believes that increasing resistance always reduces current even when voltage is simultaneously increased proportionally; fails to apply V = IR as a ratio relationship.,True,circuit_diagram,"Simple circuit with variable resistor and voltmeter/ammeter showing V, I, R relationships.",train
REC-00687,PHY-Class10-12-0687,ELECTRICITY_OHMS_LAW_RESISTANCE,Class 10,Electricity,"Ohm's Law: Voltage, Current, and Resistance Relationship","Using Ohm's Law, find the current when V = 12 V and R = 20 ohms in a series circuit.",By Ohm's Law: I = V / R. Current is determined by the ratio of voltage to resistance. Increasing both proportionally keeps current constant.,Adding resistance always reduces current even if voltage goes up.,MISC-ELEC-003: Resistance Reduces Current Independent of Voltage,conceptual_misconception,High,Believes that increasing resistance always reduces current even when voltage is simultaneously increased proportionally; fails to apply V = IR as a ratio relationship.,True,circuit_diagram,"Simple circuit with variable resistor and voltmeter/ammeter showing V, I, R relationships.",train
REC-00688,PHY-Class10-12-0688,ELECTRICITY_OHMS_LAW_RESISTANCE,Class 10,Electricity,"Ohm's Law: Voltage, Current, and Resistance Relationship",A resistor of 5 ohms is connected to a 10 V battery. Calculate the current through the circuit using Ohm's Law.,By Ohm's Law: I = V / R. Current is determined by the ratio of voltage to resistance. Increasing both proportionally keeps current constant.,The high resistance of 5 ohms means almost no current flows regardless of the 10 V supply.,MISC-ELEC-003: Resistance Reduces Current Independent of Voltage,conceptual_misconception,High,Believes that increasing resistance always reduces current even when voltage is simultaneously increased proportionally; fails to apply V = IR as a ratio relationship.,True,circuit_diagram,"Simple circuit with variable resistor and voltmeter/ammeter showing V, I, R relationships.",val
REC-00689,PHY-Class10-12-0689,ELECTRICITY_OHMS_LAW_RESISTANCE,Class 10,Electricity,"Ohm's Law: Voltage, Current, and Resistance Relationship",A circuit has a resistance of 15 ohms. The voltage across it is 9 V. What is the current?,By Ohm's Law: I = V / R. Current is determined by the ratio of voltage to resistance. Increasing both proportionally keeps current constant.,Current decreases because the 15 ohm resistor resists and blocks more charge regardless of voltage.,MISC-ELEC-003: Resistance Reduces Current Independent of Voltage,conceptual_misconception,High,Believes that increasing resistance always reduces current even when voltage is simultaneously increased proportionally; fails to apply V = IR as a ratio relationship.,True,circuit_diagram,"Simple circuit with variable resistor and voltmeter/ammeter showing V, I, R relationships.",train
REC-00690,PHY-Class10-12-0690,ELECTRICITY_OHMS_LAW_RESISTANCE,Class 10,Electricity,"Ohm's Law: Voltage, Current, and Resistance Relationship","Using Ohm's Law, find the current when V = 15 V and R = 30 ohms in a series circuit.",By Ohm's Law: I = V / R. Current is determined by the ratio of voltage to resistance. Increasing both proportionally keeps current constant.,The resistor of 30 ohms will definitely reduce the current below 15 A because it opposes flow.,MISC-ELEC-003: Resistance Reduces Current Independent of Voltage,conceptual_misconception,High,Believes that increasing resistance always reduces current even when voltage is simultaneously increased proportionally; fails to apply V = IR as a ratio relationship.,True,circuit_diagram,"Simple circuit with variable resistor and voltmeter/ammeter showing V, I, R relationships.",train
REC-00691,PHY-Class10-12-0691,ELECTRICITY_OHMS_LAW_RESISTANCE,Class 10,Electricity,"Ohm's Law: Voltage, Current, and Resistance Relationship",A resistor of 10 ohms is connected to a 6 V battery. Calculate the current through the circuit using Ohm's Law.,By Ohm's Law: I = V / R. Current is determined by the ratio of voltage to resistance. Increasing both proportionally keeps current constant.,Adding resistance always reduces current even if voltage goes up.,MISC-ELEC-003: Resistance Reduces Current Independent of Voltage,conceptual_misconception,High,Believes that increasing resistance always reduces current even when voltage is simultaneously increased proportionally; fails to apply V = IR as a ratio relationship.,True,circuit_diagram,"Simple circuit with variable resistor and voltmeter/ammeter showing V, I, R relationships.",train
REC-00692,PHY-Class10-12-0692,ELECTRICITY_OHMS_LAW_RESISTANCE,Class 10,Electricity,"Ohm's Law: Voltage, Current, and Resistance Relationship",A circuit has a resistance of 20 ohms. The voltage across it is 12 V. What is the current?,By Ohm's Law: I = V / R. Current is determined by the ratio of voltage to resistance. Increasing both proportionally keeps current constant.,The high resistance of 20 ohms means almost no current flows regardless of the 12 V supply.,MISC-ELEC-003: Resistance Reduces Current Independent of Voltage,conceptual_misconception,High,Believes that increasing resistance always reduces current even when voltage is simultaneously increased proportionally; fails to apply V = IR as a ratio relationship.,True,circuit_diagram,"Simple circuit with variable resistor and voltmeter/ammeter showing V, I, R relationships.",train
REC-00693,PHY-Class10-12-0693,ELECTRICITY_OHMS_LAW_RESISTANCE,Class 10,Electricity,"Ohm's Law: Voltage, Current, and Resistance Relationship","Using Ohm's Law, find the current when V = 10 V and R = 5 ohms in a series circuit.",By Ohm's Law: I = V / R. Current is determined by the ratio of voltage to resistance. Increasing both proportionally keeps current constant.,Current decreases because the 5 ohm resistor resists and blocks more charge regardless of voltage.,MISC-ELEC-003: Resistance Reduces Current Independent of Voltage,conceptual_misconception,High,Believes that increasing resistance always reduces current even when voltage is simultaneously increased proportionally; fails to apply V = IR as a ratio relationship.,True,circuit_diagram,"Simple circuit with variable resistor and voltmeter/ammeter showing V, I, R relationships.",train
REC-00694,PHY-Class10-12-0694,ELECTRICITY_OHMS_LAW_RESISTANCE,Class 10,Electricity,"Ohm's Law: Voltage, Current, and Resistance Relationship",A resistor of 15 ohms is connected to a 9 V battery. Calculate the current through the circuit using Ohm's Law.,By Ohm's Law: I = V / R. Current is determined by the ratio of voltage to resistance. Increasing both proportionally keeps current constant.,The resistor of 15 ohms will definitely reduce the current below 9 A because it opposes flow.,MISC-ELEC-003: Resistance Reduces Current Independent of Voltage,conceptual_misconception,High,Believes that increasing resistance always reduces current even when voltage is simultaneously increased proportionally; fails to apply V = IR as a ratio relationship.,True,circuit_diagram,"Simple circuit with variable resistor and voltmeter/ammeter showing V, I, R relationships.",train
REC-00695,PHY-Class10-12-0695,ELECTRICITY_OHMS_LAW_RESISTANCE,Class 10,Electricity,"Ohm's Law: Voltage, Current, and Resistance Relationship",A circuit has a resistance of 30 ohms. The voltage across it is 15 V. What is the current?,By Ohm's Law: I = V / R. Current is determined by the ratio of voltage to resistance. Increasing both proportionally keeps current constant.,Adding resistance always reduces current even if voltage goes up.,MISC-ELEC-003: Resistance Reduces Current Independent of Voltage,conceptual_misconception,High,Believes that increasing resistance always reduces current even when voltage is simultaneously increased proportionally; fails to apply V = IR as a ratio relationship.,True,circuit_diagram,"Simple circuit with variable resistor and voltmeter/ammeter showing V, I, R relationships.",test
REC-00696,PHY-Class10-12-0696,ELECTRICITY_OHMS_LAW_RESISTANCE,Class 10,Electricity,"Ohm's Law: Voltage, Current, and Resistance Relationship","Using Ohm's Law, find the current when V = 6 V and R = 10 ohms in a series circuit.",By Ohm's Law: I = V / R. Current is determined by the ratio of voltage to resistance. Increasing both proportionally keeps current constant.,The high resistance of 10 ohms means almost no current flows regardless of the 6 V supply.,MISC-ELEC-003: Resistance Reduces Current Independent of Voltage,conceptual_misconception,High,Believes that increasing resistance always reduces current even when voltage is simultaneously increased proportionally; fails to apply V = IR as a ratio relationship.,True,circuit_diagram,"Simple circuit with variable resistor and voltmeter/ammeter showing V, I, R relationships.",train
REC-00697,PHY-Class10-12-0697,ELECTRICITY_OHMS_LAW_RESISTANCE,Class 10,Electricity,"Ohm's Law: Voltage, Current, and Resistance Relationship",A resistor of 10 ohms is connected to a 6 V battery. Calculate the current through the circuit using Ohm's Law.,By Ohm's Law: I = V / R. Current is determined by the ratio of voltage to resistance. Increasing both proportionally keeps current constant.,I = V / R = 6 / 10 = 1.7 A by Ohm's Law.,CORRECT: Scientifically Accurate Response,no_error,High,Rigorous scientific reasoning with valid physical principles and mathematical steps.,True,circuit_diagram,"Simple circuit with variable resistor and voltmeter/ammeter showing V, I, R relationships.",train
REC-00698,PHY-Class10-12-0698,ELECTRICITY_OHMS_LAW_RESISTANCE,Class 10,Electricity,"Ohm's Law: Voltage, Current, and Resistance Relationship",A circuit has a resistance of 20 ohms. The voltage across it is 12 V. What is the current?,By Ohm's Law: I = V / R. Current is determined by the ratio of voltage to resistance. Increasing both proportionally keeps current constant.,Current = 1.7 A. Ohm's Law: I = V/R where V=12 V and R=20 ohms.,CORRECT: Scientifically Accurate Response,no_error,High,Rigorous scientific reasoning with valid physical principles and mathematical steps.,True,circuit_diagram,"Simple circuit with variable resistor and voltmeter/ammeter showing V, I, R relationships.",train
REC-00699,PHY-Class10-12-0699,ELECTRICITY_OHMS_LAW_RESISTANCE,Class 10,Electricity,"Ohm's Law: Voltage, Current, and Resistance Relationship","Using Ohm's Law, find the current when V = 10 V and R = 5 ohms in a series circuit.",By Ohm's Law: I = V / R. Current is determined by the ratio of voltage to resistance. Increasing both proportionally keeps current constant.,Using I = V/R: current = 10/5 = 0.5 A.,CORRECT: Scientifically Accurate Response,no_error,High,Rigorous scientific reasoning with valid physical principles and mathematical steps.,True,circuit_diagram,"Simple circuit with variable resistor and voltmeter/ammeter showing V, I, R relationships.",val
REC-00700,PHY-Class10-12-0700,ELECTRICITY_OHMS_LAW_RESISTANCE,Class 10,Electricity,"Ohm's Law: Voltage, Current, and Resistance Relationship",A resistor of 15 ohms is connected to a 9 V battery. Calculate the current through the circuit using Ohm's Law.,By Ohm's Law: I = V / R. Current is determined by the ratio of voltage to resistance. Increasing both proportionally keeps current constant.,I = V / R = 9 / 15 = 1.7 A by Ohm's Law.,CORRECT: Scientifically Accurate Response,no_error,High,Rigorous scientific reasoning with valid physical principles and mathematical steps.,True,circuit_diagram,"Simple circuit with variable resistor and voltmeter/ammeter showing V, I, R relationships.",train
REC-00701,PHY-Class10-12-0701,ELECTRICITY_OHMS_LAW_RESISTANCE,Class 10,Electricity,"Ohm's Law: Voltage, Current, and Resistance Relationship",A circuit has a resistance of 30 ohms. The voltage across it is 15 V. What is the current?,By Ohm's Law: I = V / R. Current is determined by the ratio of voltage to resistance. Increasing both proportionally keeps current constant.,Current = 2 A. Ohm's Law: I = V/R where V=15 V and R=30 ohms.,CORRECT: Scientifically Accurate Response,no_error,High,Rigorous scientific reasoning with valid physical principles and mathematical steps.,True,circuit_diagram,"Simple circuit with variable resistor and voltmeter/ammeter showing V, I, R relationships.",train
REC-00702,PHY-Class10-12-0702,ELECTRICITY_OHMS_LAW_RESISTANCE,Class 10,Electricity,"Ohm's Law: Voltage, Current, and Resistance Relationship","Using Ohm's Law, find the current when V = 6 V and R = 10 ohms in a series circuit.",By Ohm's Law: I = V / R. Current is determined by the ratio of voltage to resistance. Increasing both proportionally keeps current constant.,Using I = V/R: current = 6/10 = 1.7 A.,CORRECT: Scientifically Accurate Response,no_error,High,Rigorous scientific reasoning with valid physical principles and mathematical steps.,True,circuit_diagram,"Simple circuit with variable resistor and voltmeter/ammeter showing V, I, R relationships.",test
REC-00703,PHY-Class10-12-0703,ELECTRICITY_OHMS_LAW_RESISTANCE,Class 10,Electricity,"Ohm's Law: Voltage, Current, and Resistance Relationship",A resistor of 20 ohms is connected to a 12 V battery. Calculate the current through the circuit using Ohm's Law.,By Ohm's Law: I = V / R. Current is determined by the ratio of voltage to resistance. Increasing both proportionally keeps current constant.,I = V / R = 12 / 20 = 1.7 A by Ohm's Law.,CORRECT: Scientifically Accurate Response,no_error,High,Rigorous scientific reasoning with valid physical principles and mathematical steps.,True,circuit_diagram,"Simple circuit with variable resistor and voltmeter/ammeter showing V, I, R relationships.",test
REC-00704,PHY-Class10-12-0704,ELECTRICITY_OHMS_LAW_RESISTANCE,Class 10,Electricity,"Ohm's Law: Voltage, Current, and Resistance Relationship",A circuit has a resistance of 5 ohms. The voltage across it is 10 V. What is the current?,By Ohm's Law: I = V / R. Current is determined by the ratio of voltage to resistance. Increasing both proportionally keeps current constant.,Current = 0.5 A. Ohm's Law: I = V/R where V=10 V and R=5 ohms.,CORRECT: Scientifically Accurate Response,no_error,High,Rigorous scientific reasoning with valid physical principles and mathematical steps.,True,circuit_diagram,"Simple circuit with variable resistor and voltmeter/ammeter showing V, I, R relationships.",train
REC-00705,PHY-Class10-12-0705,ELECTRICITY_OHMS_LAW_RESISTANCE,Class 10,Electricity,"Ohm's Law: Voltage, Current, and Resistance Relationship","Using Ohm's Law, find the current when V = 9 V and R = 15 ohms in a series circuit.",By Ohm's Law: I = V / R. Current is determined by the ratio of voltage to resistance. Increasing both proportionally keeps current constant.,Using I = V/R: current = 9/15 = 1.7 A.,CORRECT: Scientifically Accurate Response,no_error,High,Rigorous scientific reasoning with valid physical principles and mathematical steps.,True,circuit_diagram,"Simple circuit with variable resistor and voltmeter/ammeter showing V, I, R relationships.",train
REC-00706,PHY-Class10-12-0706,ELECTRICITY_OHMS_LAW_RESISTANCE,Class 10,Electricity,"Ohm's Law: Voltage, Current, and Resistance Relationship",A resistor of 30 ohms is connected to a 15 V battery. Calculate the current through the circuit using Ohm's Law.,By Ohm's Law: I = V / R. Current is determined by the ratio of voltage to resistance. Increasing both proportionally keeps current constant.,I = V / R = 15 / 30 = 2 A by Ohm's Law.,CORRECT: Scientifically Accurate Response,no_error,High,Rigorous scientific reasoning with valid physical principles and mathematical steps.,True,circuit_diagram,"Simple circuit with variable resistor and voltmeter/ammeter showing V, I, R relationships.",train
REC-00707,PHY-Class10-12-0707,ELECTRICITY_OHMS_LAW_RESISTANCE,Class 10,Electricity,"Ohm's Law: Voltage, Current, and Resistance Relationship",A circuit has a resistance of 10 ohms. The voltage across it is 6 V. What is the current?,By Ohm's Law: I = V / R. Current is determined by the ratio of voltage to resistance. Increasing both proportionally keeps current constant.,Current = 1.7 A. Ohm's Law: I = V/R where V=6 V and R=10 ohms.,CORRECT: Scientifically Accurate Response,no_error,High,Rigorous scientific reasoning with valid physical principles and mathematical steps.,True,circuit_diagram,"Simple circuit with variable resistor and voltmeter/ammeter showing V, I, R relationships.",train
REC-00708,PHY-Class10-12-0708,ELECTRICITY_OHMS_LAW_RESISTANCE,Class 10,Electricity,"Ohm's Law: Voltage, Current, and Resistance Relationship","Using Ohm's Law, find the current when V = 12 V and R = 20 ohms in a series circuit.",By Ohm's Law: I = V / R. Current is determined by the ratio of voltage to resistance. Increasing both proportionally keeps current constant.,Using I = V/R: current = 12/20 = 1.7 A.,CORRECT: Scientifically Accurate Response,no_error,High,Rigorous scientific reasoning with valid physical principles and mathematical steps.,True,circuit_diagram,"Simple circuit with variable resistor and voltmeter/ammeter showing V, I, R relationships.",val
REC-00709,PHY-Class10-12-0709,ELECTRICITY_OHMS_LAW_RESISTANCE,Class 10,Electricity,"Ohm's Law: Voltage, Current, and Resistance Relationship",A resistor of 10 ohms is connected to a 6 V battery. Calculate the current through the circuit using Ohm's Law.,By Ohm's Law: I = V / R. Current is determined by the ratio of voltage to resistance. Increasing both proportionally keeps current constant.,I = V/R = 6/10 but made arithmetic slip: computed 15.0 A.,CARELESS_CALCULATION_ERROR,calculation_slip,Medium,Conceptual formula choice is correct; error is isolated to an arithmetic slip.,True,circuit_diagram,"Simple circuit with variable resistor and voltmeter/ammeter showing V, I, R relationships.",test
REC-00710,PHY-Class10-12-0710,ELECTRICITY_OHMS_LAW_RESISTANCE,Class 10,Electricity,"Ohm's Law: Voltage, Current, and Resistance Relationship",A circuit has a resistance of 20 ohms. The voltage across it is 12 V. What is the current?,By Ohm's Law: I = V / R. Current is determined by the ratio of voltage to resistance. Increasing both proportionally keeps current constant.,Applied I = V/R correctly but inverted to I = R/V giving 20/12 = 30.0 A.,CARELESS_CALCULATION_ERROR,calculation_slip,Medium,Conceptual formula choice is correct; error is isolated to an arithmetic slip.,True,circuit_diagram,"Simple circuit with variable resistor and voltmeter/ammeter showing V, I, R relationships.",train
REC-00711,PHY-Class10-12-0711,ELECTRICITY_OHMS_LAW_RESISTANCE,Class 10,Electricity,"Ohm's Law: Voltage, Current, and Resistance Relationship","Using Ohm's Law, find the current when V = 10 V and R = 5 ohms in a series circuit.",By Ohm's Law: I = V / R. Current is determined by the ratio of voltage to resistance. Increasing both proportionally keeps current constant.,I = V/R = 10/5 but made arithmetic slip: computed 7.5 A.,CARELESS_CALCULATION_ERROR,calculation_slip,Medium,Conceptual formula choice is correct; error is isolated to an arithmetic slip.,True,circuit_diagram,"Simple circuit with variable resistor and voltmeter/ammeter showing V, I, R relationships.",val
REC-00712,PHY-Class10-12-0712,ELECTRICITY_OHMS_LAW_RESISTANCE,Class 10,Electricity,"Ohm's Law: Voltage, Current, and Resistance Relationship",A resistor of 15 ohms is connected to a 9 V battery. Calculate the current through the circuit using Ohm's Law.,By Ohm's Law: I = V / R. Current is determined by the ratio of voltage to resistance. Increasing both proportionally keeps current constant.,Applied I = V/R correctly but inverted to I = R/V giving 15/9 = 22.5 A.,CARELESS_CALCULATION_ERROR,calculation_slip,Medium,Conceptual formula choice is correct; error is isolated to an arithmetic slip.,True,circuit_diagram,"Simple circuit with variable resistor and voltmeter/ammeter showing V, I, R relationships.",train
REC-00713,PHY-Class10-12-0713,ELECTRICITY_OHMS_LAW_RESISTANCE,Class 10,Electricity,"Ohm's Law: Voltage, Current, and Resistance Relationship",A resistor of 10 ohms is connected to a 6 V battery. Calculate the current through the circuit using Ohm's Law.,By Ohm's Law: I = V / R. Current is determined by the ratio of voltage to resistance. Increasing both proportionally keeps current constant.,Current = 1.7 Volts instead of Amperes.,UNIT_CONVERSION_ERROR,unit_error,High,"Numerical reasoning is sound, but units were omitted or confused with another physical quantity.",True,circuit_diagram,"Simple circuit with variable resistor and voltmeter/ammeter showing V, I, R relationships.",train
REC-00714,PHY-Class10-12-0714,ELECTRICITY_OHMS_LAW_RESISTANCE,Class 10,Electricity,"Ohm's Law: Voltage, Current, and Resistance Relationship",A circuit has a resistance of 20 ohms. The voltage across it is 12 V. What is the current?,By Ohm's Law: I = V / R. Current is determined by the ratio of voltage to resistance. Increasing both proportionally keeps current constant.,Resistance stated as 20 Amperes instead of Ohms.,UNIT_CONVERSION_ERROR,unit_error,High,"Numerical reasoning is sound, but units were omitted or confused with another physical quantity.",True,circuit_diagram,"Simple circuit with variable resistor and voltmeter/ammeter showing V, I, R relationships.",test
REC-00715,PHY-Class10-12-0715,ELECTRICITY_OHMS_LAW_RESISTANCE,Class 10,Electricity,"Ohm's Law: Voltage, Current, and Resistance Relationship","Using Ohm's Law, find the current when V = 10 V and R = 5 ohms in a series circuit.",By Ohm's Law: I = V / R. Current is determined by the ratio of voltage to resistance. Increasing both proportionally keeps current constant.,Current = 0.5 Volts instead of Amperes.,UNIT_CONVERSION_ERROR,unit_error,High,"Numerical reasoning is sound, but units were omitted or confused with another physical quantity.",True,circuit_diagram,"Simple circuit with variable resistor and voltmeter/ammeter showing V, I, R relationships.",train
REC-00716,PHY-Class10-12-0716,ELECTRICITY_OHMS_LAW_RESISTANCE,Class 10,Electricity,"Ohm's Law: Voltage, Current, and Resistance Relationship",A resistor of 15 ohms is connected to a 9 V battery. Calculate the current through the circuit using Ohm's Law.,By Ohm's Law: I = V / R. Current is determined by the ratio of voltage to resistance. Increasing both proportionally keeps current constant.,Resistance stated as 15 Amperes instead of Ohms.,UNIT_CONVERSION_ERROR,unit_error,High,"Numerical reasoning is sound, but units were omitted or confused with another physical quantity.",True,circuit_diagram,"Simple circuit with variable resistor and voltmeter/ammeter showing V, I, R relationships.",val
REC-00717,PHY-Class10-12-0717,ELECTRICITY_OHMS_LAW_RESISTANCE,Class 10,Electricity,"Ohm's Law: Voltage, Current, and Resistance Relationship",A resistor of 10 ohms is connected to a 6 V battery. Calculate the current through the circuit using Ohm's Law.,By Ohm's Law: I = V / R. Current is determined by the ratio of voltage to resistance. Increasing both proportionally keeps current constant.,I'm not sure if Ohm's Law applies to all materials or just metals.,UNSURE_INSUFFICIENT_EVIDENCE,guessing_unclear,Low,Student response contains minimal reasoning or expresses explicit uncertainty; requires diagnostic probe.,True,circuit_diagram,"Simple circuit with variable resistor and voltmeter/ammeter showing V, I, R relationships.",test
REC-00718,PHY-Class10-12-0718,ELECTRICITY_OHMS_LAW_RESISTANCE,Class 10,Electricity,"Ohm's Law: Voltage, Current, and Resistance Relationship",A circuit has a resistance of 20 ohms. The voltage across it is 12 V. What is the current?,By Ohm's Law: I = V / R. Current is determined by the ratio of voltage to resistance. Increasing both proportionally keeps current constant.,"Does voltage affect current, or does resistance control current independently?",UNSURE_INSUFFICIENT_EVIDENCE,guessing_unclear,Low,Student response contains minimal reasoning or expresses explicit uncertainty; requires diagnostic probe.,True,circuit_diagram,"Simple circuit with variable resistor and voltmeter/ammeter showing V, I, R relationships.",val
REC-00719,PHY-Class10-12-0719,ELECTRICITY_OHMS_LAW_RESISTANCE,Class 10,Electricity,"Ohm's Law: Voltage, Current, and Resistance Relationship","Using Ohm's Law, find the current when V = 10 V and R = 5 ohms in a series circuit.",By Ohm's Law: I = V / R. Current is determined by the ratio of voltage to resistance. Increasing both proportionally keeps current constant.,I'm not sure if Ohm's Law applies to all materials or just metals.,UNSURE_INSUFFICIENT_EVIDENCE,guessing_unclear,Low,Student response contains minimal reasoning or expresses explicit uncertainty; requires diagnostic probe.,True,circuit_diagram,"Simple circuit with variable resistor and voltmeter/ammeter showing V, I, R relationships.",train
REC-00720,PHY-Class10-12-0720,ELECTRICITY_OHMS_LAW_RESISTANCE,Class 10,Electricity,"Ohm's Law: Voltage, Current, and Resistance Relationship",A resistor of 15 ohms is connected to a 9 V battery. Calculate the current through the circuit using Ohm's Law.,By Ohm's Law: I = V / R. Current is determined by the ratio of voltage to resistance. Increasing both proportionally keeps current constant.,"Does voltage affect current, or does resistance control current independently?",UNSURE_INSUFFICIENT_EVIDENCE,guessing_unclear,Low,Student response contains minimal reasoning or expresses explicit uncertainty; requires diagnostic probe.,True,circuit_diagram,"Simple circuit with variable resistor and voltmeter/ammeter showing V, I, R relationships.",train
REC-00721,PHY-Class10-13-0721,MAGNETIC_EFFECTS_ELECTROMAGNETIC_INDUCTION,Class 10,Magnetic Effects of Electric Current,Electromagnetic Induction and Faraday's Law,A coil of 100 turns is placed inside a constant magnetic field of 2 T. Is any EMF induced?,"No EMF is induced. Faraday's Law states EMF = -N * dΦ/dt. A constant (non-changing) magnetic field produces zero rate of change of flux (dΦ/dt = 0), so induced EMF = 0.","Yes, a steady EMF of 100 × 2 = 200 V is induced because the field acts continuously on the coil.",MISC-MAG-006: Static Field Induces Constant EMF Fallacy,conceptual_misconception,High,"Believes that a static (non-changing) magnetic field inside a coil continuously induces an EMF, not realizing that only a changing magnetic flux induces an EMF.",True,field_lines,A coil placed inside a solenoid showing changing vs static magnetic flux and galvanometer deflection.,train
REC-00722,PHY-Class10-13-0722,MAGNETIC_EFFECTS_ELECTROMAGNETIC_INDUCTION,Class 10,Magnetic Effects of Electric Current,Electromagnetic Induction and Faraday's Law,A wire coil with 200 loops sits inside a steady non-changing magnetic field. Does a galvanometer connected to it deflect?,"No EMF is induced. Faraday's Law states EMF = -N * dΦ/dt. A constant (non-changing) magnetic field produces zero rate of change of flux (dΦ/dt = 0), so induced EMF = 0.",The coil experiences an EMF proportional to field strength × turns = 1000 V.,MISC-MAG-006: Static Field Induces Constant EMF Fallacy,conceptual_misconception,High,"Believes that a static (non-changing) magnetic field inside a coil continuously induces an EMF, not realizing that only a changing magnetic flux induces an EMF.",True,field_lines,A coil placed inside a solenoid showing changing vs static magnetic flux and galvanometer deflection.,train
REC-00723,PHY-Class10-13-0723,MAGNETIC_EFFECTS_ELECTROMAGNETIC_INDUCTION,Class 10,Magnetic Effects of Electric Current,Electromagnetic Induction and Faraday's Law,A 50-turn coil is held stationary in a uniform magnetic field of 1 T. What EMF is induced?,"No EMF is induced. Faraday's Law states EMF = -N * dΦ/dt. A constant (non-changing) magnetic field produces zero rate of change of flux (dΦ/dt = 0), so induced EMF = 0.",A constant field of 1 T through 50 turns gives a constant EMF because flux exists.,MISC-MAG-006: Static Field Induces Constant EMF Fallacy,conceptual_misconception,High,"Believes that a static (non-changing) magnetic field inside a coil continuously induces an EMF, not realizing that only a changing magnetic flux induces an EMF.",True,field_lines,A coil placed inside a solenoid showing changing vs static magnetic flux and galvanometer deflection.,train
REC-00724,PHY-Class10-13-0724,MAGNETIC_EFFECTS_ELECTROMAGNETIC_INDUCTION,Class 10,Magnetic Effects of Electric Current,Electromagnetic Induction and Faraday's Law,A coil of 150 turns is placed inside a constant magnetic field of 3 T. Is any EMF induced?,"No EMF is induced. Faraday's Law states EMF = -N * dΦ/dt. A constant (non-changing) magnetic field produces zero rate of change of flux (dΦ/dt = 0), so induced EMF = 0.",The galvanometer deflects continuously because the magnetic field passes through the coil.,MISC-MAG-006: Static Field Induces Constant EMF Fallacy,conceptual_misconception,High,"Believes that a static (non-changing) magnetic field inside a coil continuously induces an EMF, not realizing that only a changing magnetic flux induces an EMF.",True,field_lines,A coil placed inside a solenoid showing changing vs static magnetic flux and galvanometer deflection.,train
REC-00725,PHY-Class10-13-0725,MAGNETIC_EFFECTS_ELECTROMAGNETIC_INDUCTION,Class 10,Magnetic Effects of Electric Current,Electromagnetic Induction and Faraday's Law,A wire coil with 300 loops sits inside a steady non-changing magnetic field. Does a galvanometer connected to it deflect?,"No EMF is induced. Faraday's Law states EMF = -N * dΦ/dt. A constant (non-changing) magnetic field produces zero rate of change of flux (dΦ/dt = 0), so induced EMF = 0.","Yes, a steady EMF of 300 × 4 = 1200 V is induced because the field acts continuously on the coil.",MISC-MAG-006: Static Field Induces Constant EMF Fallacy,conceptual_misconception,High,"Believes that a static (non-changing) magnetic field inside a coil continuously induces an EMF, not realizing that only a changing magnetic flux induces an EMF.",True,field_lines,A coil placed inside a solenoid showing changing vs static magnetic flux and galvanometer deflection.,train
REC-00726,PHY-Class10-13-0726,MAGNETIC_EFFECTS_ELECTROMAGNETIC_INDUCTION,Class 10,Magnetic Effects of Electric Current,Electromagnetic Induction and Faraday's Law,A 100-turn coil is held stationary in a uniform magnetic field of 2 T. What EMF is induced?,"No EMF is induced. Faraday's Law states EMF = -N * dΦ/dt. A constant (non-changing) magnetic field produces zero rate of change of flux (dΦ/dt = 0), so induced EMF = 0.",The coil experiences an EMF proportional to field strength × turns = 200 V.,MISC-MAG-006: Static Field Induces Constant EMF Fallacy,conceptual_misconception,High,"Believes that a static (non-changing) magnetic field inside a coil continuously induces an EMF, not realizing that only a changing magnetic flux induces an EMF.",True,field_lines,A coil placed inside a solenoid showing changing vs static magnetic flux and galvanometer deflection.,train
REC-00727,PHY-Class10-13-0727,MAGNETIC_EFFECTS_ELECTROMAGNETIC_INDUCTION,Class 10,Magnetic Effects of Electric Current,Electromagnetic Induction and Faraday's Law,A coil of 200 turns is placed inside a constant magnetic field of 5 T. Is any EMF induced?,"No EMF is induced. Faraday's Law states EMF = -N * dΦ/dt. A constant (non-changing) magnetic field produces zero rate of change of flux (dΦ/dt = 0), so induced EMF = 0.",A constant field of 5 T through 200 turns gives a constant EMF because flux exists.,MISC-MAG-006: Static Field Induces Constant EMF Fallacy,conceptual_misconception,High,"Believes that a static (non-changing) magnetic field inside a coil continuously induces an EMF, not realizing that only a changing magnetic flux induces an EMF.",True,field_lines,A coil placed inside a solenoid showing changing vs static magnetic flux and galvanometer deflection.,train
REC-00728,PHY-Class10-13-0728,MAGNETIC_EFFECTS_ELECTROMAGNETIC_INDUCTION,Class 10,Magnetic Effects of Electric Current,Electromagnetic Induction and Faraday's Law,A wire coil with 50 loops sits inside a steady non-changing magnetic field. Does a galvanometer connected to it deflect?,"No EMF is induced. Faraday's Law states EMF = -N * dΦ/dt. A constant (non-changing) magnetic field produces zero rate of change of flux (dΦ/dt = 0), so induced EMF = 0.",The galvanometer deflects continuously because the magnetic field passes through the coil.,MISC-MAG-006: Static Field Induces Constant EMF Fallacy,conceptual_misconception,High,"Believes that a static (non-changing) magnetic field inside a coil continuously induces an EMF, not realizing that only a changing magnetic flux induces an EMF.",True,field_lines,A coil placed inside a solenoid showing changing vs static magnetic flux and galvanometer deflection.,train
REC-00729,PHY-Class10-13-0729,MAGNETIC_EFFECTS_ELECTROMAGNETIC_INDUCTION,Class 10,Magnetic Effects of Electric Current,Electromagnetic Induction and Faraday's Law,A 150-turn coil is held stationary in a uniform magnetic field of 3 T. What EMF is induced?,"No EMF is induced. Faraday's Law states EMF = -N * dΦ/dt. A constant (non-changing) magnetic field produces zero rate of change of flux (dΦ/dt = 0), so induced EMF = 0.","Yes, a steady EMF of 150 × 3 = 450 V is induced because the field acts continuously on the coil.",MISC-MAG-006: Static Field Induces Constant EMF Fallacy,conceptual_misconception,High,"Believes that a static (non-changing) magnetic field inside a coil continuously induces an EMF, not realizing that only a changing magnetic flux induces an EMF.",True,field_lines,A coil placed inside a solenoid showing changing vs static magnetic flux and galvanometer deflection.,val
REC-00730,PHY-Class10-13-0730,MAGNETIC_EFFECTS_ELECTROMAGNETIC_INDUCTION,Class 10,Magnetic Effects of Electric Current,Electromagnetic Induction and Faraday's Law,A coil of 300 turns is placed inside a constant magnetic field of 4 T. Is any EMF induced?,"No EMF is induced. Faraday's Law states EMF = -N * dΦ/dt. A constant (non-changing) magnetic field produces zero rate of change of flux (dΦ/dt = 0), so induced EMF = 0.",The coil experiences an EMF proportional to field strength × turns = 1200 V.,MISC-MAG-006: Static Field Induces Constant EMF Fallacy,conceptual_misconception,High,"Believes that a static (non-changing) magnetic field inside a coil continuously induces an EMF, not realizing that only a changing magnetic flux induces an EMF.",True,field_lines,A coil placed inside a solenoid showing changing vs static magnetic flux and galvanometer deflection.,train
REC-00731,PHY-Class10-13-0731,MAGNETIC_EFFECTS_ELECTROMAGNETIC_INDUCTION,Class 10,Magnetic Effects of Electric Current,Electromagnetic Induction and Faraday's Law,A wire coil with 100 loops sits inside a steady non-changing magnetic field. Does a galvanometer connected to it deflect?,"No EMF is induced. Faraday's Law states EMF = -N * dΦ/dt. A constant (non-changing) magnetic field produces zero rate of change of flux (dΦ/dt = 0), so induced EMF = 0.",A constant field of 2 T through 100 turns gives a constant EMF because flux exists.,MISC-MAG-006: Static Field Induces Constant EMF Fallacy,conceptual_misconception,High,"Believes that a static (non-changing) magnetic field inside a coil continuously induces an EMF, not realizing that only a changing magnetic flux induces an EMF.",True,field_lines,A coil placed inside a solenoid showing changing vs static magnetic flux and galvanometer deflection.,train
REC-00732,PHY-Class10-13-0732,MAGNETIC_EFFECTS_ELECTROMAGNETIC_INDUCTION,Class 10,Magnetic Effects of Electric Current,Electromagnetic Induction and Faraday's Law,A 200-turn coil is held stationary in a uniform magnetic field of 5 T. What EMF is induced?,"No EMF is induced. Faraday's Law states EMF = -N * dΦ/dt. A constant (non-changing) magnetic field produces zero rate of change of flux (dΦ/dt = 0), so induced EMF = 0.",The galvanometer deflects continuously because the magnetic field passes through the coil.,MISC-MAG-006: Static Field Induces Constant EMF Fallacy,conceptual_misconception,High,"Believes that a static (non-changing) magnetic field inside a coil continuously induces an EMF, not realizing that only a changing magnetic flux induces an EMF.",True,field_lines,A coil placed inside a solenoid showing changing vs static magnetic flux and galvanometer deflection.,train
REC-00733,PHY-Class10-13-0733,MAGNETIC_EFFECTS_ELECTROMAGNETIC_INDUCTION,Class 10,Magnetic Effects of Electric Current,Electromagnetic Induction and Faraday's Law,A coil of 50 turns is placed inside a constant magnetic field of 1 T. Is any EMF induced?,"No EMF is induced. Faraday's Law states EMF = -N * dΦ/dt. A constant (non-changing) magnetic field produces zero rate of change of flux (dΦ/dt = 0), so induced EMF = 0.","Yes, a steady EMF of 50 × 1 = 50 V is induced because the field acts continuously on the coil.",MISC-MAG-006: Static Field Induces Constant EMF Fallacy,conceptual_misconception,High,"Believes that a static (non-changing) magnetic field inside a coil continuously induces an EMF, not realizing that only a changing magnetic flux induces an EMF.",True,field_lines,A coil placed inside a solenoid showing changing vs static magnetic flux and galvanometer deflection.,val
REC-00734,PHY-Class10-13-0734,MAGNETIC_EFFECTS_ELECTROMAGNETIC_INDUCTION,Class 10,Magnetic Effects of Electric Current,Electromagnetic Induction and Faraday's Law,A wire coil with 150 loops sits inside a steady non-changing magnetic field. Does a galvanometer connected to it deflect?,"No EMF is induced. Faraday's Law states EMF = -N * dΦ/dt. A constant (non-changing) magnetic field produces zero rate of change of flux (dΦ/dt = 0), so induced EMF = 0.",The coil experiences an EMF proportional to field strength × turns = 450 V.,MISC-MAG-006: Static Field Induces Constant EMF Fallacy,conceptual_misconception,High,"Believes that a static (non-changing) magnetic field inside a coil continuously induces an EMF, not realizing that only a changing magnetic flux induces an EMF.",True,field_lines,A coil placed inside a solenoid showing changing vs static magnetic flux and galvanometer deflection.,test
REC-00735,PHY-Class10-13-0735,MAGNETIC_EFFECTS_ELECTROMAGNETIC_INDUCTION,Class 10,Magnetic Effects of Electric Current,Electromagnetic Induction and Faraday's Law,A 300-turn coil is held stationary in a uniform magnetic field of 4 T. What EMF is induced?,"No EMF is induced. Faraday's Law states EMF = -N * dΦ/dt. A constant (non-changing) magnetic field produces zero rate of change of flux (dΦ/dt = 0), so induced EMF = 0.",A constant field of 4 T through 300 turns gives a constant EMF because flux exists.,MISC-MAG-006: Static Field Induces Constant EMF Fallacy,conceptual_misconception,High,"Believes that a static (non-changing) magnetic field inside a coil continuously induces an EMF, not realizing that only a changing magnetic flux induces an EMF.",True,field_lines,A coil placed inside a solenoid showing changing vs static magnetic flux and galvanometer deflection.,train
REC-00736,PHY-Class10-13-0736,MAGNETIC_EFFECTS_ELECTROMAGNETIC_INDUCTION,Class 10,Magnetic Effects of Electric Current,Electromagnetic Induction and Faraday's Law,A coil of 100 turns is placed inside a constant magnetic field of 2 T. Is any EMF induced?,"No EMF is induced. Faraday's Law states EMF = -N * dΦ/dt. A constant (non-changing) magnetic field produces zero rate of change of flux (dΦ/dt = 0), so induced EMF = 0.",The galvanometer deflects continuously because the magnetic field passes through the coil.,MISC-MAG-006: Static Field Induces Constant EMF Fallacy,conceptual_misconception,High,"Believes that a static (non-changing) magnetic field inside a coil continuously induces an EMF, not realizing that only a changing magnetic flux induces an EMF.",True,field_lines,A coil placed inside a solenoid showing changing vs static magnetic flux and galvanometer deflection.,train
REC-00737,PHY-Class10-13-0737,MAGNETIC_EFFECTS_ELECTROMAGNETIC_INDUCTION,Class 10,Magnetic Effects of Electric Current,Electromagnetic Induction and Faraday's Law,A wire coil with 200 loops sits inside a steady non-changing magnetic field. Does a galvanometer connected to it deflect?,"No EMF is induced. Faraday's Law states EMF = -N * dΦ/dt. A constant (non-changing) magnetic field produces zero rate of change of flux (dΦ/dt = 0), so induced EMF = 0.","Yes, a steady EMF of 200 × 5 = 1000 V is induced because the field acts continuously on the coil.",MISC-MAG-006: Static Field Induces Constant EMF Fallacy,conceptual_misconception,High,"Believes that a static (non-changing) magnetic field inside a coil continuously induces an EMF, not realizing that only a changing magnetic flux induces an EMF.",True,field_lines,A coil placed inside a solenoid showing changing vs static magnetic flux and galvanometer deflection.,train
REC-00738,PHY-Class10-13-0738,MAGNETIC_EFFECTS_ELECTROMAGNETIC_INDUCTION,Class 10,Magnetic Effects of Electric Current,Electromagnetic Induction and Faraday's Law,A 50-turn coil is held stationary in a uniform magnetic field of 1 T. What EMF is induced?,"No EMF is induced. Faraday's Law states EMF = -N * dΦ/dt. A constant (non-changing) magnetic field produces zero rate of change of flux (dΦ/dt = 0), so induced EMF = 0.",The coil experiences an EMF proportional to field strength × turns = 50 V.,MISC-MAG-006: Static Field Induces Constant EMF Fallacy,conceptual_misconception,High,"Believes that a static (non-changing) magnetic field inside a coil continuously induces an EMF, not realizing that only a changing magnetic flux induces an EMF.",True,field_lines,A coil placed inside a solenoid showing changing vs static magnetic flux and galvanometer deflection.,train
REC-00739,PHY-Class10-13-0739,MAGNETIC_EFFECTS_ELECTROMAGNETIC_INDUCTION,Class 10,Magnetic Effects of Electric Current,Electromagnetic Induction and Faraday's Law,A coil of 150 turns is placed inside a constant magnetic field of 3 T. Is any EMF induced?,"No EMF is induced. Faraday's Law states EMF = -N * dΦ/dt. A constant (non-changing) magnetic field produces zero rate of change of flux (dΦ/dt = 0), so induced EMF = 0.",A constant field of 3 T through 150 turns gives a constant EMF because flux exists.,MISC-MAG-006: Static Field Induces Constant EMF Fallacy,conceptual_misconception,High,"Believes that a static (non-changing) magnetic field inside a coil continuously induces an EMF, not realizing that only a changing magnetic flux induces an EMF.",True,field_lines,A coil placed inside a solenoid showing changing vs static magnetic flux and galvanometer deflection.,train
REC-00740,PHY-Class10-13-0740,MAGNETIC_EFFECTS_ELECTROMAGNETIC_INDUCTION,Class 10,Magnetic Effects of Electric Current,Electromagnetic Induction and Faraday's Law,A wire coil with 300 loops sits inside a steady non-changing magnetic field. Does a galvanometer connected to it deflect?,"No EMF is induced. Faraday's Law states EMF = -N * dΦ/dt. A constant (non-changing) magnetic field produces zero rate of change of flux (dΦ/dt = 0), so induced EMF = 0.",The galvanometer deflects continuously because the magnetic field passes through the coil.,MISC-MAG-006: Static Field Induces Constant EMF Fallacy,conceptual_misconception,High,"Believes that a static (non-changing) magnetic field inside a coil continuously induces an EMF, not realizing that only a changing magnetic flux induces an EMF.",True,field_lines,A coil placed inside a solenoid showing changing vs static magnetic flux and galvanometer deflection.,train
REC-00741,PHY-Class10-13-0741,MAGNETIC_EFFECTS_ELECTROMAGNETIC_INDUCTION,Class 10,Magnetic Effects of Electric Current,Electromagnetic Induction and Faraday's Law,A 100-turn coil is held stationary in a uniform magnetic field of 2 T. What EMF is induced?,"No EMF is induced. Faraday's Law states EMF = -N * dΦ/dt. A constant (non-changing) magnetic field produces zero rate of change of flux (dΦ/dt = 0), so induced EMF = 0.","Yes, a steady EMF of 100 × 2 = 200 V is induced because the field acts continuously on the coil.",MISC-MAG-006: Static Field Induces Constant EMF Fallacy,conceptual_misconception,High,"Believes that a static (non-changing) magnetic field inside a coil continuously induces an EMF, not realizing that only a changing magnetic flux induces an EMF.",True,field_lines,A coil placed inside a solenoid showing changing vs static magnetic flux and galvanometer deflection.,test
REC-00742,PHY-Class10-13-0742,MAGNETIC_EFFECTS_ELECTROMAGNETIC_INDUCTION,Class 10,Magnetic Effects of Electric Current,Electromagnetic Induction and Faraday's Law,A coil of 200 turns is placed inside a constant magnetic field of 5 T. Is any EMF induced?,"No EMF is induced. Faraday's Law states EMF = -N * dΦ/dt. A constant (non-changing) magnetic field produces zero rate of change of flux (dΦ/dt = 0), so induced EMF = 0.",The coil experiences an EMF proportional to field strength × turns = 1000 V.,MISC-MAG-006: Static Field Induces Constant EMF Fallacy,conceptual_misconception,High,"Believes that a static (non-changing) magnetic field inside a coil continuously induces an EMF, not realizing that only a changing magnetic flux induces an EMF.",True,field_lines,A coil placed inside a solenoid showing changing vs static magnetic flux and galvanometer deflection.,test
REC-00743,PHY-Class10-13-0743,MAGNETIC_EFFECTS_ELECTROMAGNETIC_INDUCTION,Class 10,Magnetic Effects of Electric Current,Electromagnetic Induction and Faraday's Law,A wire coil with 50 loops sits inside a steady non-changing magnetic field. Does a galvanometer connected to it deflect?,"No EMF is induced. Faraday's Law states EMF = -N * dΦ/dt. A constant (non-changing) magnetic field produces zero rate of change of flux (dΦ/dt = 0), so induced EMF = 0.",A constant field of 1 T through 50 turns gives a constant EMF because flux exists.,MISC-MAG-006: Static Field Induces Constant EMF Fallacy,conceptual_misconception,High,"Believes that a static (non-changing) magnetic field inside a coil continuously induces an EMF, not realizing that only a changing magnetic flux induces an EMF.",True,field_lines,A coil placed inside a solenoid showing changing vs static magnetic flux and galvanometer deflection.,train
REC-00744,PHY-Class10-13-0744,MAGNETIC_EFFECTS_ELECTROMAGNETIC_INDUCTION,Class 10,Magnetic Effects of Electric Current,Electromagnetic Induction and Faraday's Law,A 150-turn coil is held stationary in a uniform magnetic field of 3 T. What EMF is induced?,"No EMF is induced. Faraday's Law states EMF = -N * dΦ/dt. A constant (non-changing) magnetic field produces zero rate of change of flux (dΦ/dt = 0), so induced EMF = 0.",The galvanometer deflects continuously because the magnetic field passes through the coil.,MISC-MAG-006: Static Field Induces Constant EMF Fallacy,conceptual_misconception,High,"Believes that a static (non-changing) magnetic field inside a coil continuously induces an EMF, not realizing that only a changing magnetic flux induces an EMF.",True,field_lines,A coil placed inside a solenoid showing changing vs static magnetic flux and galvanometer deflection.,train
REC-00745,PHY-Class10-13-0745,MAGNETIC_EFFECTS_ELECTROMAGNETIC_INDUCTION,Class 10,Magnetic Effects of Electric Current,Electromagnetic Induction and Faraday's Law,A coil of 300 turns is placed inside a constant magnetic field of 4 T. Is any EMF induced?,"No EMF is induced. Faraday's Law states EMF = -N * dΦ/dt. A constant (non-changing) magnetic field produces zero rate of change of flux (dΦ/dt = 0), so induced EMF = 0.","Yes, a steady EMF of 300 × 4 = 1200 V is induced because the field acts continuously on the coil.",MISC-MAG-006: Static Field Induces Constant EMF Fallacy,conceptual_misconception,High,"Believes that a static (non-changing) magnetic field inside a coil continuously induces an EMF, not realizing that only a changing magnetic flux induces an EMF.",True,field_lines,A coil placed inside a solenoid showing changing vs static magnetic flux and galvanometer deflection.,test
REC-00746,PHY-Class10-13-0746,MAGNETIC_EFFECTS_ELECTROMAGNETIC_INDUCTION,Class 10,Magnetic Effects of Electric Current,Electromagnetic Induction and Faraday's Law,A wire coil with 100 loops sits inside a steady non-changing magnetic field. Does a galvanometer connected to it deflect?,"No EMF is induced. Faraday's Law states EMF = -N * dΦ/dt. A constant (non-changing) magnetic field produces zero rate of change of flux (dΦ/dt = 0), so induced EMF = 0.",The coil experiences an EMF proportional to field strength × turns = 200 V.,MISC-MAG-006: Static Field Induces Constant EMF Fallacy,conceptual_misconception,High,"Believes that a static (non-changing) magnetic field inside a coil continuously induces an EMF, not realizing that only a changing magnetic flux induces an EMF.",True,field_lines,A coil placed inside a solenoid showing changing vs static magnetic flux and galvanometer deflection.,train
REC-00747,PHY-Class10-13-0747,MAGNETIC_EFFECTS_ELECTROMAGNETIC_INDUCTION,Class 10,Magnetic Effects of Electric Current,Electromagnetic Induction and Faraday's Law,A 200-turn coil is held stationary in a uniform magnetic field of 5 T. What EMF is induced?,"No EMF is induced. Faraday's Law states EMF = -N * dΦ/dt. A constant (non-changing) magnetic field produces zero rate of change of flux (dΦ/dt = 0), so induced EMF = 0.",A constant field of 5 T through 200 turns gives a constant EMF because flux exists.,MISC-MAG-006: Static Field Induces Constant EMF Fallacy,conceptual_misconception,High,"Believes that a static (non-changing) magnetic field inside a coil continuously induces an EMF, not realizing that only a changing magnetic flux induces an EMF.",True,field_lines,A coil placed inside a solenoid showing changing vs static magnetic flux and galvanometer deflection.,train
REC-00748,PHY-Class10-13-0748,MAGNETIC_EFFECTS_ELECTROMAGNETIC_INDUCTION,Class 10,Magnetic Effects of Electric Current,Electromagnetic Induction and Faraday's Law,A coil of 50 turns is placed inside a constant magnetic field of 1 T. Is any EMF induced?,"No EMF is induced. Faraday's Law states EMF = -N * dΦ/dt. A constant (non-changing) magnetic field produces zero rate of change of flux (dΦ/dt = 0), so induced EMF = 0.",The galvanometer deflects continuously because the magnetic field passes through the coil.,MISC-MAG-006: Static Field Induces Constant EMF Fallacy,conceptual_misconception,High,"Believes that a static (non-changing) magnetic field inside a coil continuously induces an EMF, not realizing that only a changing magnetic flux induces an EMF.",True,field_lines,A coil placed inside a solenoid showing changing vs static magnetic flux and galvanometer deflection.,train
REC-00749,PHY-Class10-13-0749,MAGNETIC_EFFECTS_ELECTROMAGNETIC_INDUCTION,Class 10,Magnetic Effects of Electric Current,Electromagnetic Induction and Faraday's Law,A wire coil with 150 loops sits inside a steady non-changing magnetic field. Does a galvanometer connected to it deflect?,"No EMF is induced. Faraday's Law states EMF = -N * dΦ/dt. A constant (non-changing) magnetic field produces zero rate of change of flux (dΦ/dt = 0), so induced EMF = 0.","Yes, a steady EMF of 150 × 3 = 450 V is induced because the field acts continuously on the coil.",MISC-MAG-006: Static Field Induces Constant EMF Fallacy,conceptual_misconception,High,"Believes that a static (non-changing) magnetic field inside a coil continuously induces an EMF, not realizing that only a changing magnetic flux induces an EMF.",True,field_lines,A coil placed inside a solenoid showing changing vs static magnetic flux and galvanometer deflection.,val
REC-00750,PHY-Class10-13-0750,MAGNETIC_EFFECTS_ELECTROMAGNETIC_INDUCTION,Class 10,Magnetic Effects of Electric Current,Electromagnetic Induction and Faraday's Law,A 300-turn coil is held stationary in a uniform magnetic field of 4 T. What EMF is induced?,"No EMF is induced. Faraday's Law states EMF = -N * dΦ/dt. A constant (non-changing) magnetic field produces zero rate of change of flux (dΦ/dt = 0), so induced EMF = 0.",The coil experiences an EMF proportional to field strength × turns = 1200 V.,MISC-MAG-006: Static Field Induces Constant EMF Fallacy,conceptual_misconception,High,"Believes that a static (non-changing) magnetic field inside a coil continuously induces an EMF, not realizing that only a changing magnetic flux induces an EMF.",True,field_lines,A coil placed inside a solenoid showing changing vs static magnetic flux and galvanometer deflection.,test
REC-00751,PHY-Class10-13-0751,MAGNETIC_EFFECTS_ELECTROMAGNETIC_INDUCTION,Class 10,Magnetic Effects of Electric Current,Electromagnetic Induction and Faraday's Law,A coil of 100 turns is placed inside a constant magnetic field of 2 T. Is any EMF induced?,"No EMF is induced. Faraday's Law states EMF = -N * dΦ/dt. A constant (non-changing) magnetic field produces zero rate of change of flux (dΦ/dt = 0), so induced EMF = 0.",A constant field of 2 T through 100 turns gives a constant EMF because flux exists.,MISC-MAG-006: Static Field Induces Constant EMF Fallacy,conceptual_misconception,High,"Believes that a static (non-changing) magnetic field inside a coil continuously induces an EMF, not realizing that only a changing magnetic flux induces an EMF.",True,field_lines,A coil placed inside a solenoid showing changing vs static magnetic flux and galvanometer deflection.,val
REC-00752,PHY-Class10-13-0752,MAGNETIC_EFFECTS_ELECTROMAGNETIC_INDUCTION,Class 10,Magnetic Effects of Electric Current,Electromagnetic Induction and Faraday's Law,A wire coil with 200 loops sits inside a steady non-changing magnetic field. Does a galvanometer connected to it deflect?,"No EMF is induced. Faraday's Law states EMF = -N * dΦ/dt. A constant (non-changing) magnetic field produces zero rate of change of flux (dΦ/dt = 0), so induced EMF = 0.",The galvanometer deflects continuously because the magnetic field passes through the coil.,MISC-MAG-006: Static Field Induces Constant EMF Fallacy,conceptual_misconception,High,"Believes that a static (non-changing) magnetic field inside a coil continuously induces an EMF, not realizing that only a changing magnetic flux induces an EMF.",True,field_lines,A coil placed inside a solenoid showing changing vs static magnetic flux and galvanometer deflection.,train
REC-00753,PHY-Class10-13-0753,MAGNETIC_EFFECTS_ELECTROMAGNETIC_INDUCTION,Class 10,Magnetic Effects of Electric Current,Electromagnetic Induction and Faraday's Law,A 50-turn coil is held stationary in a uniform magnetic field of 1 T. What EMF is induced?,"No EMF is induced. Faraday's Law states EMF = -N * dΦ/dt. A constant (non-changing) magnetic field produces zero rate of change of flux (dΦ/dt = 0), so induced EMF = 0.","Yes, a steady EMF of 50 × 1 = 50 V is induced because the field acts continuously on the coil.",MISC-MAG-006: Static Field Induces Constant EMF Fallacy,conceptual_misconception,High,"Believes that a static (non-changing) magnetic field inside a coil continuously induces an EMF, not realizing that only a changing magnetic flux induces an EMF.",True,field_lines,A coil placed inside a solenoid showing changing vs static magnetic flux and galvanometer deflection.,train
REC-00754,PHY-Class10-13-0754,MAGNETIC_EFFECTS_ELECTROMAGNETIC_INDUCTION,Class 10,Magnetic Effects of Electric Current,Electromagnetic Induction and Faraday's Law,A coil of 150 turns is placed inside a constant magnetic field of 3 T. Is any EMF induced?,"No EMF is induced. Faraday's Law states EMF = -N * dΦ/dt. A constant (non-changing) magnetic field produces zero rate of change of flux (dΦ/dt = 0), so induced EMF = 0.",The coil experiences an EMF proportional to field strength × turns = 450 V.,MISC-MAG-006: Static Field Induces Constant EMF Fallacy,conceptual_misconception,High,"Believes that a static (non-changing) magnetic field inside a coil continuously induces an EMF, not realizing that only a changing magnetic flux induces an EMF.",True,field_lines,A coil placed inside a solenoid showing changing vs static magnetic flux and galvanometer deflection.,train
REC-00755,PHY-Class10-13-0755,MAGNETIC_EFFECTS_ELECTROMAGNETIC_INDUCTION,Class 10,Magnetic Effects of Electric Current,Electromagnetic Induction and Faraday's Law,A wire coil with 300 loops sits inside a steady non-changing magnetic field. Does a galvanometer connected to it deflect?,"No EMF is induced. Faraday's Law states EMF = -N * dΦ/dt. A constant (non-changing) magnetic field produces zero rate of change of flux (dΦ/dt = 0), so induced EMF = 0.",A constant field of 4 T through 300 turns gives a constant EMF because flux exists.,MISC-MAG-006: Static Field Induces Constant EMF Fallacy,conceptual_misconception,High,"Believes that a static (non-changing) magnetic field inside a coil continuously induces an EMF, not realizing that only a changing magnetic flux induces an EMF.",True,field_lines,A coil placed inside a solenoid showing changing vs static magnetic flux and galvanometer deflection.,val
REC-00756,PHY-Class10-13-0756,MAGNETIC_EFFECTS_ELECTROMAGNETIC_INDUCTION,Class 10,Magnetic Effects of Electric Current,Electromagnetic Induction and Faraday's Law,A 100-turn coil is held stationary in a uniform magnetic field of 2 T. What EMF is induced?,"No EMF is induced. Faraday's Law states EMF = -N * dΦ/dt. A constant (non-changing) magnetic field produces zero rate of change of flux (dΦ/dt = 0), so induced EMF = 0.",The galvanometer deflects continuously because the magnetic field passes through the coil.,MISC-MAG-006: Static Field Induces Constant EMF Fallacy,conceptual_misconception,High,"Believes that a static (non-changing) magnetic field inside a coil continuously induces an EMF, not realizing that only a changing magnetic flux induces an EMF.",True,field_lines,A coil placed inside a solenoid showing changing vs static magnetic flux and galvanometer deflection.,test
REC-00757,PHY-Class10-13-0757,MAGNETIC_EFFECTS_ELECTROMAGNETIC_INDUCTION,Class 10,Magnetic Effects of Electric Current,Electromagnetic Induction and Faraday's Law,A coil of 100 turns is placed inside a constant magnetic field of 2 T. Is any EMF induced?,"No EMF is induced. Faraday's Law states EMF = -N * dΦ/dt. A constant (non-changing) magnetic field produces zero rate of change of flux (dΦ/dt = 0), so induced EMF = 0.",Zero EMF. Faraday's Law: EMF = -N * dΦ/dt = 0 because dΦ/dt = 0 for a constant field.,CORRECT: Scientifically Accurate Response,no_error,High,Rigorous scientific reasoning with valid physical principles and mathematical steps.,True,field_lines,A coil placed inside a solenoid showing changing vs static magnetic flux and galvanometer deflection.,train
REC-00758,PHY-Class10-13-0758,MAGNETIC_EFFECTS_ELECTROMAGNETIC_INDUCTION,Class 10,Magnetic Effects of Electric Current,Electromagnetic Induction and Faraday's Law,A wire coil with 200 loops sits inside a steady non-changing magnetic field. Does a galvanometer connected to it deflect?,"No EMF is induced. Faraday's Law states EMF = -N * dΦ/dt. A constant (non-changing) magnetic field produces zero rate of change of flux (dΦ/dt = 0), so induced EMF = 0.",No deflection. Only a changing flux induces an EMF; a static field induces nothing.,CORRECT: Scientifically Accurate Response,no_error,High,Rigorous scientific reasoning with valid physical principles and mathematical steps.,True,field_lines,A coil placed inside a solenoid showing changing vs static magnetic flux and galvanometer deflection.,val
REC-00759,PHY-Class10-13-0759,MAGNETIC_EFFECTS_ELECTROMAGNETIC_INDUCTION,Class 10,Magnetic Effects of Electric Current,Electromagnetic Induction and Faraday's Law,A 50-turn coil is held stationary in a uniform magnetic field of 1 T. What EMF is induced?,"No EMF is induced. Faraday's Law states EMF = -N * dΦ/dt. A constant (non-changing) magnetic field produces zero rate of change of flux (dΦ/dt = 0), so induced EMF = 0.","EMF = 0 V. Electromagnetic induction requires change in magnetic flux, not mere presence of field.",CORRECT: Scientifically Accurate Response,no_error,High,Rigorous scientific reasoning with valid physical principles and mathematical steps.,True,field_lines,A coil placed inside a solenoid showing changing vs static magnetic flux and galvanometer deflection.,test
REC-00760,PHY-Class10-13-0760,MAGNETIC_EFFECTS_ELECTROMAGNETIC_INDUCTION,Class 10,Magnetic Effects of Electric Current,Electromagnetic Induction and Faraday's Law,A coil of 150 turns is placed inside a constant magnetic field of 3 T. Is any EMF induced?,"No EMF is induced. Faraday's Law states EMF = -N * dΦ/dt. A constant (non-changing) magnetic field produces zero rate of change of flux (dΦ/dt = 0), so induced EMF = 0.",Zero EMF. Faraday's Law: EMF = -N * dΦ/dt = 0 because dΦ/dt = 0 for a constant field.,CORRECT: Scientifically Accurate Response,no_error,High,Rigorous scientific reasoning with valid physical principles and mathematical steps.,True,field_lines,A coil placed inside a solenoid showing changing vs static magnetic flux and galvanometer deflection.,train
REC-00761,PHY-Class10-13-0761,MAGNETIC_EFFECTS_ELECTROMAGNETIC_INDUCTION,Class 10,Magnetic Effects of Electric Current,Electromagnetic Induction and Faraday's Law,A wire coil with 300 loops sits inside a steady non-changing magnetic field. Does a galvanometer connected to it deflect?,"No EMF is induced. Faraday's Law states EMF = -N * dΦ/dt. A constant (non-changing) magnetic field produces zero rate of change of flux (dΦ/dt = 0), so induced EMF = 0.",No deflection. Only a changing flux induces an EMF; a static field induces nothing.,CORRECT: Scientifically Accurate Response,no_error,High,Rigorous scientific reasoning with valid physical principles and mathematical steps.,True,field_lines,A coil placed inside a solenoid showing changing vs static magnetic flux and galvanometer deflection.,train
REC-00762,PHY-Class10-13-0762,MAGNETIC_EFFECTS_ELECTROMAGNETIC_INDUCTION,Class 10,Magnetic Effects of Electric Current,Electromagnetic Induction and Faraday's Law,A 100-turn coil is held stationary in a uniform magnetic field of 2 T. What EMF is induced?,"No EMF is induced. Faraday's Law states EMF = -N * dΦ/dt. A constant (non-changing) magnetic field produces zero rate of change of flux (dΦ/dt = 0), so induced EMF = 0.","EMF = 0 V. Electromagnetic induction requires change in magnetic flux, not mere presence of field.",CORRECT: Scientifically Accurate Response,no_error,High,Rigorous scientific reasoning with valid physical principles and mathematical steps.,True,field_lines,A coil placed inside a solenoid showing changing vs static magnetic flux and galvanometer deflection.,test
REC-00763,PHY-Class10-13-0763,MAGNETIC_EFFECTS_ELECTROMAGNETIC_INDUCTION,Class 10,Magnetic Effects of Electric Current,Electromagnetic Induction and Faraday's Law,A coil of 200 turns is placed inside a constant magnetic field of 5 T. Is any EMF induced?,"No EMF is induced. Faraday's Law states EMF = -N * dΦ/dt. A constant (non-changing) magnetic field produces zero rate of change of flux (dΦ/dt = 0), so induced EMF = 0.",Zero EMF. Faraday's Law: EMF = -N * dΦ/dt = 0 because dΦ/dt = 0 for a constant field.,CORRECT: Scientifically Accurate Response,no_error,High,Rigorous scientific reasoning with valid physical principles and mathematical steps.,True,field_lines,A coil placed inside a solenoid showing changing vs static magnetic flux and galvanometer deflection.,train
REC-00764,PHY-Class10-13-0764,MAGNETIC_EFFECTS_ELECTROMAGNETIC_INDUCTION,Class 10,Magnetic Effects of Electric Current,Electromagnetic Induction and Faraday's Law,A wire coil with 50 loops sits inside a steady non-changing magnetic field. Does a galvanometer connected to it deflect?,"No EMF is induced. Faraday's Law states EMF = -N * dΦ/dt. A constant (non-changing) magnetic field produces zero rate of change of flux (dΦ/dt = 0), so induced EMF = 0.",No deflection. Only a changing flux induces an EMF; a static field induces nothing.,CORRECT: Scientifically Accurate Response,no_error,High,Rigorous scientific reasoning with valid physical principles and mathematical steps.,True,field_lines,A coil placed inside a solenoid showing changing vs static magnetic flux and galvanometer deflection.,train
REC-00765,PHY-Class10-13-0765,MAGNETIC_EFFECTS_ELECTROMAGNETIC_INDUCTION,Class 10,Magnetic Effects of Electric Current,Electromagnetic Induction and Faraday's Law,A 150-turn coil is held stationary in a uniform magnetic field of 3 T. What EMF is induced?,"No EMF is induced. Faraday's Law states EMF = -N * dΦ/dt. A constant (non-changing) magnetic field produces zero rate of change of flux (dΦ/dt = 0), so induced EMF = 0.","EMF = 0 V. Electromagnetic induction requires change in magnetic flux, not mere presence of field.",CORRECT: Scientifically Accurate Response,no_error,High,Rigorous scientific reasoning with valid physical principles and mathematical steps.,True,field_lines,A coil placed inside a solenoid showing changing vs static magnetic flux and galvanometer deflection.,train
REC-00766,PHY-Class10-13-0766,MAGNETIC_EFFECTS_ELECTROMAGNETIC_INDUCTION,Class 10,Magnetic Effects of Electric Current,Electromagnetic Induction and Faraday's Law,A coil of 300 turns is placed inside a constant magnetic field of 4 T. Is any EMF induced?,"No EMF is induced. Faraday's Law states EMF = -N * dΦ/dt. A constant (non-changing) magnetic field produces zero rate of change of flux (dΦ/dt = 0), so induced EMF = 0.",Zero EMF. Faraday's Law: EMF = -N * dΦ/dt = 0 because dΦ/dt = 0 for a constant field.,CORRECT: Scientifically Accurate Response,no_error,High,Rigorous scientific reasoning with valid physical principles and mathematical steps.,True,field_lines,A coil placed inside a solenoid showing changing vs static magnetic flux and galvanometer deflection.,val
REC-00767,PHY-Class10-13-0767,MAGNETIC_EFFECTS_ELECTROMAGNETIC_INDUCTION,Class 10,Magnetic Effects of Electric Current,Electromagnetic Induction and Faraday's Law,A wire coil with 100 loops sits inside a steady non-changing magnetic field. Does a galvanometer connected to it deflect?,"No EMF is induced. Faraday's Law states EMF = -N * dΦ/dt. A constant (non-changing) magnetic field produces zero rate of change of flux (dΦ/dt = 0), so induced EMF = 0.",No deflection. Only a changing flux induces an EMF; a static field induces nothing.,CORRECT: Scientifically Accurate Response,no_error,High,Rigorous scientific reasoning with valid physical principles and mathematical steps.,True,field_lines,A coil placed inside a solenoid showing changing vs static magnetic flux and galvanometer deflection.,train
REC-00768,PHY-Class10-13-0768,MAGNETIC_EFFECTS_ELECTROMAGNETIC_INDUCTION,Class 10,Magnetic Effects of Electric Current,Electromagnetic Induction and Faraday's Law,A 200-turn coil is held stationary in a uniform magnetic field of 5 T. What EMF is induced?,"No EMF is induced. Faraday's Law states EMF = -N * dΦ/dt. A constant (non-changing) magnetic field produces zero rate of change of flux (dΦ/dt = 0), so induced EMF = 0.","EMF = 0 V. Electromagnetic induction requires change in magnetic flux, not mere presence of field.",CORRECT: Scientifically Accurate Response,no_error,High,Rigorous scientific reasoning with valid physical principles and mathematical steps.,True,field_lines,A coil placed inside a solenoid showing changing vs static magnetic flux and galvanometer deflection.,train
REC-00769,PHY-Class10-13-0769,MAGNETIC_EFFECTS_ELECTROMAGNETIC_INDUCTION,Class 10,Magnetic Effects of Electric Current,Electromagnetic Induction and Faraday's Law,A coil of 100 turns is placed inside a constant magnetic field of 2 T. Is any EMF induced?,"No EMF is induced. Faraday's Law states EMF = -N * dΦ/dt. A constant (non-changing) magnetic field produces zero rate of change of flux (dΦ/dt = 0), so induced EMF = 0.","Correctly identified EMF = 0, but miscalculated time constant as 150.0 s.",CARELESS_CALCULATION_ERROR,calculation_slip,Medium,Conceptual formula choice is correct; error is isolated to an arithmetic slip.,True,field_lines,A coil placed inside a solenoid showing changing vs static magnetic flux and galvanometer deflection.,train
REC-00770,PHY-Class10-13-0770,MAGNETIC_EFFECTS_ELECTROMAGNETIC_INDUCTION,Class 10,Magnetic Effects of Electric Current,Electromagnetic Induction and Faraday's Law,A wire coil with 200 loops sits inside a steady non-changing magnetic field. Does a galvanometer connected to it deflect?,"No EMF is induced. Faraday's Law states EMF = -N * dΦ/dt. A constant (non-changing) magnetic field produces zero rate of change of flux (dΦ/dt = 0), so induced EMF = 0.",Gave correct answer (zero EMF) but confused Faraday's Law equation with Ampere's Law.,CARELESS_CALCULATION_ERROR,calculation_slip,Medium,Conceptual formula choice is correct; error is isolated to an arithmetic slip.,True,field_lines,A coil placed inside a solenoid showing changing vs static magnetic flux and galvanometer deflection.,train
REC-00771,PHY-Class10-13-0771,MAGNETIC_EFFECTS_ELECTROMAGNETIC_INDUCTION,Class 10,Magnetic Effects of Electric Current,Electromagnetic Induction and Faraday's Law,A 50-turn coil is held stationary in a uniform magnetic field of 1 T. What EMF is induced?,"No EMF is induced. Faraday's Law states EMF = -N * dΦ/dt. A constant (non-changing) magnetic field produces zero rate of change of flux (dΦ/dt = 0), so induced EMF = 0.","Correctly identified EMF = 0, but miscalculated time constant as 75.0 s.",CARELESS_CALCULATION_ERROR,calculation_slip,Medium,Conceptual formula choice is correct; error is isolated to an arithmetic slip.,True,field_lines,A coil placed inside a solenoid showing changing vs static magnetic flux and galvanometer deflection.,val
REC-00772,PHY-Class10-13-0772,MAGNETIC_EFFECTS_ELECTROMAGNETIC_INDUCTION,Class 10,Magnetic Effects of Electric Current,Electromagnetic Induction and Faraday's Law,A coil of 150 turns is placed inside a constant magnetic field of 3 T. Is any EMF induced?,"No EMF is induced. Faraday's Law states EMF = -N * dΦ/dt. A constant (non-changing) magnetic field produces zero rate of change of flux (dΦ/dt = 0), so induced EMF = 0.",Gave correct answer (zero EMF) but confused Faraday's Law equation with Ampere's Law.,CARELESS_CALCULATION_ERROR,calculation_slip,Medium,Conceptual formula choice is correct; error is isolated to an arithmetic slip.,True,field_lines,A coil placed inside a solenoid showing changing vs static magnetic flux and galvanometer deflection.,test
REC-00773,PHY-Class10-13-0773,MAGNETIC_EFFECTS_ELECTROMAGNETIC_INDUCTION,Class 10,Magnetic Effects of Electric Current,Electromagnetic Induction and Faraday's Law,A coil of 100 turns is placed inside a constant magnetic field of 2 T. Is any EMF induced?,"No EMF is induced. Faraday's Law states EMF = -N * dΦ/dt. A constant (non-changing) magnetic field produces zero rate of change of flux (dΦ/dt = 0), so induced EMF = 0.",EMF reported as 100 Tesla instead of Volts.,UNIT_CONVERSION_ERROR,unit_error,High,"Numerical reasoning is sound, but units were omitted or confused with another physical quantity.",True,field_lines,A coil placed inside a solenoid showing changing vs static magnetic flux and galvanometer deflection.,test
REC-00774,PHY-Class10-13-0774,MAGNETIC_EFFECTS_ELECTROMAGNETIC_INDUCTION,Class 10,Magnetic Effects of Electric Current,Electromagnetic Induction and Faraday's Law,A wire coil with 200 loops sits inside a steady non-changing magnetic field. Does a galvanometer connected to it deflect?,"No EMF is induced. Faraday's Law states EMF = -N * dΦ/dt. A constant (non-changing) magnetic field produces zero rate of change of flux (dΦ/dt = 0), so induced EMF = 0.",Rate of flux change reported in T instead of Wb/s (V).,UNIT_CONVERSION_ERROR,unit_error,High,"Numerical reasoning is sound, but units were omitted or confused with another physical quantity.",True,field_lines,A coil placed inside a solenoid showing changing vs static magnetic flux and galvanometer deflection.,train
REC-00775,PHY-Class10-13-0775,MAGNETIC_EFFECTS_ELECTROMAGNETIC_INDUCTION,Class 10,Magnetic Effects of Electric Current,Electromagnetic Induction and Faraday's Law,A 50-turn coil is held stationary in a uniform magnetic field of 1 T. What EMF is induced?,"No EMF is induced. Faraday's Law states EMF = -N * dΦ/dt. A constant (non-changing) magnetic field produces zero rate of change of flux (dΦ/dt = 0), so induced EMF = 0.",EMF reported as 50 Tesla instead of Volts.,UNIT_CONVERSION_ERROR,unit_error,High,"Numerical reasoning is sound, but units were omitted or confused with another physical quantity.",True,field_lines,A coil placed inside a solenoid showing changing vs static magnetic flux and galvanometer deflection.,val
REC-00776,PHY-Class10-13-0776,MAGNETIC_EFFECTS_ELECTROMAGNETIC_INDUCTION,Class 10,Magnetic Effects of Electric Current,Electromagnetic Induction and Faraday's Law,A coil of 150 turns is placed inside a constant magnetic field of 3 T. Is any EMF induced?,"No EMF is induced. Faraday's Law states EMF = -N * dΦ/dt. A constant (non-changing) magnetic field produces zero rate of change of flux (dΦ/dt = 0), so induced EMF = 0.",Rate of flux change reported in T instead of Wb/s (V).,UNIT_CONVERSION_ERROR,unit_error,High,"Numerical reasoning is sound, but units were omitted or confused with another physical quantity.",True,field_lines,A coil placed inside a solenoid showing changing vs static magnetic flux and galvanometer deflection.,train
REC-00777,PHY-Class10-13-0777,MAGNETIC_EFFECTS_ELECTROMAGNETIC_INDUCTION,Class 10,Magnetic Effects of Electric Current,Electromagnetic Induction and Faraday's Law,A coil of 100 turns is placed inside a constant magnetic field of 2 T. Is any EMF induced?,"No EMF is induced. Faraday's Law states EMF = -N * dΦ/dt. A constant (non-changing) magnetic field produces zero rate of change of flux (dΦ/dt = 0), so induced EMF = 0.",I think EMF is induced whenever the field is present but I'm not sure about constant vs changing.,UNSURE_INSUFFICIENT_EVIDENCE,guessing_unclear,Low,Student response contains minimal reasoning or expresses explicit uncertainty; requires diagnostic probe.,True,field_lines,A coil placed inside a solenoid showing changing vs static magnetic flux and galvanometer deflection.,test
REC-00778,PHY-Class10-13-0778,MAGNETIC_EFFECTS_ELECTROMAGNETIC_INDUCTION,Class 10,Magnetic Effects of Electric Current,Electromagnetic Induction and Faraday's Law,A wire coil with 200 loops sits inside a steady non-changing magnetic field. Does a galvanometer connected to it deflect?,"No EMF is induced. Faraday's Law states EMF = -N * dΦ/dt. A constant (non-changing) magnetic field produces zero rate of change of flux (dΦ/dt = 0), so induced EMF = 0.",Does the number of turns matter if the field is constant?,UNSURE_INSUFFICIENT_EVIDENCE,guessing_unclear,Low,Student response contains minimal reasoning or expresses explicit uncertainty; requires diagnostic probe.,True,field_lines,A coil placed inside a solenoid showing changing vs static magnetic flux and galvanometer deflection.,train
REC-00779,PHY-Class10-13-0779,MAGNETIC_EFFECTS_ELECTROMAGNETIC_INDUCTION,Class 10,Magnetic Effects of Electric Current,Electromagnetic Induction and Faraday's Law,A 50-turn coil is held stationary in a uniform magnetic field of 1 T. What EMF is induced?,"No EMF is induced. Faraday's Law states EMF = -N * dΦ/dt. A constant (non-changing) magnetic field produces zero rate of change of flux (dΦ/dt = 0), so induced EMF = 0.",I think EMF is induced whenever the field is present but I'm not sure about constant vs changing.,UNSURE_INSUFFICIENT_EVIDENCE,guessing_unclear,Low,Student response contains minimal reasoning or expresses explicit uncertainty; requires diagnostic probe.,True,field_lines,A coil placed inside a solenoid showing changing vs static magnetic flux and galvanometer deflection.,val
REC-00780,PHY-Class10-13-0780,MAGNETIC_EFFECTS_ELECTROMAGNETIC_INDUCTION,Class 10,Magnetic Effects of Electric Current,Electromagnetic Induction and Faraday's Law,A coil of 150 turns is placed inside a constant magnetic field of 3 T. Is any EMF induced?,"No EMF is induced. Faraday's Law states EMF = -N * dΦ/dt. A constant (non-changing) magnetic field produces zero rate of change of flux (dΦ/dt = 0), so induced EMF = 0.",Does the number of turns matter if the field is constant?,UNSURE_INSUFFICIENT_EVIDENCE,guessing_unclear,Low,Student response contains minimal reasoning or expresses explicit uncertainty; requires diagnostic probe.,True,field_lines,A coil placed inside a solenoid showing changing vs static magnetic flux and galvanometer deflection.,train
REC-00781,PHY-Class9-14-0781,WORK_ENERGY_POWER_CLASS9,Class 9,Work and Energy,Work Done by Force: Direction Dependence,A porter carries a 10 kg bag on his head and walks horizontally for 10 m. How much work is done by the normal (vertical) force he exerts?,"W = F × d × cos(θ). When force is perpendicular to displacement (θ = 90°), W = F × d × cos(90°) = 0. No work is done by a force perpendicular to motion.","Work done = 10 × 10 = 50 J because force times displacement = work, direction doesn't matter.",MISC-WRK-001: Work Equals Force Times Distance Regardless of Direction,conceptual_misconception,High,Applies W = F × d without considering the angle between force and displacement; believes work is done whenever force is applied even if perpendicular to motion.,True,force_diagram,Block being pushed horizontally while normal force acts vertically — illustrating perpendicular force does zero work.,val
REC-00782,PHY-Class9-14-0782,WORK_ENERGY_POWER_CLASS9,Class 9,Work and Energy,Work Done by Force: Direction Dependence,A man carries a 20 kg load and walks 20 m on a flat road. Calculate work done by the vertical holding force.,"W = F × d × cos(θ). When force is perpendicular to displacement (θ = 90°), W = F × d × cos(90°) = 0. No work is done by a force perpendicular to motion.",The porter does 160 J of work because he exerts a force of 20 N over 20 m.,MISC-WRK-001: Work Equals Force Times Distance Regardless of Direction,conceptual_misconception,High,Applies W = F × d without considering the angle between force and displacement; believes work is done whenever force is applied even if perpendicular to motion.,True,force_diagram,Block being pushed horizontally while normal force acts vertically — illustrating perpendicular force does zero work.,train
REC-00783,PHY-Class9-14-0783,WORK_ENERGY_POWER_CLASS9,Class 9,Work and Energy,Work Done by Force: Direction Dependence,"A block of 15 kg is pushed horizontally with a force of 15 N for 15 m. If force is applied at 90° to displacement, what work is done?","W = F × d × cos(θ). When force is perpendicular to displacement (θ = 90°), W = F × d × cos(90°) = 0. No work is done by a force perpendicular to motion.",Work = F × d = 15 × 15 = 90 J regardless of direction.,MISC-WRK-001: Work Equals Force Times Distance Regardless of Direction,conceptual_misconception,High,Applies W = F × d without considering the angle between force and displacement; believes work is done whenever force is applied even if perpendicular to motion.,True,force_diagram,Block being pushed horizontally while normal force acts vertically — illustrating perpendicular force does zero work.,test
REC-00784,PHY-Class9-14-0784,WORK_ENERGY_POWER_CLASS9,Class 9,Work and Energy,Work Done by Force: Direction Dependence,A porter carries a 25 kg bag on his head and walks horizontally for 25 m. How much work is done by the normal (vertical) force he exerts?,"W = F × d × cos(θ). When force is perpendicular to displacement (θ = 90°), W = F × d × cos(90°) = 0. No work is done by a force perpendicular to motion.",Force of 25 N for 25 m always gives 250 J of work done.,MISC-WRK-001: Work Equals Force Times Distance Regardless of Direction,conceptual_misconception,High,Applies W = F × d without considering the angle between force and displacement; believes work is done whenever force is applied even if perpendicular to motion.,True,force_diagram,Block being pushed horizontally while normal force acts vertically — illustrating perpendicular force does zero work.,train
REC-00785,PHY-Class9-14-0785,WORK_ENERGY_POWER_CLASS9,Class 9,Work and Energy,Work Done by Force: Direction Dependence,A man carries a 12 kg load and walks 12 m on a flat road. Calculate work done by the vertical holding force.,"W = F × d × cos(θ). When force is perpendicular to displacement (θ = 90°), W = F × d × cos(90°) = 0. No work is done by a force perpendicular to motion.","Work done = 12 × 12 = 48 J because force times displacement = work, direction doesn't matter.",MISC-WRK-001: Work Equals Force Times Distance Regardless of Direction,conceptual_misconception,High,Applies W = F × d without considering the angle between force and displacement; believes work is done whenever force is applied even if perpendicular to motion.,True,force_diagram,Block being pushed horizontally while normal force acts vertically — illustrating perpendicular force does zero work.,train
REC-00786,PHY-Class9-14-0786,WORK_ENERGY_POWER_CLASS9,Class 9,Work and Energy,Work Done by Force: Direction Dependence,"A block of 10 kg is pushed horizontally with a force of 10 N for 10 m. If force is applied at 90° to displacement, what work is done?","W = F × d × cos(θ). When force is perpendicular to displacement (θ = 90°), W = F × d × cos(90°) = 0. No work is done by a force perpendicular to motion.",The porter does 50 J of work because he exerts a force of 10 N over 10 m.,MISC-WRK-001: Work Equals Force Times Distance Regardless of Direction,conceptual_misconception,High,Applies W = F × d without considering the angle between force and displacement; believes work is done whenever force is applied even if perpendicular to motion.,True,force_diagram,Block being pushed horizontally while normal force acts vertically — illustrating perpendicular force does zero work.,train
REC-00787,PHY-Class9-14-0787,WORK_ENERGY_POWER_CLASS9,Class 9,Work and Energy,Work Done by Force: Direction Dependence,A porter carries a 20 kg bag on his head and walks horizontally for 20 m. How much work is done by the normal (vertical) force he exerts?,"W = F × d × cos(θ). When force is perpendicular to displacement (θ = 90°), W = F × d × cos(90°) = 0. No work is done by a force perpendicular to motion.",Work = F × d = 20 × 20 = 160 J regardless of direction.,MISC-WRK-001: Work Equals Force Times Distance Regardless of Direction,conceptual_misconception,High,Applies W = F × d without considering the angle between force and displacement; believes work is done whenever force is applied even if perpendicular to motion.,True,force_diagram,Block being pushed horizontally while normal force acts vertically — illustrating perpendicular force does zero work.,train
REC-00788,PHY-Class9-14-0788,WORK_ENERGY_POWER_CLASS9,Class 9,Work and Energy,Work Done by Force: Direction Dependence,A man carries a 15 kg load and walks 15 m on a flat road. Calculate work done by the vertical holding force.,"W = F × d × cos(θ). When force is perpendicular to displacement (θ = 90°), W = F × d × cos(90°) = 0. No work is done by a force perpendicular to motion.",Force of 15 N for 15 m always gives 90 J of work done.,MISC-WRK-001: Work Equals Force Times Distance Regardless of Direction,conceptual_misconception,High,Applies W = F × d without considering the angle between force and displacement; believes work is done whenever force is applied even if perpendicular to motion.,True,force_diagram,Block being pushed horizontally while normal force acts vertically — illustrating perpendicular force does zero work.,test
REC-00789,PHY-Class9-14-0789,WORK_ENERGY_POWER_CLASS9,Class 9,Work and Energy,Work Done by Force: Direction Dependence,"A block of 25 kg is pushed horizontally with a force of 25 N for 25 m. If force is applied at 90° to displacement, what work is done?","W = F × d × cos(θ). When force is perpendicular to displacement (θ = 90°), W = F × d × cos(90°) = 0. No work is done by a force perpendicular to motion.","Work done = 25 × 25 = 250 J because force times displacement = work, direction doesn't matter.",MISC-WRK-001: Work Equals Force Times Distance Regardless of Direction,conceptual_misconception,High,Applies W = F × d without considering the angle between force and displacement; believes work is done whenever force is applied even if perpendicular to motion.,True,force_diagram,Block being pushed horizontally while normal force acts vertically — illustrating perpendicular force does zero work.,train
REC-00790,PHY-Class9-14-0790,WORK_ENERGY_POWER_CLASS9,Class 9,Work and Energy,Work Done by Force: Direction Dependence,A porter carries a 12 kg bag on his head and walks horizontally for 12 m. How much work is done by the normal (vertical) force he exerts?,"W = F × d × cos(θ). When force is perpendicular to displacement (θ = 90°), W = F × d × cos(90°) = 0. No work is done by a force perpendicular to motion.",The porter does 48 J of work because he exerts a force of 12 N over 12 m.,MISC-WRK-001: Work Equals Force Times Distance Regardless of Direction,conceptual_misconception,High,Applies W = F × d without considering the angle between force and displacement; believes work is done whenever force is applied even if perpendicular to motion.,True,force_diagram,Block being pushed horizontally while normal force acts vertically — illustrating perpendicular force does zero work.,train
REC-00791,PHY-Class9-14-0791,WORK_ENERGY_POWER_CLASS9,Class 9,Work and Energy,Work Done by Force: Direction Dependence,A man carries a 10 kg load and walks 10 m on a flat road. Calculate work done by the vertical holding force.,"W = F × d × cos(θ). When force is perpendicular to displacement (θ = 90°), W = F × d × cos(90°) = 0. No work is done by a force perpendicular to motion.",Work = F × d = 10 × 10 = 50 J regardless of direction.,MISC-WRK-001: Work Equals Force Times Distance Regardless of Direction,conceptual_misconception,High,Applies W = F × d without considering the angle between force and displacement; believes work is done whenever force is applied even if perpendicular to motion.,True,force_diagram,Block being pushed horizontally while normal force acts vertically — illustrating perpendicular force does zero work.,val
REC-00792,PHY-Class9-14-0792,WORK_ENERGY_POWER_CLASS9,Class 9,Work and Energy,Work Done by Force: Direction Dependence,"A block of 20 kg is pushed horizontally with a force of 20 N for 20 m. If force is applied at 90° to displacement, what work is done?","W = F × d × cos(θ). When force is perpendicular to displacement (θ = 90°), W = F × d × cos(90°) = 0. No work is done by a force perpendicular to motion.",Force of 20 N for 20 m always gives 160 J of work done.,MISC-WRK-001: Work Equals Force Times Distance Regardless of Direction,conceptual_misconception,High,Applies W = F × d without considering the angle between force and displacement; believes work is done whenever force is applied even if perpendicular to motion.,True,force_diagram,Block being pushed horizontally while normal force acts vertically — illustrating perpendicular force does zero work.,train
REC-00793,PHY-Class9-14-0793,WORK_ENERGY_POWER_CLASS9,Class 9,Work and Energy,Work Done by Force: Direction Dependence,A porter carries a 15 kg bag on his head and walks horizontally for 15 m. How much work is done by the normal (vertical) force he exerts?,"W = F × d × cos(θ). When force is perpendicular to displacement (θ = 90°), W = F × d × cos(90°) = 0. No work is done by a force perpendicular to motion.","Work done = 15 × 15 = 90 J because force times displacement = work, direction doesn't matter.",MISC-WRK-001: Work Equals Force Times Distance Regardless of Direction,conceptual_misconception,High,Applies W = F × d without considering the angle between force and displacement; believes work is done whenever force is applied even if perpendicular to motion.,True,force_diagram,Block being pushed horizontally while normal force acts vertically — illustrating perpendicular force does zero work.,train
REC-00794,PHY-Class9-14-0794,WORK_ENERGY_POWER_CLASS9,Class 9,Work and Energy,Work Done by Force: Direction Dependence,A man carries a 25 kg load and walks 25 m on a flat road. Calculate work done by the vertical holding force.,"W = F × d × cos(θ). When force is perpendicular to displacement (θ = 90°), W = F × d × cos(90°) = 0. No work is done by a force perpendicular to motion.",The porter does 250 J of work because he exerts a force of 25 N over 25 m.,MISC-WRK-001: Work Equals Force Times Distance Regardless of Direction,conceptual_misconception,High,Applies W = F × d without considering the angle between force and displacement; believes work is done whenever force is applied even if perpendicular to motion.,True,force_diagram,Block being pushed horizontally while normal force acts vertically — illustrating perpendicular force does zero work.,val
REC-00795,PHY-Class9-14-0795,WORK_ENERGY_POWER_CLASS9,Class 9,Work and Energy,Work Done by Force: Direction Dependence,"A block of 12 kg is pushed horizontally with a force of 12 N for 12 m. If force is applied at 90° to displacement, what work is done?","W = F × d × cos(θ). When force is perpendicular to displacement (θ = 90°), W = F × d × cos(90°) = 0. No work is done by a force perpendicular to motion.",Work = F × d = 12 × 12 = 48 J regardless of direction.,MISC-WRK-001: Work Equals Force Times Distance Regardless of Direction,conceptual_misconception,High,Applies W = F × d without considering the angle between force and displacement; believes work is done whenever force is applied even if perpendicular to motion.,True,force_diagram,Block being pushed horizontally while normal force acts vertically — illustrating perpendicular force does zero work.,train
REC-00796,PHY-Class9-14-0796,WORK_ENERGY_POWER_CLASS9,Class 9,Work and Energy,Work Done by Force: Direction Dependence,A porter carries a 10 kg bag on his head and walks horizontally for 10 m. How much work is done by the normal (vertical) force he exerts?,"W = F × d × cos(θ). When force is perpendicular to displacement (θ = 90°), W = F × d × cos(90°) = 0. No work is done by a force perpendicular to motion.",Force of 10 N for 10 m always gives 50 J of work done.,MISC-WRK-001: Work Equals Force Times Distance Regardless of Direction,conceptual_misconception,High,Applies W = F × d without considering the angle between force and displacement; believes work is done whenever force is applied even if perpendicular to motion.,True,force_diagram,Block being pushed horizontally while normal force acts vertically — illustrating perpendicular force does zero work.,train
REC-00797,PHY-Class9-14-0797,WORK_ENERGY_POWER_CLASS9,Class 9,Work and Energy,Work Done by Force: Direction Dependence,A man carries a 20 kg load and walks 20 m on a flat road. Calculate work done by the vertical holding force.,"W = F × d × cos(θ). When force is perpendicular to displacement (θ = 90°), W = F × d × cos(90°) = 0. No work is done by a force perpendicular to motion.","Work done = 20 × 20 = 160 J because force times displacement = work, direction doesn't matter.",MISC-WRK-001: Work Equals Force Times Distance Regardless of Direction,conceptual_misconception,High,Applies W = F × d without considering the angle between force and displacement; believes work is done whenever force is applied even if perpendicular to motion.,True,force_diagram,Block being pushed horizontally while normal force acts vertically — illustrating perpendicular force does zero work.,val
REC-00798,PHY-Class9-14-0798,WORK_ENERGY_POWER_CLASS9,Class 9,Work and Energy,Work Done by Force: Direction Dependence,"A block of 15 kg is pushed horizontally with a force of 15 N for 15 m. If force is applied at 90° to displacement, what work is done?","W = F × d × cos(θ). When force is perpendicular to displacement (θ = 90°), W = F × d × cos(90°) = 0. No work is done by a force perpendicular to motion.",The porter does 90 J of work because he exerts a force of 15 N over 15 m.,MISC-WRK-001: Work Equals Force Times Distance Regardless of Direction,conceptual_misconception,High,Applies W = F × d without considering the angle between force and displacement; believes work is done whenever force is applied even if perpendicular to motion.,True,force_diagram,Block being pushed horizontally while normal force acts vertically — illustrating perpendicular force does zero work.,train
REC-00799,PHY-Class9-14-0799,WORK_ENERGY_POWER_CLASS9,Class 9,Work and Energy,Work Done by Force: Direction Dependence,A porter carries a 25 kg bag on his head and walks horizontally for 25 m. How much work is done by the normal (vertical) force he exerts?,"W = F × d × cos(θ). When force is perpendicular to displacement (θ = 90°), W = F × d × cos(90°) = 0. No work is done by a force perpendicular to motion.",Work = F × d = 25 × 25 = 250 J regardless of direction.,MISC-WRK-001: Work Equals Force Times Distance Regardless of Direction,conceptual_misconception,High,Applies W = F × d without considering the angle between force and displacement; believes work is done whenever force is applied even if perpendicular to motion.,True,force_diagram,Block being pushed horizontally while normal force acts vertically — illustrating perpendicular force does zero work.,train
REC-00800,PHY-Class9-14-0800,WORK_ENERGY_POWER_CLASS9,Class 9,Work and Energy,Work Done by Force: Direction Dependence,A man carries a 12 kg load and walks 12 m on a flat road. Calculate work done by the vertical holding force.,"W = F × d × cos(θ). When force is perpendicular to displacement (θ = 90°), W = F × d × cos(90°) = 0. No work is done by a force perpendicular to motion.",Force of 12 N for 12 m always gives 48 J of work done.,MISC-WRK-001: Work Equals Force Times Distance Regardless of Direction,conceptual_misconception,High,Applies W = F × d without considering the angle between force and displacement; believes work is done whenever force is applied even if perpendicular to motion.,True,force_diagram,Block being pushed horizontally while normal force acts vertically — illustrating perpendicular force does zero work.,train
REC-00801,PHY-Class9-14-0801,WORK_ENERGY_POWER_CLASS9,Class 9,Work and Energy,Work Done by Force: Direction Dependence,"A block of 10 kg is pushed horizontally with a force of 10 N for 10 m. If force is applied at 90° to displacement, what work is done?","W = F × d × cos(θ). When force is perpendicular to displacement (θ = 90°), W = F × d × cos(90°) = 0. No work is done by a force perpendicular to motion.","Work done = 10 × 10 = 50 J because force times displacement = work, direction doesn't matter.",MISC-WRK-001: Work Equals Force Times Distance Regardless of Direction,conceptual_misconception,High,Applies W = F × d without considering the angle between force and displacement; believes work is done whenever force is applied even if perpendicular to motion.,True,force_diagram,Block being pushed horizontally while normal force acts vertically — illustrating perpendicular force does zero work.,val
REC-00802,PHY-Class9-14-0802,WORK_ENERGY_POWER_CLASS9,Class 9,Work and Energy,Work Done by Force: Direction Dependence,A porter carries a 20 kg bag on his head and walks horizontally for 20 m. How much work is done by the normal (vertical) force he exerts?,"W = F × d × cos(θ). When force is perpendicular to displacement (θ = 90°), W = F × d × cos(90°) = 0. No work is done by a force perpendicular to motion.",The porter does 160 J of work because he exerts a force of 20 N over 20 m.,MISC-WRK-001: Work Equals Force Times Distance Regardless of Direction,conceptual_misconception,High,Applies W = F × d without considering the angle between force and displacement; believes work is done whenever force is applied even if perpendicular to motion.,True,force_diagram,Block being pushed horizontally while normal force acts vertically — illustrating perpendicular force does zero work.,train
REC-00803,PHY-Class9-14-0803,WORK_ENERGY_POWER_CLASS9,Class 9,Work and Energy,Work Done by Force: Direction Dependence,A man carries a 15 kg load and walks 15 m on a flat road. Calculate work done by the vertical holding force.,"W = F × d × cos(θ). When force is perpendicular to displacement (θ = 90°), W = F × d × cos(90°) = 0. No work is done by a force perpendicular to motion.",Work = F × d = 15 × 15 = 90 J regardless of direction.,MISC-WRK-001: Work Equals Force Times Distance Regardless of Direction,conceptual_misconception,High,Applies W = F × d without considering the angle between force and displacement; believes work is done whenever force is applied even if perpendicular to motion.,True,force_diagram,Block being pushed horizontally while normal force acts vertically — illustrating perpendicular force does zero work.,test
REC-00804,PHY-Class9-14-0804,WORK_ENERGY_POWER_CLASS9,Class 9,Work and Energy,Work Done by Force: Direction Dependence,"A block of 25 kg is pushed horizontally with a force of 25 N for 25 m. If force is applied at 90° to displacement, what work is done?","W = F × d × cos(θ). When force is perpendicular to displacement (θ = 90°), W = F × d × cos(90°) = 0. No work is done by a force perpendicular to motion.",Force of 25 N for 25 m always gives 250 J of work done.,MISC-WRK-001: Work Equals Force Times Distance Regardless of Direction,conceptual_misconception,High,Applies W = F × d without considering the angle between force and displacement; believes work is done whenever force is applied even if perpendicular to motion.,True,force_diagram,Block being pushed horizontally while normal force acts vertically — illustrating perpendicular force does zero work.,test
REC-00805,PHY-Class9-14-0805,WORK_ENERGY_POWER_CLASS9,Class 9,Work and Energy,Work Done by Force: Direction Dependence,A porter carries a 12 kg bag on his head and walks horizontally for 12 m. How much work is done by the normal (vertical) force he exerts?,"W = F × d × cos(θ). When force is perpendicular to displacement (θ = 90°), W = F × d × cos(90°) = 0. No work is done by a force perpendicular to motion.","Work done = 12 × 12 = 48 J because force times displacement = work, direction doesn't matter.",MISC-WRK-001: Work Equals Force Times Distance Regardless of Direction,conceptual_misconception,High,Applies W = F × d without considering the angle between force and displacement; believes work is done whenever force is applied even if perpendicular to motion.,True,force_diagram,Block being pushed horizontally while normal force acts vertically — illustrating perpendicular force does zero work.,train
REC-00806,PHY-Class9-14-0806,WORK_ENERGY_POWER_CLASS9,Class 9,Work and Energy,Work Done by Force: Direction Dependence,A man carries a 10 kg load and walks 10 m on a flat road. Calculate work done by the vertical holding force.,"W = F × d × cos(θ). When force is perpendicular to displacement (θ = 90°), W = F × d × cos(90°) = 0. No work is done by a force perpendicular to motion.",The porter does 50 J of work because he exerts a force of 10 N over 10 m.,MISC-WRK-001: Work Equals Force Times Distance Regardless of Direction,conceptual_misconception,High,Applies W = F × d without considering the angle between force and displacement; believes work is done whenever force is applied even if perpendicular to motion.,True,force_diagram,Block being pushed horizontally while normal force acts vertically — illustrating perpendicular force does zero work.,train
REC-00807,PHY-Class9-14-0807,WORK_ENERGY_POWER_CLASS9,Class 9,Work and Energy,Work Done by Force: Direction Dependence,"A block of 20 kg is pushed horizontally with a force of 20 N for 20 m. If force is applied at 90° to displacement, what work is done?","W = F × d × cos(θ). When force is perpendicular to displacement (θ = 90°), W = F × d × cos(90°) = 0. No work is done by a force perpendicular to motion.",Work = F × d = 20 × 20 = 160 J regardless of direction.,MISC-WRK-001: Work Equals Force Times Distance Regardless of Direction,conceptual_misconception,High,Applies W = F × d without considering the angle between force and displacement; believes work is done whenever force is applied even if perpendicular to motion.,True,force_diagram,Block being pushed horizontally while normal force acts vertically — illustrating perpendicular force does zero work.,train
REC-00808,PHY-Class9-14-0808,WORK_ENERGY_POWER_CLASS9,Class 9,Work and Energy,Work Done by Force: Direction Dependence,A porter carries a 15 kg bag on his head and walks horizontally for 15 m. How much work is done by the normal (vertical) force he exerts?,"W = F × d × cos(θ). When force is perpendicular to displacement (θ = 90°), W = F × d × cos(90°) = 0. No work is done by a force perpendicular to motion.",Force of 15 N for 15 m always gives 90 J of work done.,MISC-WRK-001: Work Equals Force Times Distance Regardless of Direction,conceptual_misconception,High,Applies W = F × d without considering the angle between force and displacement; believes work is done whenever force is applied even if perpendicular to motion.,True,force_diagram,Block being pushed horizontally while normal force acts vertically — illustrating perpendicular force does zero work.,test
REC-00809,PHY-Class9-14-0809,WORK_ENERGY_POWER_CLASS9,Class 9,Work and Energy,Work Done by Force: Direction Dependence,A man carries a 25 kg load and walks 25 m on a flat road. Calculate work done by the vertical holding force.,"W = F × d × cos(θ). When force is perpendicular to displacement (θ = 90°), W = F × d × cos(90°) = 0. No work is done by a force perpendicular to motion.","Work done = 25 × 25 = 250 J because force times displacement = work, direction doesn't matter.",MISC-WRK-001: Work Equals Force Times Distance Regardless of Direction,conceptual_misconception,High,Applies W = F × d without considering the angle between force and displacement; believes work is done whenever force is applied even if perpendicular to motion.,True,force_diagram,Block being pushed horizontally while normal force acts vertically — illustrating perpendicular force does zero work.,train
REC-00810,PHY-Class9-14-0810,WORK_ENERGY_POWER_CLASS9,Class 9,Work and Energy,Work Done by Force: Direction Dependence,"A block of 12 kg is pushed horizontally with a force of 12 N for 12 m. If force is applied at 90° to displacement, what work is done?","W = F × d × cos(θ). When force is perpendicular to displacement (θ = 90°), W = F × d × cos(90°) = 0. No work is done by a force perpendicular to motion.",The porter does 48 J of work because he exerts a force of 12 N over 12 m.,MISC-WRK-001: Work Equals Force Times Distance Regardless of Direction,conceptual_misconception,High,Applies W = F × d without considering the angle between force and displacement; believes work is done whenever force is applied even if perpendicular to motion.,True,force_diagram,Block being pushed horizontally while normal force acts vertically — illustrating perpendicular force does zero work.,train
REC-00811,PHY-Class9-14-0811,WORK_ENERGY_POWER_CLASS9,Class 9,Work and Energy,Work Done by Force: Direction Dependence,A porter carries a 10 kg bag on his head and walks horizontally for 10 m. How much work is done by the normal (vertical) force he exerts?,"W = F × d × cos(θ). When force is perpendicular to displacement (θ = 90°), W = F × d × cos(90°) = 0. No work is done by a force perpendicular to motion.",Work = F × d = 10 × 10 = 50 J regardless of direction.,MISC-WRK-001: Work Equals Force Times Distance Regardless of Direction,conceptual_misconception,High,Applies W = F × d without considering the angle between force and displacement; believes work is done whenever force is applied even if perpendicular to motion.,True,force_diagram,Block being pushed horizontally while normal force acts vertically — illustrating perpendicular force does zero work.,train
REC-00812,PHY-Class9-14-0812,WORK_ENERGY_POWER_CLASS9,Class 9,Work and Energy,Work Done by Force: Direction Dependence,A man carries a 20 kg load and walks 20 m on a flat road. Calculate work done by the vertical holding force.,"W = F × d × cos(θ). When force is perpendicular to displacement (θ = 90°), W = F × d × cos(90°) = 0. No work is done by a force perpendicular to motion.",Force of 20 N for 20 m always gives 160 J of work done.,MISC-WRK-001: Work Equals Force Times Distance Regardless of Direction,conceptual_misconception,High,Applies W = F × d without considering the angle between force and displacement; believes work is done whenever force is applied even if perpendicular to motion.,True,force_diagram,Block being pushed horizontally while normal force acts vertically — illustrating perpendicular force does zero work.,train
REC-00813,PHY-Class9-14-0813,WORK_ENERGY_POWER_CLASS9,Class 9,Work and Energy,Work Done by Force: Direction Dependence,"A block of 15 kg is pushed horizontally with a force of 15 N for 15 m. If force is applied at 90° to displacement, what work is done?","W = F × d × cos(θ). When force is perpendicular to displacement (θ = 90°), W = F × d × cos(90°) = 0. No work is done by a force perpendicular to motion.","Work done = 15 × 15 = 90 J because force times displacement = work, direction doesn't matter.",MISC-WRK-001: Work Equals Force Times Distance Regardless of Direction,conceptual_misconception,High,Applies W = F × d without considering the angle between force and displacement; believes work is done whenever force is applied even if perpendicular to motion.,True,force_diagram,Block being pushed horizontally while normal force acts vertically — illustrating perpendicular force does zero work.,train
REC-00814,PHY-Class9-14-0814,WORK_ENERGY_POWER_CLASS9,Class 9,Work and Energy,Work Done by Force: Direction Dependence,A porter carries a 25 kg bag on his head and walks horizontally for 25 m. How much work is done by the normal (vertical) force he exerts?,"W = F × d × cos(θ). When force is perpendicular to displacement (θ = 90°), W = F × d × cos(90°) = 0. No work is done by a force perpendicular to motion.",The porter does 250 J of work because he exerts a force of 25 N over 25 m.,MISC-WRK-001: Work Equals Force Times Distance Regardless of Direction,conceptual_misconception,High,Applies W = F × d without considering the angle between force and displacement; believes work is done whenever force is applied even if perpendicular to motion.,True,force_diagram,Block being pushed horizontally while normal force acts vertically — illustrating perpendicular force does zero work.,train
REC-00815,PHY-Class9-14-0815,WORK_ENERGY_POWER_CLASS9,Class 9,Work and Energy,Work Done by Force: Direction Dependence,A man carries a 12 kg load and walks 12 m on a flat road. Calculate work done by the vertical holding force.,"W = F × d × cos(θ). When force is perpendicular to displacement (θ = 90°), W = F × d × cos(90°) = 0. No work is done by a force perpendicular to motion.",Work = F × d = 12 × 12 = 48 J regardless of direction.,MISC-WRK-001: Work Equals Force Times Distance Regardless of Direction,conceptual_misconception,High,Applies W = F × d without considering the angle between force and displacement; believes work is done whenever force is applied even if perpendicular to motion.,True,force_diagram,Block being pushed horizontally while normal force acts vertically — illustrating perpendicular force does zero work.,test
REC-00816,PHY-Class9-14-0816,WORK_ENERGY_POWER_CLASS9,Class 9,Work and Energy,Work Done by Force: Direction Dependence,"A block of 10 kg is pushed horizontally with a force of 10 N for 10 m. If force is applied at 90° to displacement, what work is done?","W = F × d × cos(θ). When force is perpendicular to displacement (θ = 90°), W = F × d × cos(90°) = 0. No work is done by a force perpendicular to motion.",Force of 10 N for 10 m always gives 50 J of work done.,MISC-WRK-001: Work Equals Force Times Distance Regardless of Direction,conceptual_misconception,High,Applies W = F × d without considering the angle between force and displacement; believes work is done whenever force is applied even if perpendicular to motion.,True,force_diagram,Block being pushed horizontally while normal force acts vertically — illustrating perpendicular force does zero work.,train
REC-00817,PHY-Class9-14-0817,WORK_ENERGY_POWER_CLASS9,Class 9,Work and Energy,Work Done by Force: Direction Dependence,A porter carries a 10 kg bag on his head and walks horizontally for 10 m. How much work is done by the normal (vertical) force he exerts?,"W = F × d × cos(θ). When force is perpendicular to displacement (θ = 90°), W = F × d × cos(90°) = 0. No work is done by a force perpendicular to motion.",Work done = F × d × cos(90°) = 10 × 10 × 0 = 0 J. Force perpendicular to motion does zero work.,CORRECT: Scientifically Accurate Response,no_error,High,Rigorous scientific reasoning with valid physical principles and mathematical steps.,True,force_diagram,Block being pushed horizontally while normal force acts vertically — illustrating perpendicular force does zero work.,train
REC-00818,PHY-Class9-14-0818,WORK_ENERGY_POWER_CLASS9,Class 9,Work and Energy,Work Done by Force: Direction Dependence,A man carries a 20 kg load and walks 20 m on a flat road. Calculate work done by the vertical holding force.,"W = F × d × cos(θ). When force is perpendicular to displacement (θ = 90°), W = F × d × cos(90°) = 0. No work is done by a force perpendicular to motion.",0 J. The vertical holding force is perpendicular to horizontal displacement; W = 0.,CORRECT: Scientifically Accurate Response,no_error,High,Rigorous scientific reasoning with valid physical principles and mathematical steps.,True,force_diagram,Block being pushed horizontally while normal force acts vertically — illustrating perpendicular force does zero work.,train
REC-00819,PHY-Class9-14-0819,WORK_ENERGY_POWER_CLASS9,Class 9,Work and Energy,Work Done by Force: Direction Dependence,"A block of 15 kg is pushed horizontally with a force of 15 N for 15 m. If force is applied at 90° to displacement, what work is done?","W = F × d × cos(θ). When force is perpendicular to displacement (θ = 90°), W = F × d × cos(90°) = 0. No work is done by a force perpendicular to motion.",Zero joules. W = Fd cos θ where θ = 90° gives W = 0.,CORRECT: Scientifically Accurate Response,no_error,High,Rigorous scientific reasoning with valid physical principles and mathematical steps.,True,force_diagram,Block being pushed horizontally while normal force acts vertically — illustrating perpendicular force does zero work.,train
REC-00820,PHY-Class9-14-0820,WORK_ENERGY_POWER_CLASS9,Class 9,Work and Energy,Work Done by Force: Direction Dependence,A porter carries a 25 kg bag on his head and walks horizontally for 25 m. How much work is done by the normal (vertical) force he exerts?,"W = F × d × cos(θ). When force is perpendicular to displacement (θ = 90°), W = F × d × cos(90°) = 0. No work is done by a force perpendicular to motion.",Work done = F × d × cos(90°) = 25 × 25 × 0 = 0 J. Force perpendicular to motion does zero work.,CORRECT: Scientifically Accurate Response,no_error,High,Rigorous scientific reasoning with valid physical principles and mathematical steps.,True,force_diagram,Block being pushed horizontally while normal force acts vertically — illustrating perpendicular force does zero work.,train
REC-00821,PHY-Class9-14-0821,WORK_ENERGY_POWER_CLASS9,Class 9,Work and Energy,Work Done by Force: Direction Dependence,A man carries a 12 kg load and walks 12 m on a flat road. Calculate work done by the vertical holding force.,"W = F × d × cos(θ). When force is perpendicular to displacement (θ = 90°), W = F × d × cos(90°) = 0. No work is done by a force perpendicular to motion.",0 J. The vertical holding force is perpendicular to horizontal displacement; W = 0.,CORRECT: Scientifically Accurate Response,no_error,High,Rigorous scientific reasoning with valid physical principles and mathematical steps.,True,force_diagram,Block being pushed horizontally while normal force acts vertically — illustrating perpendicular force does zero work.,train
REC-00822,PHY-Class9-14-0822,WORK_ENERGY_POWER_CLASS9,Class 9,Work and Energy,Work Done by Force: Direction Dependence,"A block of 10 kg is pushed horizontally with a force of 10 N for 10 m. If force is applied at 90° to displacement, what work is done?","W = F × d × cos(θ). When force is perpendicular to displacement (θ = 90°), W = F × d × cos(90°) = 0. No work is done by a force perpendicular to motion.",Zero joules. W = Fd cos θ where θ = 90° gives W = 0.,CORRECT: Scientifically Accurate Response,no_error,High,Rigorous scientific reasoning with valid physical principles and mathematical steps.,True,force_diagram,Block being pushed horizontally while normal force acts vertically — illustrating perpendicular force does zero work.,train
REC-00823,PHY-Class9-14-0823,WORK_ENERGY_POWER_CLASS9,Class 9,Work and Energy,Work Done by Force: Direction Dependence,A porter carries a 20 kg bag on his head and walks horizontally for 20 m. How much work is done by the normal (vertical) force he exerts?,"W = F × d × cos(θ). When force is perpendicular to displacement (θ = 90°), W = F × d × cos(90°) = 0. No work is done by a force perpendicular to motion.",Work done = F × d × cos(90°) = 20 × 20 × 0 = 0 J. Force perpendicular to motion does zero work.,CORRECT: Scientifically Accurate Response,no_error,High,Rigorous scientific reasoning with valid physical principles and mathematical steps.,True,force_diagram,Block being pushed horizontally while normal force acts vertically — illustrating perpendicular force does zero work.,val
REC-00824,PHY-Class9-14-0824,WORK_ENERGY_POWER_CLASS9,Class 9,Work and Energy,Work Done by Force: Direction Dependence,A man carries a 15 kg load and walks 15 m on a flat road. Calculate work done by the vertical holding force.,"W = F × d × cos(θ). When force is perpendicular to displacement (θ = 90°), W = F × d × cos(90°) = 0. No work is done by a force perpendicular to motion.",0 J. The vertical holding force is perpendicular to horizontal displacement; W = 0.,CORRECT: Scientifically Accurate Response,no_error,High,Rigorous scientific reasoning with valid physical principles and mathematical steps.,True,force_diagram,Block being pushed horizontally while normal force acts vertically — illustrating perpendicular force does zero work.,test
REC-00825,PHY-Class9-14-0825,WORK_ENERGY_POWER_CLASS9,Class 9,Work and Energy,Work Done by Force: Direction Dependence,"A block of 25 kg is pushed horizontally with a force of 25 N for 25 m. If force is applied at 90° to displacement, what work is done?","W = F × d × cos(θ). When force is perpendicular to displacement (θ = 90°), W = F × d × cos(90°) = 0. No work is done by a force perpendicular to motion.",Zero joules. W = Fd cos θ where θ = 90° gives W = 0.,CORRECT: Scientifically Accurate Response,no_error,High,Rigorous scientific reasoning with valid physical principles and mathematical steps.,True,force_diagram,Block being pushed horizontally while normal force acts vertically — illustrating perpendicular force does zero work.,train
REC-00826,PHY-Class9-14-0826,WORK_ENERGY_POWER_CLASS9,Class 9,Work and Energy,Work Done by Force: Direction Dependence,A porter carries a 12 kg bag on his head and walks horizontally for 12 m. How much work is done by the normal (vertical) force he exerts?,"W = F × d × cos(θ). When force is perpendicular to displacement (θ = 90°), W = F × d × cos(90°) = 0. No work is done by a force perpendicular to motion.",Work done = F × d × cos(90°) = 12 × 12 × 0 = 0 J. Force perpendicular to motion does zero work.,CORRECT: Scientifically Accurate Response,no_error,High,Rigorous scientific reasoning with valid physical principles and mathematical steps.,True,force_diagram,Block being pushed horizontally while normal force acts vertically — illustrating perpendicular force does zero work.,test
REC-00827,PHY-Class9-14-0827,WORK_ENERGY_POWER_CLASS9,Class 9,Work and Energy,Work Done by Force: Direction Dependence,A man carries a 10 kg load and walks 10 m on a flat road. Calculate work done by the vertical holding force.,"W = F × d × cos(θ). When force is perpendicular to displacement (θ = 90°), W = F × d × cos(90°) = 0. No work is done by a force perpendicular to motion.",0 J. The vertical holding force is perpendicular to horizontal displacement; W = 0.,CORRECT: Scientifically Accurate Response,no_error,High,Rigorous scientific reasoning with valid physical principles and mathematical steps.,True,force_diagram,Block being pushed horizontally while normal force acts vertically — illustrating perpendicular force does zero work.,val
REC-00828,PHY-Class9-14-0828,WORK_ENERGY_POWER_CLASS9,Class 9,Work and Energy,Work Done by Force: Direction Dependence,"A block of 20 kg is pushed horizontally with a force of 20 N for 20 m. If force is applied at 90° to displacement, what work is done?","W = F × d × cos(θ). When force is perpendicular to displacement (θ = 90°), W = F × d × cos(90°) = 0. No work is done by a force perpendicular to motion.",Zero joules. W = Fd cos θ where θ = 90° gives W = 0.,CORRECT: Scientifically Accurate Response,no_error,High,Rigorous scientific reasoning with valid physical principles and mathematical steps.,True,force_diagram,Block being pushed horizontally while normal force acts vertically — illustrating perpendicular force does zero work.,train
REC-00829,PHY-Class9-14-0829,WORK_ENERGY_POWER_CLASS9,Class 9,Work and Energy,Work Done by Force: Direction Dependence,A porter carries a 10 kg bag on his head and walks horizontally for 10 m. How much work is done by the normal (vertical) force he exerts?,"W = F × d × cos(θ). When force is perpendicular to displacement (θ = 90°), W = F × d × cos(90°) = 0. No work is done by a force perpendicular to motion.",Correctly wrote W = Fd cosθ but computed cos(90°) = 1 instead of 0; got 50 J.,CARELESS_CALCULATION_ERROR,calculation_slip,Medium,Conceptual formula choice is correct; error is isolated to an arithmetic slip.,True,force_diagram,Block being pushed horizontally while normal force acts vertically — illustrating perpendicular force does zero work.,train
REC-00830,PHY-Class9-14-0830,WORK_ENERGY_POWER_CLASS9,Class 9,Work and Energy,Work Done by Force: Direction Dependence,A man carries a 20 kg load and walks 20 m on a flat road. Calculate work done by the vertical holding force.,"W = F × d × cos(θ). When force is perpendicular to displacement (θ = 90°), W = F × d × cos(90°) = 0. No work is done by a force perpendicular to motion.",Identified zero work but miscalculated F × d as 30.0 instead of 160.,CARELESS_CALCULATION_ERROR,calculation_slip,Medium,Conceptual formula choice is correct; error is isolated to an arithmetic slip.,True,force_diagram,Block being pushed horizontally while normal force acts vertically — illustrating perpendicular force does zero work.,val
REC-00831,PHY-Class9-14-0831,WORK_ENERGY_POWER_CLASS9,Class 9,Work and Energy,Work Done by Force: Direction Dependence,"A block of 15 kg is pushed horizontally with a force of 15 N for 15 m. If force is applied at 90° to displacement, what work is done?","W = F × d × cos(θ). When force is perpendicular to displacement (θ = 90°), W = F × d × cos(90°) = 0. No work is done by a force perpendicular to motion.",Correctly wrote W = Fd cosθ but computed cos(90°) = 1 instead of 0; got 90 J.,CARELESS_CALCULATION_ERROR,calculation_slip,Medium,Conceptual formula choice is correct; error is isolated to an arithmetic slip.,True,force_diagram,Block being pushed horizontally while normal force acts vertically — illustrating perpendicular force does zero work.,test
REC-00832,PHY-Class9-14-0832,WORK_ENERGY_POWER_CLASS9,Class 9,Work and Energy,Work Done by Force: Direction Dependence,A porter carries a 25 kg bag on his head and walks horizontally for 25 m. How much work is done by the normal (vertical) force he exerts?,"W = F × d × cos(θ). When force is perpendicular to displacement (θ = 90°), W = F × d × cos(90°) = 0. No work is done by a force perpendicular to motion.",Identified zero work but miscalculated F × d as 37.5 instead of 250.,CARELESS_CALCULATION_ERROR,calculation_slip,Medium,Conceptual formula choice is correct; error is isolated to an arithmetic slip.,True,force_diagram,Block being pushed horizontally while normal force acts vertically — illustrating perpendicular force does zero work.,train
REC-00833,PHY-Class9-14-0833,WORK_ENERGY_POWER_CLASS9,Class 9,Work and Energy,Work Done by Force: Direction Dependence,A porter carries a 10 kg bag on his head and walks horizontally for 10 m. How much work is done by the normal (vertical) force he exerts?,"W = F × d × cos(θ). When force is perpendicular to displacement (θ = 90°), W = F × d × cos(90°) = 0. No work is done by a force perpendicular to motion.",Work = 0 Newtons instead of Joules.,UNIT_CONVERSION_ERROR,unit_error,High,"Numerical reasoning is sound, but units were omitted or confused with another physical quantity.",True,force_diagram,Block being pushed horizontally while normal force acts vertically — illustrating perpendicular force does zero work.,train
REC-00834,PHY-Class9-14-0834,WORK_ENERGY_POWER_CLASS9,Class 9,Work and Energy,Work Done by Force: Direction Dependence,A man carries a 20 kg load and walks 20 m on a flat road. Calculate work done by the vertical holding force.,"W = F × d × cos(θ). When force is perpendicular to displacement (θ = 90°), W = F × d × cos(90°) = 0. No work is done by a force perpendicular to motion.",Work stated as 160 kg·m instead of Joules.,UNIT_CONVERSION_ERROR,unit_error,High,"Numerical reasoning is sound, but units were omitted or confused with another physical quantity.",True,force_diagram,Block being pushed horizontally while normal force acts vertically — illustrating perpendicular force does zero work.,train
REC-00835,PHY-Class9-14-0835,WORK_ENERGY_POWER_CLASS9,Class 9,Work and Energy,Work Done by Force: Direction Dependence,"A block of 15 kg is pushed horizontally with a force of 15 N for 15 m. If force is applied at 90° to displacement, what work is done?","W = F × d × cos(θ). When force is perpendicular to displacement (θ = 90°), W = F × d × cos(90°) = 0. No work is done by a force perpendicular to motion.",Work = 0 Newtons instead of Joules.,UNIT_CONVERSION_ERROR,unit_error,High,"Numerical reasoning is sound, but units were omitted or confused with another physical quantity.",True,force_diagram,Block being pushed horizontally while normal force acts vertically — illustrating perpendicular force does zero work.,test
REC-00836,PHY-Class9-14-0836,WORK_ENERGY_POWER_CLASS9,Class 9,Work and Energy,Work Done by Force: Direction Dependence,A porter carries a 25 kg bag on his head and walks horizontally for 25 m. How much work is done by the normal (vertical) force he exerts?,"W = F × d × cos(θ). When force is perpendicular to displacement (θ = 90°), W = F × d × cos(90°) = 0. No work is done by a force perpendicular to motion.",Work stated as 250 kg·m instead of Joules.,UNIT_CONVERSION_ERROR,unit_error,High,"Numerical reasoning is sound, but units were omitted or confused with another physical quantity.",True,force_diagram,Block being pushed horizontally while normal force acts vertically — illustrating perpendicular force does zero work.,val
REC-00837,PHY-Class9-14-0837,WORK_ENERGY_POWER_CLASS9,Class 9,Work and Energy,Work Done by Force: Direction Dependence,A porter carries a 10 kg bag on his head and walks horizontally for 10 m. How much work is done by the normal (vertical) force he exerts?,"W = F × d × cos(θ). When force is perpendicular to displacement (θ = 90°), W = F × d × cos(90°) = 0. No work is done by a force perpendicular to motion.",I know direction matters but I'm not sure how to apply cosine to this situation.,UNSURE_INSUFFICIENT_EVIDENCE,guessing_unclear,Low,Student response contains minimal reasoning or expresses explicit uncertainty; requires diagnostic probe.,True,force_diagram,Block being pushed horizontally while normal force acts vertically — illustrating perpendicular force does zero work.,test
REC-00838,PHY-Class9-14-0838,WORK_ENERGY_POWER_CLASS9,Class 9,Work and Energy,Work Done by Force: Direction Dependence,A man carries a 20 kg load and walks 20 m on a flat road. Calculate work done by the vertical holding force.,"W = F × d × cos(θ). When force is perpendicular to displacement (θ = 90°), W = F × d × cos(90°) = 0. No work is done by a force perpendicular to motion.",Does carrying something count as work even if you don't move vertically?,UNSURE_INSUFFICIENT_EVIDENCE,guessing_unclear,Low,Student response contains minimal reasoning or expresses explicit uncertainty; requires diagnostic probe.,True,force_diagram,Block being pushed horizontally while normal force acts vertically — illustrating perpendicular force does zero work.,train
REC-00839,PHY-Class9-14-0839,WORK_ENERGY_POWER_CLASS9,Class 9,Work and Energy,Work Done by Force: Direction Dependence,"A block of 15 kg is pushed horizontally with a force of 15 N for 15 m. If force is applied at 90° to displacement, what work is done?","W = F × d × cos(θ). When force is perpendicular to displacement (θ = 90°), W = F × d × cos(90°) = 0. No work is done by a force perpendicular to motion.",I know direction matters but I'm not sure how to apply cosine to this situation.,UNSURE_INSUFFICIENT_EVIDENCE,guessing_unclear,Low,Student response contains minimal reasoning or expresses explicit uncertainty; requires diagnostic probe.,True,force_diagram,Block being pushed horizontally while normal force acts vertically — illustrating perpendicular force does zero work.,val
REC-00840,PHY-Class9-14-0840,WORK_ENERGY_POWER_CLASS9,Class 9,Work and Energy,Work Done by Force: Direction Dependence,A porter carries a 25 kg bag on his head and walks horizontally for 25 m. How much work is done by the normal (vertical) force he exerts?,"W = F × d × cos(θ). When force is perpendicular to displacement (θ = 90°), W = F × d × cos(90°) = 0. No work is done by a force perpendicular to motion.",Does carrying something count as work even if you don't move vertically?,UNSURE_INSUFFICIENT_EVIDENCE,guessing_unclear,Low,Student response contains minimal reasoning or expresses explicit uncertainty; requires diagnostic probe.,True,force_diagram,Block being pushed horizontally while normal force acts vertically — illustrating perpendicular force does zero work.,train
REC-00841,PHY-Class9-15-0841,MOMENTUM_CONSERVATION_CLASS9,Class 9,Force and Laws of Motion,Law of Conservation of Momentum,A 2 kg ball moving at 2 m/s collides with an identical stationary ball. Ball 1 stops. What is velocity of ball 2?,"By conservation of momentum: p_before = p_after. m×v + 0 = 0 + m×v2, so v2 = v. The second ball moves at the same speed the first had.",Momentum is destroyed when ball 1 stops. Ball 2 receives no velocity since ball 1 has zero momentum at rest.,MISC-MOM-001: Momentum Not Conserved When Object Stops,conceptual_misconception,High,"Believes momentum is destroyed or disappears when one object stops, rather than being transferred to another object; violates conservation of momentum.",True,force_diagram,Two-ball collision showing momentum transfer: moving ball hits stationary ball and stops.,train
REC-00842,PHY-Class9-15-0842,MOMENTUM_CONSERVATION_CLASS9,Class 9,Force and Laws of Motion,Law of Conservation of Momentum,Ball of mass 3 kg travelling at 3 m/s hits another ball of equal mass at rest and comes to complete stop. Find speed of second ball.,"By conservation of momentum: p_before = p_after. m×v + 0 = 0 + m×v2, so v2 = v. The second ball moves at the same speed the first had.","When ball 1 stops, it loses its momentum. Ball 2 stays stationary.",MISC-MOM-001: Momentum Not Conserved When Object Stops,conceptual_misconception,High,"Believes momentum is destroyed or disappears when one object stops, rather than being transferred to another object; violates conservation of momentum.",True,force_diagram,Two-ball collision showing momentum transfer: moving ball hits stationary ball and stops.,train
REC-00843,PHY-Class9-15-0843,MOMENTUM_CONSERVATION_CLASS9,Class 9,Force and Laws of Motion,Law of Conservation of Momentum,"Two identical balls of mass 5 kg: first moves at 5 m/s, second is at rest. After collision, first stops. Using conservation of momentum, find second ball's velocity.","By conservation of momentum: p_before = p_after. m×v + 0 = 0 + m×v2, so v2 = v. The second ball moves at the same speed the first had.",Ball 1 at rest means total momentum becomes zero; ball 2 remains at rest.,MISC-MOM-001: Momentum Not Conserved When Object Stops,conceptual_misconception,High,"Believes momentum is destroyed or disappears when one object stops, rather than being transferred to another object; violates conservation of momentum.",True,force_diagram,Two-ball collision showing momentum transfer: moving ball hits stationary ball and stops.,train
REC-00844,PHY-Class9-15-0844,MOMENTUM_CONSERVATION_CLASS9,Class 9,Force and Laws of Motion,Law of Conservation of Momentum,A 1 kg ball moving at 1 m/s collides with an identical stationary ball. Ball 1 stops. What is velocity of ball 2?,"By conservation of momentum: p_before = p_after. m×v + 0 = 0 + m×v2, so v2 = v. The second ball moves at the same speed the first had.",The 1 kg ball stops so all 8 kg m/s of momentum disappears — ball 2 has none.,MISC-MOM-001: Momentum Not Conserved When Object Stops,conceptual_misconception,High,"Believes momentum is destroyed or disappears when one object stops, rather than being transferred to another object; violates conservation of momentum.",True,force_diagram,Two-ball collision showing momentum transfer: moving ball hits stationary ball and stops.,train
REC-00845,PHY-Class9-15-0845,MOMENTUM_CONSERVATION_CLASS9,Class 9,Force and Laws of Motion,Law of Conservation of Momentum,Ball of mass 4 kg travelling at 4 m/s hits another ball of equal mass at rest and comes to complete stop. Find speed of second ball.,"By conservation of momentum: p_before = p_after. m×v + 0 = 0 + m×v2, so v2 = v. The second ball moves at the same speed the first had.",Momentum is destroyed when ball 1 stops. Ball 2 receives no velocity since ball 1 has zero momentum at rest.,MISC-MOM-001: Momentum Not Conserved When Object Stops,conceptual_misconception,High,"Believes momentum is destroyed or disappears when one object stops, rather than being transferred to another object; violates conservation of momentum.",True,force_diagram,Two-ball collision showing momentum transfer: moving ball hits stationary ball and stops.,train
REC-00846,PHY-Class9-15-0846,MOMENTUM_CONSERVATION_CLASS9,Class 9,Force and Laws of Motion,Law of Conservation of Momentum,"Two identical balls of mass 2 kg: first moves at 2 m/s, second is at rest. After collision, first stops. Using conservation of momentum, find second ball's velocity.","By conservation of momentum: p_before = p_after. m×v + 0 = 0 + m×v2, so v2 = v. The second ball moves at the same speed the first had.","When ball 1 stops, it loses its momentum. Ball 2 stays stationary.",MISC-MOM-001: Momentum Not Conserved When Object Stops,conceptual_misconception,High,"Believes momentum is destroyed or disappears when one object stops, rather than being transferred to another object; violates conservation of momentum.",True,force_diagram,Two-ball collision showing momentum transfer: moving ball hits stationary ball and stops.,test
REC-00847,PHY-Class9-15-0847,MOMENTUM_CONSERVATION_CLASS9,Class 9,Force and Laws of Motion,Law of Conservation of Momentum,A 3 kg ball moving at 3 m/s collides with an identical stationary ball. Ball 1 stops. What is velocity of ball 2?,"By conservation of momentum: p_before = p_after. m×v + 0 = 0 + m×v2, so v2 = v. The second ball moves at the same speed the first had.",Ball 1 at rest means total momentum becomes zero; ball 2 remains at rest.,MISC-MOM-001: Momentum Not Conserved When Object Stops,conceptual_misconception,High,"Believes momentum is destroyed or disappears when one object stops, rather than being transferred to another object; violates conservation of momentum.",True,force_diagram,Two-ball collision showing momentum transfer: moving ball hits stationary ball and stops.,train
REC-00848,PHY-Class9-15-0848,MOMENTUM_CONSERVATION_CLASS9,Class 9,Force and Laws of Motion,Law of Conservation of Momentum,Ball of mass 5 kg travelling at 5 m/s hits another ball of equal mass at rest and comes to complete stop. Find speed of second ball.,"By conservation of momentum: p_before = p_after. m×v + 0 = 0 + m×v2, so v2 = v. The second ball moves at the same speed the first had.",The 5 kg ball stops so all 30 kg m/s of momentum disappears — ball 2 has none.,MISC-MOM-001: Momentum Not Conserved When Object Stops,conceptual_misconception,High,"Believes momentum is destroyed or disappears when one object stops, rather than being transferred to another object; violates conservation of momentum.",True,force_diagram,Two-ball collision showing momentum transfer: moving ball hits stationary ball and stops.,train
REC-00849,PHY-Class9-15-0849,MOMENTUM_CONSERVATION_CLASS9,Class 9,Force and Laws of Motion,Law of Conservation of Momentum,"Two identical balls of mass 1 kg: first moves at 1 m/s, second is at rest. After collision, first stops. Using conservation of momentum, find second ball's velocity.","By conservation of momentum: p_before = p_after. m×v + 0 = 0 + m×v2, so v2 = v. The second ball moves at the same speed the first had.",Momentum is destroyed when ball 1 stops. Ball 2 receives no velocity since ball 1 has zero momentum at rest.,MISC-MOM-001: Momentum Not Conserved When Object Stops,conceptual_misconception,High,"Believes momentum is destroyed or disappears when one object stops, rather than being transferred to another object; violates conservation of momentum.",True,force_diagram,Two-ball collision showing momentum transfer: moving ball hits stationary ball and stops.,train
REC-00850,PHY-Class9-15-0850,MOMENTUM_CONSERVATION_CLASS9,Class 9,Force and Laws of Motion,Law of Conservation of Momentum,A 4 kg ball moving at 4 m/s collides with an identical stationary ball. Ball 1 stops. What is velocity of ball 2?,"By conservation of momentum: p_before = p_after. m×v + 0 = 0 + m×v2, so v2 = v. The second ball moves at the same speed the first had.","When ball 1 stops, it loses its momentum. Ball 2 stays stationary.",MISC-MOM-001: Momentum Not Conserved When Object Stops,conceptual_misconception,High,"Believes momentum is destroyed or disappears when one object stops, rather than being transferred to another object; violates conservation of momentum.",True,force_diagram,Two-ball collision showing momentum transfer: moving ball hits stationary ball and stops.,train
REC-00851,PHY-Class9-15-0851,MOMENTUM_CONSERVATION_CLASS9,Class 9,Force and Laws of Motion,Law of Conservation of Momentum,Ball of mass 2 kg travelling at 2 m/s hits another ball of equal mass at rest and comes to complete stop. Find speed of second ball.,"By conservation of momentum: p_before = p_after. m×v + 0 = 0 + m×v2, so v2 = v. The second ball moves at the same speed the first had.",Ball 1 at rest means total momentum becomes zero; ball 2 remains at rest.,MISC-MOM-001: Momentum Not Conserved When Object Stops,conceptual_misconception,High,"Believes momentum is destroyed or disappears when one object stops, rather than being transferred to another object; violates conservation of momentum.",True,force_diagram,Two-ball collision showing momentum transfer: moving ball hits stationary ball and stops.,train
REC-00852,PHY-Class9-15-0852,MOMENTUM_CONSERVATION_CLASS9,Class 9,Force and Laws of Motion,Law of Conservation of Momentum,"Two identical balls of mass 3 kg: first moves at 3 m/s, second is at rest. After collision, first stops. Using conservation of momentum, find second ball's velocity.","By conservation of momentum: p_before = p_after. m×v + 0 = 0 + m×v2, so v2 = v. The second ball moves at the same speed the first had.",The 3 kg ball stops so all 12 kg m/s of momentum disappears — ball 2 has none.,MISC-MOM-001: Momentum Not Conserved When Object Stops,conceptual_misconception,High,"Believes momentum is destroyed or disappears when one object stops, rather than being transferred to another object; violates conservation of momentum.",True,force_diagram,Two-ball collision showing momentum transfer: moving ball hits stationary ball and stops.,train
REC-00853,PHY-Class9-15-0853,MOMENTUM_CONSERVATION_CLASS9,Class 9,Force and Laws of Motion,Law of Conservation of Momentum,A 5 kg ball moving at 5 m/s collides with an identical stationary ball. Ball 1 stops. What is velocity of ball 2?,"By conservation of momentum: p_before = p_after. m×v + 0 = 0 + m×v2, so v2 = v. The second ball moves at the same speed the first had.",Momentum is destroyed when ball 1 stops. Ball 2 receives no velocity since ball 1 has zero momentum at rest.,MISC-MOM-001: Momentum Not Conserved When Object Stops,conceptual_misconception,High,"Believes momentum is destroyed or disappears when one object stops, rather than being transferred to another object; violates conservation of momentum.",True,force_diagram,Two-ball collision showing momentum transfer: moving ball hits stationary ball and stops.,train
REC-00854,PHY-Class9-15-0854,MOMENTUM_CONSERVATION_CLASS9,Class 9,Force and Laws of Motion,Law of Conservation of Momentum,Ball of mass 1 kg travelling at 1 m/s hits another ball of equal mass at rest and comes to complete stop. Find speed of second ball.,"By conservation of momentum: p_before = p_after. m×v + 0 = 0 + m×v2, so v2 = v. The second ball moves at the same speed the first had.","When ball 1 stops, it loses its momentum. Ball 2 stays stationary.",MISC-MOM-001: Momentum Not Conserved When Object Stops,conceptual_misconception,High,"Believes momentum is destroyed or disappears when one object stops, rather than being transferred to another object; violates conservation of momentum.",True,force_diagram,Two-ball collision showing momentum transfer: moving ball hits stationary ball and stops.,train
REC-00855,PHY-Class9-15-0855,MOMENTUM_CONSERVATION_CLASS9,Class 9,Force and Laws of Motion,Law of Conservation of Momentum,"Two identical balls of mass 4 kg: first moves at 4 m/s, second is at rest. After collision, first stops. Using conservation of momentum, find second ball's velocity.","By conservation of momentum: p_before = p_after. m×v + 0 = 0 + m×v2, so v2 = v. The second ball moves at the same speed the first had.",Ball 1 at rest means total momentum becomes zero; ball 2 remains at rest.,MISC-MOM-001: Momentum Not Conserved When Object Stops,conceptual_misconception,High,"Believes momentum is destroyed or disappears when one object stops, rather than being transferred to another object; violates conservation of momentum.",True,force_diagram,Two-ball collision showing momentum transfer: moving ball hits stationary ball and stops.,val
REC-00856,PHY-Class9-15-0856,MOMENTUM_CONSERVATION_CLASS9,Class 9,Force and Laws of Motion,Law of Conservation of Momentum,A 2 kg ball moving at 2 m/s collides with an identical stationary ball. Ball 1 stops. What is velocity of ball 2?,"By conservation of momentum: p_before = p_after. m×v + 0 = 0 + m×v2, so v2 = v. The second ball moves at the same speed the first had.",The 2 kg ball stops so all 10 kg m/s of momentum disappears — ball 2 has none.,MISC-MOM-001: Momentum Not Conserved When Object Stops,conceptual_misconception,High,"Believes momentum is destroyed or disappears when one object stops, rather than being transferred to another object; violates conservation of momentum.",True,force_diagram,Two-ball collision showing momentum transfer: moving ball hits stationary ball and stops.,test
REC-00857,PHY-Class9-15-0857,MOMENTUM_CONSERVATION_CLASS9,Class 9,Force and Laws of Motion,Law of Conservation of Momentum,Ball of mass 3 kg travelling at 3 m/s hits another ball of equal mass at rest and comes to complete stop. Find speed of second ball.,"By conservation of momentum: p_before = p_after. m×v + 0 = 0 + m×v2, so v2 = v. The second ball moves at the same speed the first had.",Momentum is destroyed when ball 1 stops. Ball 2 receives no velocity since ball 1 has zero momentum at rest.,MISC-MOM-001: Momentum Not Conserved When Object Stops,conceptual_misconception,High,"Believes momentum is destroyed or disappears when one object stops, rather than being transferred to another object; violates conservation of momentum.",True,force_diagram,Two-ball collision showing momentum transfer: moving ball hits stationary ball and stops.,train
REC-00858,PHY-Class9-15-0858,MOMENTUM_CONSERVATION_CLASS9,Class 9,Force and Laws of Motion,Law of Conservation of Momentum,"Two identical balls of mass 5 kg: first moves at 5 m/s, second is at rest. After collision, first stops. Using conservation of momentum, find second ball's velocity.","By conservation of momentum: p_before = p_after. m×v + 0 = 0 + m×v2, so v2 = v. The second ball moves at the same speed the first had.","When ball 1 stops, it loses its momentum. Ball 2 stays stationary.",MISC-MOM-001: Momentum Not Conserved When Object Stops,conceptual_misconception,High,"Believes momentum is destroyed or disappears when one object stops, rather than being transferred to another object; violates conservation of momentum.",True,force_diagram,Two-ball collision showing momentum transfer: moving ball hits stationary ball and stops.,train
REC-00859,PHY-Class9-15-0859,MOMENTUM_CONSERVATION_CLASS9,Class 9,Force and Laws of Motion,Law of Conservation of Momentum,A 1 kg ball moving at 1 m/s collides with an identical stationary ball. Ball 1 stops. What is velocity of ball 2?,"By conservation of momentum: p_before = p_after. m×v + 0 = 0 + m×v2, so v2 = v. The second ball moves at the same speed the first had.",Ball 1 at rest means total momentum becomes zero; ball 2 remains at rest.,MISC-MOM-001: Momentum Not Conserved When Object Stops,conceptual_misconception,High,"Believes momentum is destroyed or disappears when one object stops, rather than being transferred to another object; violates conservation of momentum.",True,force_diagram,Two-ball collision showing momentum transfer: moving ball hits stationary ball and stops.,train
REC-00860,PHY-Class9-15-0860,MOMENTUM_CONSERVATION_CLASS9,Class 9,Force and Laws of Motion,Law of Conservation of Momentum,Ball of mass 4 kg travelling at 4 m/s hits another ball of equal mass at rest and comes to complete stop. Find speed of second ball.,"By conservation of momentum: p_before = p_after. m×v + 0 = 0 + m×v2, so v2 = v. The second ball moves at the same speed the first had.",The 4 kg ball stops so all 12 kg m/s of momentum disappears — ball 2 has none.,MISC-MOM-001: Momentum Not Conserved When Object Stops,conceptual_misconception,High,"Believes momentum is destroyed or disappears when one object stops, rather than being transferred to another object; violates conservation of momentum.",True,force_diagram,Two-ball collision showing momentum transfer: moving ball hits stationary ball and stops.,train
REC-00861,PHY-Class9-15-0861,MOMENTUM_CONSERVATION_CLASS9,Class 9,Force and Laws of Motion,Law of Conservation of Momentum,"Two identical balls of mass 2 kg: first moves at 2 m/s, second is at rest. After collision, first stops. Using conservation of momentum, find second ball's velocity.","By conservation of momentum: p_before = p_after. m×v + 0 = 0 + m×v2, so v2 = v. The second ball moves at the same speed the first had.",Momentum is destroyed when ball 1 stops. Ball 2 receives no velocity since ball 1 has zero momentum at rest.,MISC-MOM-001: Momentum Not Conserved When Object Stops,conceptual_misconception,High,"Believes momentum is destroyed or disappears when one object stops, rather than being transferred to another object; violates conservation of momentum.",True,force_diagram,Two-ball collision showing momentum transfer: moving ball hits stationary ball and stops.,val
REC-00862,PHY-Class9-15-0862,MOMENTUM_CONSERVATION_CLASS9,Class 9,Force and Laws of Motion,Law of Conservation of Momentum,A 3 kg ball moving at 3 m/s collides with an identical stationary ball. Ball 1 stops. What is velocity of ball 2?,"By conservation of momentum: p_before = p_after. m×v + 0 = 0 + m×v2, so v2 = v. The second ball moves at the same speed the first had.","When ball 1 stops, it loses its momentum. Ball 2 stays stationary.",MISC-MOM-001: Momentum Not Conserved When Object Stops,conceptual_misconception,High,"Believes momentum is destroyed or disappears when one object stops, rather than being transferred to another object; violates conservation of momentum.",True,force_diagram,Two-ball collision showing momentum transfer: moving ball hits stationary ball and stops.,train
REC-00863,PHY-Class9-15-0863,MOMENTUM_CONSERVATION_CLASS9,Class 9,Force and Laws of Motion,Law of Conservation of Momentum,Ball of mass 5 kg travelling at 5 m/s hits another ball of equal mass at rest and comes to complete stop. Find speed of second ball.,"By conservation of momentum: p_before = p_after. m×v + 0 = 0 + m×v2, so v2 = v. The second ball moves at the same speed the first had.",Ball 1 at rest means total momentum becomes zero; ball 2 remains at rest.,MISC-MOM-001: Momentum Not Conserved When Object Stops,conceptual_misconception,High,"Believes momentum is destroyed or disappears when one object stops, rather than being transferred to another object; violates conservation of momentum.",True,force_diagram,Two-ball collision showing momentum transfer: moving ball hits stationary ball and stops.,test
REC-00864,PHY-Class9-15-0864,MOMENTUM_CONSERVATION_CLASS9,Class 9,Force and Laws of Motion,Law of Conservation of Momentum,"Two identical balls of mass 1 kg: first moves at 1 m/s, second is at rest. After collision, first stops. Using conservation of momentum, find second ball's velocity.","By conservation of momentum: p_before = p_after. m×v + 0 = 0 + m×v2, so v2 = v. The second ball moves at the same speed the first had.",The 1 kg ball stops so all 8 kg m/s of momentum disappears — ball 2 has none.,MISC-MOM-001: Momentum Not Conserved When Object Stops,conceptual_misconception,High,"Believes momentum is destroyed or disappears when one object stops, rather than being transferred to another object; violates conservation of momentum.",True,force_diagram,Two-ball collision showing momentum transfer: moving ball hits stationary ball and stops.,train
REC-00865,PHY-Class9-15-0865,MOMENTUM_CONSERVATION_CLASS9,Class 9,Force and Laws of Motion,Law of Conservation of Momentum,A 4 kg ball moving at 4 m/s collides with an identical stationary ball. Ball 1 stops. What is velocity of ball 2?,"By conservation of momentum: p_before = p_after. m×v + 0 = 0 + m×v2, so v2 = v. The second ball moves at the same speed the first had.",Momentum is destroyed when ball 1 stops. Ball 2 receives no velocity since ball 1 has zero momentum at rest.,MISC-MOM-001: Momentum Not Conserved When Object Stops,conceptual_misconception,High,"Believes momentum is destroyed or disappears when one object stops, rather than being transferred to another object; violates conservation of momentum.",True,force_diagram,Two-ball collision showing momentum transfer: moving ball hits stationary ball and stops.,train
REC-00866,PHY-Class9-15-0866,MOMENTUM_CONSERVATION_CLASS9,Class 9,Force and Laws of Motion,Law of Conservation of Momentum,Ball of mass 2 kg travelling at 2 m/s hits another ball of equal mass at rest and comes to complete stop. Find speed of second ball.,"By conservation of momentum: p_before = p_after. m×v + 0 = 0 + m×v2, so v2 = v. The second ball moves at the same speed the first had.","When ball 1 stops, it loses its momentum. Ball 2 stays stationary.",MISC-MOM-001: Momentum Not Conserved When Object Stops,conceptual_misconception,High,"Believes momentum is destroyed or disappears when one object stops, rather than being transferred to another object; violates conservation of momentum.",True,force_diagram,Two-ball collision showing momentum transfer: moving ball hits stationary ball and stops.,train
REC-00867,PHY-Class9-15-0867,MOMENTUM_CONSERVATION_CLASS9,Class 9,Force and Laws of Motion,Law of Conservation of Momentum,"Two identical balls of mass 3 kg: first moves at 3 m/s, second is at rest. After collision, first stops. Using conservation of momentum, find second ball's velocity.","By conservation of momentum: p_before = p_after. m×v + 0 = 0 + m×v2, so v2 = v. The second ball moves at the same speed the first had.",Ball 1 at rest means total momentum becomes zero; ball 2 remains at rest.,MISC-MOM-001: Momentum Not Conserved When Object Stops,conceptual_misconception,High,"Believes momentum is destroyed or disappears when one object stops, rather than being transferred to another object; violates conservation of momentum.",True,force_diagram,Two-ball collision showing momentum transfer: moving ball hits stationary ball and stops.,test
REC-00868,PHY-Class9-15-0868,MOMENTUM_CONSERVATION_CLASS9,Class 9,Force and Laws of Motion,Law of Conservation of Momentum,A 5 kg ball moving at 5 m/s collides with an identical stationary ball. Ball 1 stops. What is velocity of ball 2?,"By conservation of momentum: p_before = p_after. m×v + 0 = 0 + m×v2, so v2 = v. The second ball moves at the same speed the first had.",The 5 kg ball stops so all 30 kg m/s of momentum disappears — ball 2 has none.,MISC-MOM-001: Momentum Not Conserved When Object Stops,conceptual_misconception,High,"Believes momentum is destroyed or disappears when one object stops, rather than being transferred to another object; violates conservation of momentum.",True,force_diagram,Two-ball collision showing momentum transfer: moving ball hits stationary ball and stops.,train
REC-00869,PHY-Class9-15-0869,MOMENTUM_CONSERVATION_CLASS9,Class 9,Force and Laws of Motion,Law of Conservation of Momentum,Ball of mass 1 kg travelling at 1 m/s hits another ball of equal mass at rest and comes to complete stop. Find speed of second ball.,"By conservation of momentum: p_before = p_after. m×v + 0 = 0 + m×v2, so v2 = v. The second ball moves at the same speed the first had.",Momentum is destroyed when ball 1 stops. Ball 2 receives no velocity since ball 1 has zero momentum at rest.,MISC-MOM-001: Momentum Not Conserved When Object Stops,conceptual_misconception,High,"Believes momentum is destroyed or disappears when one object stops, rather than being transferred to another object; violates conservation of momentum.",True,force_diagram,Two-ball collision showing momentum transfer: moving ball hits stationary ball and stops.,train
REC-00870,PHY-Class9-15-0870,MOMENTUM_CONSERVATION_CLASS9,Class 9,Force and Laws of Motion,Law of Conservation of Momentum,"Two identical balls of mass 4 kg: first moves at 4 m/s, second is at rest. After collision, first stops. Using conservation of momentum, find second ball's velocity.","By conservation of momentum: p_before = p_after. m×v + 0 = 0 + m×v2, so v2 = v. The second ball moves at the same speed the first had.","When ball 1 stops, it loses its momentum. Ball 2 stays stationary.",MISC-MOM-001: Momentum Not Conserved When Object Stops,conceptual_misconception,High,"Believes momentum is destroyed or disappears when one object stops, rather than being transferred to another object; violates conservation of momentum.",True,force_diagram,Two-ball collision showing momentum transfer: moving ball hits stationary ball and stops.,val
REC-00871,PHY-Class9-15-0871,MOMENTUM_CONSERVATION_CLASS9,Class 9,Force and Laws of Motion,Law of Conservation of Momentum,A 2 kg ball moving at 2 m/s collides with an identical stationary ball. Ball 1 stops. What is velocity of ball 2?,"By conservation of momentum: p_before = p_after. m×v + 0 = 0 + m×v2, so v2 = v. The second ball moves at the same speed the first had.",Ball 1 at rest means total momentum becomes zero; ball 2 remains at rest.,MISC-MOM-001: Momentum Not Conserved When Object Stops,conceptual_misconception,High,"Believes momentum is destroyed or disappears when one object stops, rather than being transferred to another object; violates conservation of momentum.",True,force_diagram,Two-ball collision showing momentum transfer: moving ball hits stationary ball and stops.,val
REC-00872,PHY-Class9-15-0872,MOMENTUM_CONSERVATION_CLASS9,Class 9,Force and Laws of Motion,Law of Conservation of Momentum,Ball of mass 3 kg travelling at 3 m/s hits another ball of equal mass at rest and comes to complete stop. Find speed of second ball.,"By conservation of momentum: p_before = p_after. m×v + 0 = 0 + m×v2, so v2 = v. The second ball moves at the same speed the first had.",The 3 kg ball stops so all 12 kg m/s of momentum disappears — ball 2 has none.,MISC-MOM-001: Momentum Not Conserved When Object Stops,conceptual_misconception,High,"Believes momentum is destroyed or disappears when one object stops, rather than being transferred to another object; violates conservation of momentum.",True,force_diagram,Two-ball collision showing momentum transfer: moving ball hits stationary ball and stops.,test
REC-00873,PHY-Class9-15-0873,MOMENTUM_CONSERVATION_CLASS9,Class 9,Force and Laws of Motion,Law of Conservation of Momentum,"Two identical balls of mass 5 kg: first moves at 5 m/s, second is at rest. After collision, first stops. Using conservation of momentum, find second ball's velocity.","By conservation of momentum: p_before = p_after. m×v + 0 = 0 + m×v2, so v2 = v. The second ball moves at the same speed the first had.",Momentum is destroyed when ball 1 stops. Ball 2 receives no velocity since ball 1 has zero momentum at rest.,MISC-MOM-001: Momentum Not Conserved When Object Stops,conceptual_misconception,High,"Believes momentum is destroyed or disappears when one object stops, rather than being transferred to another object; violates conservation of momentum.",True,force_diagram,Two-ball collision showing momentum transfer: moving ball hits stationary ball and stops.,val
REC-00874,PHY-Class9-15-0874,MOMENTUM_CONSERVATION_CLASS9,Class 9,Force and Laws of Motion,Law of Conservation of Momentum,A 1 kg ball moving at 1 m/s collides with an identical stationary ball. Ball 1 stops. What is velocity of ball 2?,"By conservation of momentum: p_before = p_after. m×v + 0 = 0 + m×v2, so v2 = v. The second ball moves at the same speed the first had.","When ball 1 stops, it loses its momentum. Ball 2 stays stationary.",MISC-MOM-001: Momentum Not Conserved When Object Stops,conceptual_misconception,High,"Believes momentum is destroyed or disappears when one object stops, rather than being transferred to another object; violates conservation of momentum.",True,force_diagram,Two-ball collision showing momentum transfer: moving ball hits stationary ball and stops.,train
REC-00875,PHY-Class9-15-0875,MOMENTUM_CONSERVATION_CLASS9,Class 9,Force and Laws of Motion,Law of Conservation of Momentum,Ball of mass 4 kg travelling at 4 m/s hits another ball of equal mass at rest and comes to complete stop. Find speed of second ball.,"By conservation of momentum: p_before = p_after. m×v + 0 = 0 + m×v2, so v2 = v. The second ball moves at the same speed the first had.",Ball 1 at rest means total momentum becomes zero; ball 2 remains at rest.,MISC-MOM-001: Momentum Not Conserved When Object Stops,conceptual_misconception,High,"Believes momentum is destroyed or disappears when one object stops, rather than being transferred to another object; violates conservation of momentum.",True,force_diagram,Two-ball collision showing momentum transfer: moving ball hits stationary ball and stops.,test
REC-00876,PHY-Class9-15-0876,MOMENTUM_CONSERVATION_CLASS9,Class 9,Force and Laws of Motion,Law of Conservation of Momentum,"Two identical balls of mass 2 kg: first moves at 2 m/s, second is at rest. After collision, first stops. Using conservation of momentum, find second ball's velocity.","By conservation of momentum: p_before = p_after. m×v + 0 = 0 + m×v2, so v2 = v. The second ball moves at the same speed the first had.",The 2 kg ball stops so all 10 kg m/s of momentum disappears — ball 2 has none.,MISC-MOM-001: Momentum Not Conserved When Object Stops,conceptual_misconception,High,"Believes momentum is destroyed or disappears when one object stops, rather than being transferred to another object; violates conservation of momentum.",True,force_diagram,Two-ball collision showing momentum transfer: moving ball hits stationary ball and stops.,train
REC-00877,PHY-Class9-15-0877,MOMENTUM_CONSERVATION_CLASS9,Class 9,Force and Laws of Motion,Law of Conservation of Momentum,A 2 kg ball moving at 2 m/s collides with an identical stationary ball. Ball 1 stops. What is velocity of ball 2?,"By conservation of momentum: p_before = p_after. m×v + 0 = 0 + m×v2, so v2 = v. The second ball moves at the same speed the first had.","By conservation of momentum: 2 × 2 = 2 × v2, so v2 = 2 m/s.",CORRECT: Scientifically Accurate Response,no_error,High,Rigorous scientific reasoning with valid physical principles and mathematical steps.,True,force_diagram,Two-ball collision showing momentum transfer: moving ball hits stationary ball and stops.,train
REC-00878,PHY-Class9-15-0878,MOMENTUM_CONSERVATION_CLASS9,Class 9,Force and Laws of Motion,Law of Conservation of Momentum,Ball of mass 3 kg travelling at 3 m/s hits another ball of equal mass at rest and comes to complete stop. Find speed of second ball.,"By conservation of momentum: p_before = p_after. m×v + 0 = 0 + m×v2, so v2 = v. The second ball moves at the same speed the first had.","Momentum is conserved: initial p = 12 kg m/s = final p, so ball 2 moves at 3 m/s.",CORRECT: Scientifically Accurate Response,no_error,High,Rigorous scientific reasoning with valid physical principles and mathematical steps.,True,force_diagram,Two-ball collision showing momentum transfer: moving ball hits stationary ball and stops.,train
REC-00879,PHY-Class9-15-0879,MOMENTUM_CONSERVATION_CLASS9,Class 9,Force and Laws of Motion,Law of Conservation of Momentum,"Two identical balls of mass 5 kg: first moves at 5 m/s, second is at rest. After collision, first stops. Using conservation of momentum, find second ball's velocity.","By conservation of momentum: p_before = p_after. m×v + 0 = 0 + m×v2, so v2 = v. The second ball moves at the same speed the first had.",v2 = 5 m/s because m1*v1 = m2*v2 and masses are equal.,CORRECT: Scientifically Accurate Response,no_error,High,Rigorous scientific reasoning with valid physical principles and mathematical steps.,True,force_diagram,Two-ball collision showing momentum transfer: moving ball hits stationary ball and stops.,val
REC-00880,PHY-Class9-15-0880,MOMENTUM_CONSERVATION_CLASS9,Class 9,Force and Laws of Motion,Law of Conservation of Momentum,A 1 kg ball moving at 1 m/s collides with an identical stationary ball. Ball 1 stops. What is velocity of ball 2?,"By conservation of momentum: p_before = p_after. m×v + 0 = 0 + m×v2, so v2 = v. The second ball moves at the same speed the first had.","By conservation of momentum: 1 × 1 = 1 × v2, so v2 = 1 m/s.",CORRECT: Scientifically Accurate Response,no_error,High,Rigorous scientific reasoning with valid physical principles and mathematical steps.,True,force_diagram,Two-ball collision showing momentum transfer: moving ball hits stationary ball and stops.,val
REC-00881,PHY-Class9-15-0881,MOMENTUM_CONSERVATION_CLASS9,Class 9,Force and Laws of Motion,Law of Conservation of Momentum,Ball of mass 4 kg travelling at 4 m/s hits another ball of equal mass at rest and comes to complete stop. Find speed of second ball.,"By conservation of momentum: p_before = p_after. m×v + 0 = 0 + m×v2, so v2 = v. The second ball moves at the same speed the first had.","Momentum is conserved: initial p = 12 kg m/s = final p, so ball 2 moves at 4 m/s.",CORRECT: Scientifically Accurate Response,no_error,High,Rigorous scientific reasoning with valid physical principles and mathematical steps.,True,force_diagram,Two-ball collision showing momentum transfer: moving ball hits stationary ball and stops.,train
REC-00882,PHY-Class9-15-0882,MOMENTUM_CONSERVATION_CLASS9,Class 9,Force and Laws of Motion,Law of Conservation of Momentum,"Two identical balls of mass 2 kg: first moves at 2 m/s, second is at rest. After collision, first stops. Using conservation of momentum, find second ball's velocity.","By conservation of momentum: p_before = p_after. m×v + 0 = 0 + m×v2, so v2 = v. The second ball moves at the same speed the first had.",v2 = 2 m/s because m1*v1 = m2*v2 and masses are equal.,CORRECT: Scientifically Accurate Response,no_error,High,Rigorous scientific reasoning with valid physical principles and mathematical steps.,True,force_diagram,Two-ball collision showing momentum transfer: moving ball hits stationary ball and stops.,train
REC-00883,PHY-Class9-15-0883,MOMENTUM_CONSERVATION_CLASS9,Class 9,Force and Laws of Motion,Law of Conservation of Momentum,A 3 kg ball moving at 3 m/s collides with an identical stationary ball. Ball 1 stops. What is velocity of ball 2?,"By conservation of momentum: p_before = p_after. m×v + 0 = 0 + m×v2, so v2 = v. The second ball moves at the same speed the first had.","By conservation of momentum: 3 × 3 = 3 × v2, so v2 = 3 m/s.",CORRECT: Scientifically Accurate Response,no_error,High,Rigorous scientific reasoning with valid physical principles and mathematical steps.,True,force_diagram,Two-ball collision showing momentum transfer: moving ball hits stationary ball and stops.,train
REC-00884,PHY-Class9-15-0884,MOMENTUM_CONSERVATION_CLASS9,Class 9,Force and Laws of Motion,Law of Conservation of Momentum,Ball of mass 5 kg travelling at 5 m/s hits another ball of equal mass at rest and comes to complete stop. Find speed of second ball.,"By conservation of momentum: p_before = p_after. m×v + 0 = 0 + m×v2, so v2 = v. The second ball moves at the same speed the first had.","Momentum is conserved: initial p = 30 kg m/s = final p, so ball 2 moves at 5 m/s.",CORRECT: Scientifically Accurate Response,no_error,High,Rigorous scientific reasoning with valid physical principles and mathematical steps.,True,force_diagram,Two-ball collision showing momentum transfer: moving ball hits stationary ball and stops.,train
REC-00885,PHY-Class9-15-0885,MOMENTUM_CONSERVATION_CLASS9,Class 9,Force and Laws of Motion,Law of Conservation of Momentum,"Two identical balls of mass 1 kg: first moves at 1 m/s, second is at rest. After collision, first stops. Using conservation of momentum, find second ball's velocity.","By conservation of momentum: p_before = p_after. m×v + 0 = 0 + m×v2, so v2 = v. The second ball moves at the same speed the first had.",v2 = 1 m/s because m1*v1 = m2*v2 and masses are equal.,CORRECT: Scientifically Accurate Response,no_error,High,Rigorous scientific reasoning with valid physical principles and mathematical steps.,True,force_diagram,Two-ball collision showing momentum transfer: moving ball hits stationary ball and stops.,test
REC-00886,PHY-Class9-15-0886,MOMENTUM_CONSERVATION_CLASS9,Class 9,Force and Laws of Motion,Law of Conservation of Momentum,A 4 kg ball moving at 4 m/s collides with an identical stationary ball. Ball 1 stops. What is velocity of ball 2?,"By conservation of momentum: p_before = p_after. m×v + 0 = 0 + m×v2, so v2 = v. The second ball moves at the same speed the first had.","By conservation of momentum: 4 × 4 = 4 × v2, so v2 = 4 m/s.",CORRECT: Scientifically Accurate Response,no_error,High,Rigorous scientific reasoning with valid physical principles and mathematical steps.,True,force_diagram,Two-ball collision showing momentum transfer: moving ball hits stationary ball and stops.,train
REC-00887,PHY-Class9-15-0887,MOMENTUM_CONSERVATION_CLASS9,Class 9,Force and Laws of Motion,Law of Conservation of Momentum,Ball of mass 2 kg travelling at 2 m/s hits another ball of equal mass at rest and comes to complete stop. Find speed of second ball.,"By conservation of momentum: p_before = p_after. m×v + 0 = 0 + m×v2, so v2 = v. The second ball moves at the same speed the first had.","Momentum is conserved: initial p = 10 kg m/s = final p, so ball 2 moves at 2 m/s.",CORRECT: Scientifically Accurate Response,no_error,High,Rigorous scientific reasoning with valid physical principles and mathematical steps.,True,force_diagram,Two-ball collision showing momentum transfer: moving ball hits stationary ball and stops.,train
REC-00888,PHY-Class9-15-0888,MOMENTUM_CONSERVATION_CLASS9,Class 9,Force and Laws of Motion,Law of Conservation of Momentum,"Two identical balls of mass 3 kg: first moves at 3 m/s, second is at rest. After collision, first stops. Using conservation of momentum, find second ball's velocity.","By conservation of momentum: p_before = p_after. m×v + 0 = 0 + m×v2, so v2 = v. The second ball moves at the same speed the first had.",v2 = 3 m/s because m1*v1 = m2*v2 and masses are equal.,CORRECT: Scientifically Accurate Response,no_error,High,Rigorous scientific reasoning with valid physical principles and mathematical steps.,True,force_diagram,Two-ball collision showing momentum transfer: moving ball hits stationary ball and stops.,test
REC-00889,PHY-Class9-15-0889,MOMENTUM_CONSERVATION_CLASS9,Class 9,Force and Laws of Motion,Law of Conservation of Momentum,A 2 kg ball moving at 2 m/s collides with an identical stationary ball. Ball 1 stops. What is velocity of ball 2?,"By conservation of momentum: p_before = p_after. m×v + 0 = 0 + m×v2, so v2 = v. The second ball moves at the same speed the first had.",Applied conservation correctly but computed 2 × 2 = 3.0 due to arithmetic slip.,CARELESS_CALCULATION_ERROR,calculation_slip,Medium,Conceptual formula choice is correct; error is isolated to an arithmetic slip.,True,force_diagram,Two-ball collision showing momentum transfer: moving ball hits stationary ball and stops.,val
REC-00890,PHY-Class9-15-0890,MOMENTUM_CONSERVATION_CLASS9,Class 9,Force and Laws of Motion,Law of Conservation of Momentum,Ball of mass 3 kg travelling at 3 m/s hits another ball of equal mass at rest and comes to complete stop. Find speed of second ball.,"By conservation of momentum: p_before = p_after. m×v + 0 = 0 + m×v2, so v2 = v. The second ball moves at the same speed the first had.",Got v2 = 3 m/s correctly but stated units as m/s² instead of m/s.,CARELESS_CALCULATION_ERROR,calculation_slip,Medium,Conceptual formula choice is correct; error is isolated to an arithmetic slip.,True,force_diagram,Two-ball collision showing momentum transfer: moving ball hits stationary ball and stops.,train
REC-00891,PHY-Class9-15-0891,MOMENTUM_CONSERVATION_CLASS9,Class 9,Force and Laws of Motion,Law of Conservation of Momentum,"Two identical balls of mass 5 kg: first moves at 5 m/s, second is at rest. After collision, first stops. Using conservation of momentum, find second ball's velocity.","By conservation of momentum: p_before = p_after. m×v + 0 = 0 + m×v2, so v2 = v. The second ball moves at the same speed the first had.",Applied conservation correctly but computed 5 × 5 = 7.5 due to arithmetic slip.,CARELESS_CALCULATION_ERROR,calculation_slip,Medium,Conceptual formula choice is correct; error is isolated to an arithmetic slip.,True,force_diagram,Two-ball collision showing momentum transfer: moving ball hits stationary ball and stops.,test
REC-00892,PHY-Class9-15-0892,MOMENTUM_CONSERVATION_CLASS9,Class 9,Force and Laws of Motion,Law of Conservation of Momentum,A 1 kg ball moving at 1 m/s collides with an identical stationary ball. Ball 1 stops. What is velocity of ball 2?,"By conservation of momentum: p_before = p_after. m×v + 0 = 0 + m×v2, so v2 = v. The second ball moves at the same speed the first had.",Got v2 = 1 m/s correctly but stated units as m/s² instead of m/s.,CARELESS_CALCULATION_ERROR,calculation_slip,Medium,Conceptual formula choice is correct; error is isolated to an arithmetic slip.,True,force_diagram,Two-ball collision showing momentum transfer: moving ball hits stationary ball and stops.,train
REC-00893,PHY-Class9-15-0893,MOMENTUM_CONSERVATION_CLASS9,Class 9,Force and Laws of Motion,Law of Conservation of Momentum,A 2 kg ball moving at 2 m/s collides with an identical stationary ball. Ball 1 stops. What is velocity of ball 2?,"By conservation of momentum: p_before = p_after. m×v + 0 = 0 + m×v2, so v2 = v. The second ball moves at the same speed the first had.",Momentum stated as 10 m/s instead of kg m/s.,UNIT_CONVERSION_ERROR,unit_error,High,"Numerical reasoning is sound, but units were omitted or confused with another physical quantity.",True,force_diagram,Two-ball collision showing momentum transfer: moving ball hits stationary ball and stops.,train
REC-00894,PHY-Class9-15-0894,MOMENTUM_CONSERVATION_CLASS9,Class 9,Force and Laws of Motion,Law of Conservation of Momentum,Ball of mass 3 kg travelling at 3 m/s hits another ball of equal mass at rest and comes to complete stop. Find speed of second ball.,"By conservation of momentum: p_before = p_after. m×v + 0 = 0 + m×v2, so v2 = v. The second ball moves at the same speed the first had.",Velocity of ball 2 given as 3 Newtons instead of m/s.,UNIT_CONVERSION_ERROR,unit_error,High,"Numerical reasoning is sound, but units were omitted or confused with another physical quantity.",True,force_diagram,Two-ball collision showing momentum transfer: moving ball hits stationary ball and stops.,test
REC-00895,PHY-Class9-15-0895,MOMENTUM_CONSERVATION_CLASS9,Class 9,Force and Laws of Motion,Law of Conservation of Momentum,"Two identical balls of mass 5 kg: first moves at 5 m/s, second is at rest. After collision, first stops. Using conservation of momentum, find second ball's velocity.","By conservation of momentum: p_before = p_after. m×v + 0 = 0 + m×v2, so v2 = v. The second ball moves at the same speed the first had.",Momentum stated as 30 m/s instead of kg m/s.,UNIT_CONVERSION_ERROR,unit_error,High,"Numerical reasoning is sound, but units were omitted or confused with another physical quantity.",True,force_diagram,Two-ball collision showing momentum transfer: moving ball hits stationary ball and stops.,train
REC-00896,PHY-Class9-15-0896,MOMENTUM_CONSERVATION_CLASS9,Class 9,Force and Laws of Motion,Law of Conservation of Momentum,A 1 kg ball moving at 1 m/s collides with an identical stationary ball. Ball 1 stops. What is velocity of ball 2?,"By conservation of momentum: p_before = p_after. m×v + 0 = 0 + m×v2, so v2 = v. The second ball moves at the same speed the first had.",Velocity of ball 2 given as 1 Newtons instead of m/s.,UNIT_CONVERSION_ERROR,unit_error,High,"Numerical reasoning is sound, but units were omitted or confused with another physical quantity.",True,force_diagram,Two-ball collision showing momentum transfer: moving ball hits stationary ball and stops.,val
REC-00897,PHY-Class9-15-0897,MOMENTUM_CONSERVATION_CLASS9,Class 9,Force and Laws of Motion,Law of Conservation of Momentum,A 2 kg ball moving at 2 m/s collides with an identical stationary ball. Ball 1 stops. What is velocity of ball 2?,"By conservation of momentum: p_before = p_after. m×v + 0 = 0 + m×v2, so v2 = v. The second ball moves at the same speed the first had.",I think momentum is transferred somehow but I don't know the exact rule.,UNSURE_INSUFFICIENT_EVIDENCE,guessing_unclear,Low,Student response contains minimal reasoning or expresses explicit uncertainty; requires diagnostic probe.,True,force_diagram,Two-ball collision showing momentum transfer: moving ball hits stationary ball and stops.,train
REC-00898,PHY-Class9-15-0898,MOMENTUM_CONSERVATION_CLASS9,Class 9,Force and Laws of Motion,Law of Conservation of Momentum,Ball of mass 3 kg travelling at 3 m/s hits another ball of equal mass at rest and comes to complete stop. Find speed of second ball.,"By conservation of momentum: p_before = p_after. m×v + 0 = 0 + m×v2, so v2 = v. The second ball moves at the same speed the first had.",Does the ball 2 move with the same speed or different speed? I'm not sure.,UNSURE_INSUFFICIENT_EVIDENCE,guessing_unclear,Low,Student response contains minimal reasoning or expresses explicit uncertainty; requires diagnostic probe.,True,force_diagram,Two-ball collision showing momentum transfer: moving ball hits stationary ball and stops.,test
REC-00899,PHY-Class9-15-0899,MOMENTUM_CONSERVATION_CLASS9,Class 9,Force and Laws of Motion,Law of Conservation of Momentum,"Two identical balls of mass 5 kg: first moves at 5 m/s, second is at rest. After collision, first stops. Using conservation of momentum, find second ball's velocity.","By conservation of momentum: p_before = p_after. m×v + 0 = 0 + m×v2, so v2 = v. The second ball moves at the same speed the first had.",I think momentum is transferred somehow but I don't know the exact rule.,UNSURE_INSUFFICIENT_EVIDENCE,guessing_unclear,Low,Student response contains minimal reasoning or expresses explicit uncertainty; requires diagnostic probe.,True,force_diagram,Two-ball collision showing momentum transfer: moving ball hits stationary ball and stops.,train
REC-00900,PHY-Class9-15-0900,MOMENTUM_CONSERVATION_CLASS9,Class 9,Force and Laws of Motion,Law of Conservation of Momentum,A 1 kg ball moving at 1 m/s collides with an identical stationary ball. Ball 1 stops. What is velocity of ball 2?,"By conservation of momentum: p_before = p_after. m×v + 0 = 0 + m×v2, so v2 = v. The second ball moves at the same speed the first had.",Does the ball 2 move with the same speed or different speed? I'm not sure.,UNSURE_INSUFFICIENT_EVIDENCE,guessing_unclear,Low,Student response contains minimal reasoning or expresses explicit uncertainty; requires diagnostic probe.,True,force_diagram,Two-ball collision showing momentum transfer: moving ball hits stationary ball and stops.,val
