response_id,question_id,question_family,grade_level,chapter,topic_concept,question_text,correct_answer_and_steps,student_response,misconception_label,error_type,confidence_evidence,evidence_details,alternative_cause,has_diagram,diagram_type,diagram_description,visual_elements,whiteboard_commands,response_origin,split,clean_question,clean_response,clean_correct,model_input_text,target_label
RESP-00001,PHY-MOT-MOTI-01,MOTION_SPEED_DISTANCE_TIME,Class 9,Motion,Speed and Velocity (Distance-Time Relationship),A runner covers a distance of 100 meters in 5 seconds along a straight track. Calculate the speed of the runner.,Speed = Distance / Time = 100 m / 5 s = 20 m/s. The relationship is division of distance by elapsed time.,"According to my working, 500 m/s; multiplied distance by time (100 * 5 = 500).",MISC-MOT-001: Speed Distance Operation Inversion,conceptual_misconception,High,Multiplies distance by time instead of dividing.,,True,motion_diagram,A straight road track of distance 100 meters marked with intervals. A runner completes the 100 m track in 5 seconds.,"Track(length=100m) | Stopwatch(t=5s) | Runner(position_start=0, position_end=100)","[""draw_axes(x_label='distance (m)', y_label='time (s)')"", ""plot_track(start=0, end=100)"", ""write_equation('speed = distance / time')"", ""highlight('divide distance by time')""]",curated_per_literature,test,A runner covers a distance of 100 meters in 5 seconds along a straight track. Calculate the speed of the runner.,"According to my working, 500 m/s; multiplied distance by time (100 * 5 = 500).",Speed = Distance / Time = 100 m / 5 s = 20 m/s. The relationship is division of distance by elapsed time.,"Topic: Speed and Velocity (Distance-Time Relationship) | Question: A runner covers a distance of 100 meters in 5 seconds along a straight track. Calculate the speed of the runner. | Student Response: According to my working, 500 m/s; multiplied distance by time (100 * 5 = 500).",MISC-MOT-001: Speed Distance Operation Inversion
RESP-00002,PHY-MOT-MOTI-01,MOTION_SPEED_DISTANCE_TIME,Class 9,Motion,Speed and Velocity (Distance-Time Relationship),A runner covers a distance of 100 meters in 5 seconds along a straight track. Calculate the speed of the runner.,Speed = Distance / Time = 100 m / 5 s = 20 m/s. The relationship is division of distance by elapsed time.,"Looking at the diagram, 500 m/s; multiplied distance by time (100 * 5 = 500)..",MISC-MOT-001: Speed Distance Operation Inversion,conceptual_misconception,High,Multiplies distance by time instead of dividing.,,True,motion_diagram,A straight road track of distance 100 meters marked with intervals. A runner completes the 100 m track in 5 seconds.,"Track(length=100m) | Stopwatch(t=5s) | Runner(position_start=0, position_end=100)","[""draw_axes(x_label='distance (m)', y_label='time (s)')"", ""plot_track(start=0, end=100)"", ""write_equation('speed = distance / time')"", ""highlight('divide distance by time')""]",curated_per_literature,test,A runner covers a distance of 100 meters in 5 seconds along a straight track. Calculate the speed of the runner.,"Looking at the diagram, 500 m/s; multiplied distance by time (100 * 5 = 500)..",Speed = Distance / Time = 100 m / 5 s = 20 m/s. The relationship is division of distance by elapsed time.,"Topic: Speed and Velocity (Distance-Time Relationship) | Question: A runner covers a distance of 100 meters in 5 seconds along a straight track. Calculate the speed of the runner. | Student Response: Looking at the diagram, 500 m/s; multiplied distance by time (100 * 5 = 500)..",MISC-MOT-001: Speed Distance Operation Inversion
RESP-00003,PHY-MOT-MOTI-01,MOTION_SPEED_DISTANCE_TIME,Class 9,Motion,Speed and Velocity (Distance-Time Relationship),A runner covers a distance of 100 meters in 5 seconds along a straight track. Calculate the speed of the runner.,Speed = Distance / Time = 100 m / 5 s = 20 m/s. The relationship is division of distance by elapsed time.,My answer is: 500 m/s; multiplied distance by time (100 * 5 = 500)..,MISC-MOT-001: Speed Distance Operation Inversion,conceptual_misconception,High,Multiplies distance by time instead of dividing.,,True,motion_diagram,A straight road track of distance 100 meters marked with intervals. A runner completes the 100 m track in 5 seconds.,"Track(length=100m) | Stopwatch(t=5s) | Runner(position_start=0, position_end=100)","[""draw_axes(x_label='distance (m)', y_label='time (s)')"", ""plot_track(start=0, end=100)"", ""write_equation('speed = distance / time')"", ""highlight('divide distance by time')""]",curated_per_literature,test,A runner covers a distance of 100 meters in 5 seconds along a straight track. Calculate the speed of the runner.,My answer is: 500 m/s; multiplied distance by time (100 * 5 = 500)..,Speed = Distance / Time = 100 m / 5 s = 20 m/s. The relationship is division of distance by elapsed time.,Topic: Speed and Velocity (Distance-Time Relationship) | Question: A runner covers a distance of 100 meters in 5 seconds along a straight track. Calculate the speed of the runner. | Student Response: My answer is: 500 m/s; multiplied distance by time (100 * 5 = 500)..,MISC-MOT-001: Speed Distance Operation Inversion
RESP-00004,PHY-MOT-MOTI-01,MOTION_SPEED_DISTANCE_TIME,Class 9,Motion,Speed and Velocity (Distance-Time Relationship),A runner covers a distance of 100 meters in 5 seconds along a straight track. Calculate the speed of the runner.,Speed = Distance / Time = 100 m / 5 s = 20 m/s. The relationship is division of distance by elapsed time.,"Based on physical laws, 500 m/s; multiplied distance by time (100 * 5 = 500)..",MISC-MOT-001: Speed Distance Operation Inversion,conceptual_misconception,High,Multiplies distance by time instead of dividing.,,True,motion_diagram,A straight road track of distance 100 meters marked with intervals. A runner completes the 100 m track in 5 seconds.,"Track(length=100m) | Stopwatch(t=5s) | Runner(position_start=0, position_end=100)","[""draw_axes(x_label='distance (m)', y_label='time (s)')"", ""plot_track(start=0, end=100)"", ""write_equation('speed = distance / time')"", ""highlight('divide distance by time')""]",curated_per_literature,val,A runner covers a distance of 100 meters in 5 seconds along a straight track. Calculate the speed of the runner.,"Based on physical laws, 500 m/s; multiplied distance by time (100 * 5 = 500)..",Speed = Distance / Time = 100 m / 5 s = 20 m/s. The relationship is division of distance by elapsed time.,"Topic: Speed and Velocity (Distance-Time Relationship) | Question: A runner covers a distance of 100 meters in 5 seconds along a straight track. Calculate the speed of the runner. | Student Response: Based on physical laws, 500 m/s; multiplied distance by time (100 * 5 = 500)..",MISC-MOT-001: Speed Distance Operation Inversion
RESP-00005,PHY-MOT-MOTI-01,MOTION_SPEED_DISTANCE_TIME,Class 9,Motion,Speed and Velocity (Distance-Time Relationship),A runner covers a distance of 100 meters in 5 seconds along a straight track. Calculate the speed of the runner.,Speed = Distance / Time = 100 m / 5 s = 20 m/s. The relationship is division of distance by elapsed time.,"According to my working, 500 m/s; multiplied distance by time (100 * 5 = 500).",MISC-MOT-001: Speed Distance Operation Inversion,conceptual_misconception,High,Multiplies distance by time instead of dividing.,,True,motion_diagram,A straight road track of distance 100 meters marked with intervals. A runner completes the 100 m track in 5 seconds.,"Track(length=100m) | Stopwatch(t=5s) | Runner(position_start=0, position_end=100)","[""draw_axes(x_label='distance (m)', y_label='time (s)')"", ""plot_track(start=0, end=100)"", ""write_equation('speed = distance / time')"", ""highlight('divide distance by time')""]",curated_per_literature,val,A runner covers a distance of 100 meters in 5 seconds along a straight track. Calculate the speed of the runner.,"According to my working, 500 m/s; multiplied distance by time (100 * 5 = 500).",Speed = Distance / Time = 100 m / 5 s = 20 m/s. The relationship is division of distance by elapsed time.,"Topic: Speed and Velocity (Distance-Time Relationship) | Question: A runner covers a distance of 100 meters in 5 seconds along a straight track. Calculate the speed of the runner. | Student Response: According to my working, 500 m/s; multiplied distance by time (100 * 5 = 500).",MISC-MOT-001: Speed Distance Operation Inversion
RESP-00006,PHY-MOT-MOTI-01,MOTION_SPEED_DISTANCE_TIME,Class 9,Motion,Speed and Velocity (Distance-Time Relationship),A runner covers a distance of 100 meters in 5 seconds along a straight track. Calculate the speed of the runner.,Speed = Distance / Time = 100 m / 5 s = 20 m/s. The relationship is division of distance by elapsed time.,In class we learned that 500 m/s; speed = distance * time..,MISC-MOT-001: Speed Distance Operation Inversion,conceptual_misconception,High,Inverts speed definition formula.,,True,motion_diagram,A straight road track of distance 100 meters marked with intervals. A runner completes the 100 m track in 5 seconds.,"Track(length=100m) | Stopwatch(t=5s) | Runner(position_start=0, position_end=100)","[""draw_axes(x_label='distance (m)', y_label='time (s)')"", ""plot_track(start=0, end=100)"", ""write_equation('speed = distance / time')"", ""highlight('divide distance by time')""]",curated_per_literature,val,A runner covers a distance of 100 meters in 5 seconds along a straight track. Calculate the speed of the runner.,In class we learned that 500 m/s; speed = distance * time..,Speed = Distance / Time = 100 m / 5 s = 20 m/s. The relationship is division of distance by elapsed time.,Topic: Speed and Velocity (Distance-Time Relationship) | Question: A runner covers a distance of 100 meters in 5 seconds along a straight track. Calculate the speed of the runner. | Student Response: In class we learned that 500 m/s; speed = distance * time..,MISC-MOT-001: Speed Distance Operation Inversion
RESP-00007,PHY-MOT-MOTI-01,MOTION_SPEED_DISTANCE_TIME,Class 9,Motion,Speed and Velocity (Distance-Time Relationship),A runner covers a distance of 100 meters in 5 seconds along a straight track. Calculate the speed of the runner.,Speed = Distance / Time = 100 m / 5 s = 20 m/s. The relationship is division of distance by elapsed time.,500 m/s; speed = distance * time.,MISC-MOT-001: Speed Distance Operation Inversion,conceptual_misconception,High,Inverts speed definition formula.,,True,motion_diagram,A straight road track of distance 100 meters marked with intervals. A runner completes the 100 m track in 5 seconds.,"Track(length=100m) | Stopwatch(t=5s) | Runner(position_start=0, position_end=100)","[""draw_axes(x_label='distance (m)', y_label='time (s)')"", ""plot_track(start=0, end=100)"", ""write_equation('speed = distance / time')"", ""highlight('divide distance by time')""]",curated_per_literature,train,A runner covers a distance of 100 meters in 5 seconds along a straight track. Calculate the speed of the runner.,500 m/s; speed = distance * time.,Speed = Distance / Time = 100 m / 5 s = 20 m/s. The relationship is division of distance by elapsed time.,Topic: Speed and Velocity (Distance-Time Relationship) | Question: A runner covers a distance of 100 meters in 5 seconds along a straight track. Calculate the speed of the runner. | Student Response: 500 m/s; speed = distance * time.,MISC-MOT-001: Speed Distance Operation Inversion
RESP-00008,PHY-MOT-MOTI-01,MOTION_SPEED_DISTANCE_TIME,Class 9,Motion,Speed and Velocity (Distance-Time Relationship),A runner covers a distance of 100 meters in 5 seconds along a straight track. Calculate the speed of the runner.,Speed = Distance / Time = 100 m / 5 s = 20 m/s. The relationship is division of distance by elapsed time.,"From the formula, 500 m/s; speed = distance * time. as calculated.",MISC-MOT-001: Speed Distance Operation Inversion,conceptual_misconception,High,Inverts speed definition formula.,,True,motion_diagram,A straight road track of distance 100 meters marked with intervals. A runner completes the 100 m track in 5 seconds.,"Track(length=100m) | Stopwatch(t=5s) | Runner(position_start=0, position_end=100)","[""draw_axes(x_label='distance (m)', y_label='time (s)')"", ""plot_track(start=0, end=100)"", ""write_equation('speed = distance / time')"", ""highlight('divide distance by time')""]",curated_per_literature,train,A runner covers a distance of 100 meters in 5 seconds along a straight track. Calculate the speed of the runner.,"From the formula, 500 m/s; speed = distance * time. as calculated.",Speed = Distance / Time = 100 m / 5 s = 20 m/s. The relationship is division of distance by elapsed time.,"Topic: Speed and Velocity (Distance-Time Relationship) | Question: A runner covers a distance of 100 meters in 5 seconds along a straight track. Calculate the speed of the runner. | Student Response: From the formula, 500 m/s; speed = distance * time. as calculated.",MISC-MOT-001: Speed Distance Operation Inversion
RESP-00009,PHY-MOT-MOTI-01,MOTION_SPEED_DISTANCE_TIME,Class 9,Motion,Speed and Velocity (Distance-Time Relationship),A runner covers a distance of 100 meters in 5 seconds along a straight track. Calculate the speed of the runner.,Speed = Distance / Time = 100 m / 5 s = 20 m/s. The relationship is division of distance by elapsed time.,Step 1: calculate values. 500 m/s; speed = distance * time. That is the answer.,MISC-MOT-001: Speed Distance Operation Inversion,conceptual_misconception,High,Inverts speed definition formula.,,True,motion_diagram,A straight road track of distance 100 meters marked with intervals. A runner completes the 100 m track in 5 seconds.,"Track(length=100m) | Stopwatch(t=5s) | Runner(position_start=0, position_end=100)","[""draw_axes(x_label='distance (m)', y_label='time (s)')"", ""plot_track(start=0, end=100)"", ""write_equation('speed = distance / time')"", ""highlight('divide distance by time')""]",curated_per_literature,train,A runner covers a distance of 100 meters in 5 seconds along a straight track. Calculate the speed of the runner.,Step 1: calculate values. 500 m/s; speed = distance * time. That is the answer.,Speed = Distance / Time = 100 m / 5 s = 20 m/s. The relationship is division of distance by elapsed time.,Topic: Speed and Velocity (Distance-Time Relationship) | Question: A runner covers a distance of 100 meters in 5 seconds along a straight track. Calculate the speed of the runner. | Student Response: Step 1: calculate values. 500 m/s; speed = distance * time. That is the answer.,MISC-MOT-001: Speed Distance Operation Inversion
RESP-00010,PHY-MOT-MOTI-01,MOTION_SPEED_DISTANCE_TIME,Class 9,Motion,Speed and Velocity (Distance-Time Relationship),A runner covers a distance of 100 meters in 5 seconds along a straight track. Calculate the speed of the runner.,Speed = Distance / Time = 100 m / 5 s = 20 m/s. The relationship is division of distance by elapsed time.,In class we learned that 500 m/s; speed = distance * time..,MISC-MOT-001: Speed Distance Operation Inversion,conceptual_misconception,High,Inverts speed definition formula.,,True,motion_diagram,A straight road track of distance 100 meters marked with intervals. A runner completes the 100 m track in 5 seconds.,"Track(length=100m) | Stopwatch(t=5s) | Runner(position_start=0, position_end=100)","[""draw_axes(x_label='distance (m)', y_label='time (s)')"", ""plot_track(start=0, end=100)"", ""write_equation('speed = distance / time')"", ""highlight('divide distance by time')""]",curated_per_literature,train,A runner covers a distance of 100 meters in 5 seconds along a straight track. Calculate the speed of the runner.,In class we learned that 500 m/s; speed = distance * time..,Speed = Distance / Time = 100 m / 5 s = 20 m/s. The relationship is division of distance by elapsed time.,Topic: Speed and Velocity (Distance-Time Relationship) | Question: A runner covers a distance of 100 meters in 5 seconds along a straight track. Calculate the speed of the runner. | Student Response: In class we learned that 500 m/s; speed = distance * time..,MISC-MOT-001: Speed Distance Operation Inversion
RESP-00011,PHY-MOT-MOTI-01,MOTION_SPEED_DISTANCE_TIME,Class 9,Motion,Speed and Velocity (Distance-Time Relationship),A runner covers a distance of 100 meters in 5 seconds along a straight track. Calculate the speed of the runner.,Speed = Distance / Time = 100 m / 5 s = 20 m/s. The relationship is division of distance by elapsed time.,"Looking at the diagram, 20 m/s; speed = distance / time = 100 / 5 = 20 m/s..",CORRECT: Scientifically Accurate Response,no_error,High,Correct formula and calculation.,,True,motion_diagram,A straight road track of distance 100 meters marked with intervals. A runner completes the 100 m track in 5 seconds.,"Track(length=100m) | Stopwatch(t=5s) | Runner(position_start=0, position_end=100)","[""draw_axes(x_label='distance (m)', y_label='time (s)')"", ""plot_track(start=0, end=100)"", ""write_equation('speed = distance / time')"", ""highlight('divide distance by time')""]",authored_clean_sample,train,A runner covers a distance of 100 meters in 5 seconds along a straight track. Calculate the speed of the runner.,"Looking at the diagram, 20 m/s; speed = distance / time = 100 / 5 = 20 m/s..",Speed = Distance / Time = 100 m / 5 s = 20 m/s. The relationship is division of distance by elapsed time.,"Topic: Speed and Velocity (Distance-Time Relationship) | Question: A runner covers a distance of 100 meters in 5 seconds along a straight track. Calculate the speed of the runner. | Student Response: Looking at the diagram, 20 m/s; speed = distance / time = 100 / 5 = 20 m/s..",CORRECT: Scientifically Accurate Response
RESP-00012,PHY-MOT-MOTI-01,MOTION_SPEED_DISTANCE_TIME,Class 9,Motion,Speed and Velocity (Distance-Time Relationship),A runner covers a distance of 100 meters in 5 seconds along a straight track. Calculate the speed of the runner.,Speed = Distance / Time = 100 m / 5 s = 20 m/s. The relationship is division of distance by elapsed time.,My answer is: 20 m/s; speed = distance / time = 100 / 5 = 20 m/s..,CORRECT: Scientifically Accurate Response,no_error,High,Correct formula and calculation.,,True,motion_diagram,A straight road track of distance 100 meters marked with intervals. A runner completes the 100 m track in 5 seconds.,"Track(length=100m) | Stopwatch(t=5s) | Runner(position_start=0, position_end=100)","[""draw_axes(x_label='distance (m)', y_label='time (s)')"", ""plot_track(start=0, end=100)"", ""write_equation('speed = distance / time')"", ""highlight('divide distance by time')""]",authored_clean_sample,train,A runner covers a distance of 100 meters in 5 seconds along a straight track. Calculate the speed of the runner.,My answer is: 20 m/s; speed = distance / time = 100 / 5 = 20 m/s..,Speed = Distance / Time = 100 m / 5 s = 20 m/s. The relationship is division of distance by elapsed time.,Topic: Speed and Velocity (Distance-Time Relationship) | Question: A runner covers a distance of 100 meters in 5 seconds along a straight track. Calculate the speed of the runner. | Student Response: My answer is: 20 m/s; speed = distance / time = 100 / 5 = 20 m/s..,CORRECT: Scientifically Accurate Response
RESP-00013,PHY-MOT-MOTI-01,MOTION_SPEED_DISTANCE_TIME,Class 9,Motion,Speed and Velocity (Distance-Time Relationship),A runner covers a distance of 100 meters in 5 seconds along a straight track. Calculate the speed of the runner.,Speed = Distance / Time = 100 m / 5 s = 20 m/s. The relationship is division of distance by elapsed time.,"Based on physical laws, 20 m/s; speed = distance / time = 100 / 5 = 20 m/s..",CORRECT: Scientifically Accurate Response,no_error,High,Correct formula and calculation.,,True,motion_diagram,A straight road track of distance 100 meters marked with intervals. A runner completes the 100 m track in 5 seconds.,"Track(length=100m) | Stopwatch(t=5s) | Runner(position_start=0, position_end=100)","[""draw_axes(x_label='distance (m)', y_label='time (s)')"", ""plot_track(start=0, end=100)"", ""write_equation('speed = distance / time')"", ""highlight('divide distance by time')""]",authored_clean_sample,train,A runner covers a distance of 100 meters in 5 seconds along a straight track. Calculate the speed of the runner.,"Based on physical laws, 20 m/s; speed = distance / time = 100 / 5 = 20 m/s..",Speed = Distance / Time = 100 m / 5 s = 20 m/s. The relationship is division of distance by elapsed time.,"Topic: Speed and Velocity (Distance-Time Relationship) | Question: A runner covers a distance of 100 meters in 5 seconds along a straight track. Calculate the speed of the runner. | Student Response: Based on physical laws, 20 m/s; speed = distance / time = 100 / 5 = 20 m/s..",CORRECT: Scientifically Accurate Response
RESP-00014,PHY-MOT-MOTI-01,MOTION_SPEED_DISTANCE_TIME,Class 9,Motion,Speed and Velocity (Distance-Time Relationship),A runner covers a distance of 100 meters in 5 seconds along a straight track. Calculate the speed of the runner.,Speed = Distance / Time = 100 m / 5 s = 20 m/s. The relationship is division of distance by elapsed time.,"According to my working, 20 m/s; speed = distance / time = 100 / 5 = 20 m/s.",CORRECT: Scientifically Accurate Response,no_error,High,Correct formula and calculation.,,True,motion_diagram,A straight road track of distance 100 meters marked with intervals. A runner completes the 100 m track in 5 seconds.,"Track(length=100m) | Stopwatch(t=5s) | Runner(position_start=0, position_end=100)","[""draw_axes(x_label='distance (m)', y_label='time (s)')"", ""plot_track(start=0, end=100)"", ""write_equation('speed = distance / time')"", ""highlight('divide distance by time')""]",authored_clean_sample,train,A runner covers a distance of 100 meters in 5 seconds along a straight track. Calculate the speed of the runner.,"According to my working, 20 m/s; speed = distance / time = 100 / 5 = 20 m/s.",Speed = Distance / Time = 100 m / 5 s = 20 m/s. The relationship is division of distance by elapsed time.,"Topic: Speed and Velocity (Distance-Time Relationship) | Question: A runner covers a distance of 100 meters in 5 seconds along a straight track. Calculate the speed of the runner. | Student Response: According to my working, 20 m/s; speed = distance / time = 100 / 5 = 20 m/s.",CORRECT: Scientifically Accurate Response
RESP-00015,PHY-MOT-MOTI-01,MOTION_SPEED_DISTANCE_TIME,Class 9,Motion,Speed and Velocity (Distance-Time Relationship),A runner covers a distance of 100 meters in 5 seconds along a straight track. Calculate the speed of the runner.,Speed = Distance / Time = 100 m / 5 s = 20 m/s. The relationship is division of distance by elapsed time.,"Looking at the diagram, 20 m/s; speed = distance / time = 100 / 5 = 20 m/s..",CORRECT: Scientifically Accurate Response,no_error,High,Correct formula and calculation.,,True,motion_diagram,A straight road track of distance 100 meters marked with intervals. A runner completes the 100 m track in 5 seconds.,"Track(length=100m) | Stopwatch(t=5s) | Runner(position_start=0, position_end=100)","[""draw_axes(x_label='distance (m)', y_label='time (s)')"", ""plot_track(start=0, end=100)"", ""write_equation('speed = distance / time')"", ""highlight('divide distance by time')""]",authored_clean_sample,train,A runner covers a distance of 100 meters in 5 seconds along a straight track. Calculate the speed of the runner.,"Looking at the diagram, 20 m/s; speed = distance / time = 100 / 5 = 20 m/s..",Speed = Distance / Time = 100 m / 5 s = 20 m/s. The relationship is division of distance by elapsed time.,"Topic: Speed and Velocity (Distance-Time Relationship) | Question: A runner covers a distance of 100 meters in 5 seconds along a straight track. Calculate the speed of the runner. | Student Response: Looking at the diagram, 20 m/s; speed = distance / time = 100 / 5 = 20 m/s..",CORRECT: Scientifically Accurate Response
RESP-00016,PHY-MOT-MOTI-01,MOTION_SPEED_DISTANCE_TIME,Class 9,Motion,Speed and Velocity (Distance-Time Relationship),A runner covers a distance of 100 meters in 5 seconds along a straight track. Calculate the speed of the runner.,Speed = Distance / Time = 100 m / 5 s = 20 m/s. The relationship is division of distance by elapsed time.,20 m/s^2; speed is 100 divided by 5.,UNIT_CONVERSION_ERROR,unit_error,High,Used acceleration units m/s^2 for speed.,,True,motion_diagram,A straight road track of distance 100 meters marked with intervals. A runner completes the 100 m track in 5 seconds.,"Track(length=100m) | Stopwatch(t=5s) | Runner(position_start=0, position_end=100)","[""draw_axes(x_label='distance (m)', y_label='time (s)')"", ""plot_track(start=0, end=100)"", ""write_equation('speed = distance / time')"", ""highlight('divide distance by time')""]",authored_clean_sample,train,A runner covers a distance of 100 meters in 5 seconds along a straight track. Calculate the speed of the runner.,20 m/s^2; speed is 100 divided by 5.,Speed = Distance / Time = 100 m / 5 s = 20 m/s. The relationship is division of distance by elapsed time.,Topic: Speed and Velocity (Distance-Time Relationship) | Question: A runner covers a distance of 100 meters in 5 seconds along a straight track. Calculate the speed of the runner. | Student Response: 20 m/s^2; speed is 100 divided by 5.,UNIT_CONVERSION_ERROR
RESP-00017,PHY-MOT-MOTI-01,MOTION_SPEED_DISTANCE_TIME,Class 9,Motion,Speed and Velocity (Distance-Time Relationship),A runner covers a distance of 100 meters in 5 seconds along a straight track. Calculate the speed of the runner.,Speed = Distance / Time = 100 m / 5 s = 20 m/s. The relationship is division of distance by elapsed time.,"From the formula, 20 m/s^2; speed is 100 divided by 5. as calculated.",UNIT_CONVERSION_ERROR,unit_error,High,Used acceleration units m/s^2 for speed.,,True,motion_diagram,A straight road track of distance 100 meters marked with intervals. A runner completes the 100 m track in 5 seconds.,"Track(length=100m) | Stopwatch(t=5s) | Runner(position_start=0, position_end=100)","[""draw_axes(x_label='distance (m)', y_label='time (s)')"", ""plot_track(start=0, end=100)"", ""write_equation('speed = distance / time')"", ""highlight('divide distance by time')""]",authored_clean_sample,train,A runner covers a distance of 100 meters in 5 seconds along a straight track. Calculate the speed of the runner.,"From the formula, 20 m/s^2; speed is 100 divided by 5. as calculated.",Speed = Distance / Time = 100 m / 5 s = 20 m/s. The relationship is division of distance by elapsed time.,"Topic: Speed and Velocity (Distance-Time Relationship) | Question: A runner covers a distance of 100 meters in 5 seconds along a straight track. Calculate the speed of the runner. | Student Response: From the formula, 20 m/s^2; speed is 100 divided by 5. as calculated.",UNIT_CONVERSION_ERROR
RESP-00018,PHY-MOT-MOTI-01,MOTION_SPEED_DISTANCE_TIME,Class 9,Motion,Speed and Velocity (Distance-Time Relationship),A runner covers a distance of 100 meters in 5 seconds along a straight track. Calculate the speed of the runner.,Speed = Distance / Time = 100 m / 5 s = 20 m/s. The relationship is division of distance by elapsed time.,Step 1: calculate values. 20 m/s^2; speed is 100 divided by 5. That is the answer.,UNIT_CONVERSION_ERROR,unit_error,High,Used acceleration units m/s^2 for speed.,,True,motion_diagram,A straight road track of distance 100 meters marked with intervals. A runner completes the 100 m track in 5 seconds.,"Track(length=100m) | Stopwatch(t=5s) | Runner(position_start=0, position_end=100)","[""draw_axes(x_label='distance (m)', y_label='time (s)')"", ""plot_track(start=0, end=100)"", ""write_equation('speed = distance / time')"", ""highlight('divide distance by time')""]",authored_clean_sample,train,A runner covers a distance of 100 meters in 5 seconds along a straight track. Calculate the speed of the runner.,Step 1: calculate values. 20 m/s^2; speed is 100 divided by 5. That is the answer.,Speed = Distance / Time = 100 m / 5 s = 20 m/s. The relationship is division of distance by elapsed time.,Topic: Speed and Velocity (Distance-Time Relationship) | Question: A runner covers a distance of 100 meters in 5 seconds along a straight track. Calculate the speed of the runner. | Student Response: Step 1: calculate values. 20 m/s^2; speed is 100 divided by 5. That is the answer.,UNIT_CONVERSION_ERROR
RESP-00019,PHY-MOT-MOTI-01,MOTION_SPEED_DISTANCE_TIME,Class 9,Motion,Speed and Velocity (Distance-Time Relationship),A runner covers a distance of 100 meters in 5 seconds along a straight track. Calculate the speed of the runner.,Speed = Distance / Time = 100 m / 5 s = 20 m/s. The relationship is division of distance by elapsed time.,"Looking at the diagram, 100 / 5 = 25 m/s..",CARELESS_CALCULATION_ERROR,calculation_slip,Medium,Arithmetic slip on division.,,True,motion_diagram,A straight road track of distance 100 meters marked with intervals. A runner completes the 100 m track in 5 seconds.,"Track(length=100m) | Stopwatch(t=5s) | Runner(position_start=0, position_end=100)","[""draw_axes(x_label='distance (m)', y_label='time (s)')"", ""plot_track(start=0, end=100)"", ""write_equation('speed = distance / time')"", ""highlight('divide distance by time')""]",authored_clean_sample,train,A runner covers a distance of 100 meters in 5 seconds along a straight track. Calculate the speed of the runner.,"Looking at the diagram, 100 / 5 = 25 m/s..",Speed = Distance / Time = 100 m / 5 s = 20 m/s. The relationship is division of distance by elapsed time.,"Topic: Speed and Velocity (Distance-Time Relationship) | Question: A runner covers a distance of 100 meters in 5 seconds along a straight track. Calculate the speed of the runner. | Student Response: Looking at the diagram, 100 / 5 = 25 m/s..",CARELESS_CALCULATION_ERROR
RESP-00020,PHY-MOT-MOTI-01,MOTION_SPEED_DISTANCE_TIME,Class 9,Motion,Speed and Velocity (Distance-Time Relationship),A runner covers a distance of 100 meters in 5 seconds along a straight track. Calculate the speed of the runner.,Speed = Distance / Time = 100 m / 5 s = 20 m/s. The relationship is division of distance by elapsed time.,My answer is: 100 / 5 = 25 m/s..,CARELESS_CALCULATION_ERROR,calculation_slip,Medium,Arithmetic slip on division.,,True,motion_diagram,A straight road track of distance 100 meters marked with intervals. A runner completes the 100 m track in 5 seconds.,"Track(length=100m) | Stopwatch(t=5s) | Runner(position_start=0, position_end=100)","[""draw_axes(x_label='distance (m)', y_label='time (s)')"", ""plot_track(start=0, end=100)"", ""write_equation('speed = distance / time')"", ""highlight('divide distance by time')""]",authored_clean_sample,train,A runner covers a distance of 100 meters in 5 seconds along a straight track. Calculate the speed of the runner.,My answer is: 100 / 5 = 25 m/s..,Speed = Distance / Time = 100 m / 5 s = 20 m/s. The relationship is division of distance by elapsed time.,Topic: Speed and Velocity (Distance-Time Relationship) | Question: A runner covers a distance of 100 meters in 5 seconds along a straight track. Calculate the speed of the runner. | Student Response: My answer is: 100 / 5 = 25 m/s..,CARELESS_CALCULATION_ERROR
RESP-00021,PHY-MOT-MOTI-01,MOTION_SPEED_DISTANCE_TIME,Class 9,Motion,Speed and Velocity (Distance-Time Relationship),A runner covers a distance of 100 meters in 5 seconds along a straight track. Calculate the speed of the runner.,Speed = Distance / Time = 100 m / 5 s = 20 m/s. The relationship is division of distance by elapsed time.,"Based on physical laws, 100 / 5 = 25 m/s..",CARELESS_CALCULATION_ERROR,calculation_slip,Medium,Arithmetic slip on division.,,True,motion_diagram,A straight road track of distance 100 meters marked with intervals. A runner completes the 100 m track in 5 seconds.,"Track(length=100m) | Stopwatch(t=5s) | Runner(position_start=0, position_end=100)","[""draw_axes(x_label='distance (m)', y_label='time (s)')"", ""plot_track(start=0, end=100)"", ""write_equation('speed = distance / time')"", ""highlight('divide distance by time')""]",authored_clean_sample,test,A runner covers a distance of 100 meters in 5 seconds along a straight track. Calculate the speed of the runner.,"Based on physical laws, 100 / 5 = 25 m/s..",Speed = Distance / Time = 100 m / 5 s = 20 m/s. The relationship is division of distance by elapsed time.,"Topic: Speed and Velocity (Distance-Time Relationship) | Question: A runner covers a distance of 100 meters in 5 seconds along a straight track. Calculate the speed of the runner. | Student Response: Based on physical laws, 100 / 5 = 25 m/s..",CARELESS_CALCULATION_ERROR
RESP-00022,PHY-MOT-MOTI-01,MOTION_SPEED_DISTANCE_TIME,Class 9,Motion,Speed and Velocity (Distance-Time Relationship),A runner covers a distance of 100 meters in 5 seconds along a straight track. Calculate the speed of the runner.,Speed = Distance / Time = 100 m / 5 s = 20 m/s. The relationship is division of distance by elapsed time.,In class we learned that Around 50 m/s maybe..,UNSURE_INSUFFICIENT_EVIDENCE,guessing_unclear,Low,Vague guess without steps.,UNSURE_INSUFFICIENT_EVIDENCE,True,motion_diagram,A straight road track of distance 100 meters marked with intervals. A runner completes the 100 m track in 5 seconds.,"Track(length=100m) | Stopwatch(t=5s) | Runner(position_start=0, position_end=100)","[""draw_axes(x_label='distance (m)', y_label='time (s)')"", ""plot_track(start=0, end=100)"", ""write_equation('speed = distance / time')"", ""highlight('divide distance by time')""]",authored_clean_sample,test,A runner covers a distance of 100 meters in 5 seconds along a straight track. Calculate the speed of the runner.,In class we learned that Around 50 m/s maybe..,Speed = Distance / Time = 100 m / 5 s = 20 m/s. The relationship is division of distance by elapsed time.,Topic: Speed and Velocity (Distance-Time Relationship) | Question: A runner covers a distance of 100 meters in 5 seconds along a straight track. Calculate the speed of the runner. | Student Response: In class we learned that Around 50 m/s maybe..,UNSURE_INSUFFICIENT_EVIDENCE
RESP-00023,PHY-MOT-MOTI-01,MOTION_SPEED_DISTANCE_TIME,Class 9,Motion,Speed and Velocity (Distance-Time Relationship),A runner covers a distance of 100 meters in 5 seconds along a straight track. Calculate the speed of the runner.,Speed = Distance / Time = 100 m / 5 s = 20 m/s. The relationship is division of distance by elapsed time.,Around 50 m/s maybe.,UNSURE_INSUFFICIENT_EVIDENCE,guessing_unclear,Low,Vague guess without steps.,UNSURE_INSUFFICIENT_EVIDENCE,True,motion_diagram,A straight road track of distance 100 meters marked with intervals. A runner completes the 100 m track in 5 seconds.,"Track(length=100m) | Stopwatch(t=5s) | Runner(position_start=0, position_end=100)","[""draw_axes(x_label='distance (m)', y_label='time (s)')"", ""plot_track(start=0, end=100)"", ""write_equation('speed = distance / time')"", ""highlight('divide distance by time')""]",authored_clean_sample,test,A runner covers a distance of 100 meters in 5 seconds along a straight track. Calculate the speed of the runner.,Around 50 m/s maybe.,Speed = Distance / Time = 100 m / 5 s = 20 m/s. The relationship is division of distance by elapsed time.,Topic: Speed and Velocity (Distance-Time Relationship) | Question: A runner covers a distance of 100 meters in 5 seconds along a straight track. Calculate the speed of the runner. | Student Response: Around 50 m/s maybe.,UNSURE_INSUFFICIENT_EVIDENCE
RESP-00024,PHY-MOT-MOTI-01,MOTION_SPEED_DISTANCE_TIME,Class 9,Motion,Speed and Velocity (Distance-Time Relationship),A runner covers a distance of 100 meters in 5 seconds along a straight track. Calculate the speed of the runner.,Speed = Distance / Time = 100 m / 5 s = 20 m/s. The relationship is division of distance by elapsed time.,"From the formula, Around 50 m/s maybe. as calculated.",UNSURE_INSUFFICIENT_EVIDENCE,guessing_unclear,Low,Vague guess without steps.,UNSURE_INSUFFICIENT_EVIDENCE,True,motion_diagram,A straight road track of distance 100 meters marked with intervals. A runner completes the 100 m track in 5 seconds.,"Track(length=100m) | Stopwatch(t=5s) | Runner(position_start=0, position_end=100)","[""draw_axes(x_label='distance (m)', y_label='time (s)')"", ""plot_track(start=0, end=100)"", ""write_equation('speed = distance / time')"", ""highlight('divide distance by time')""]",authored_clean_sample,val,A runner covers a distance of 100 meters in 5 seconds along a straight track. Calculate the speed of the runner.,"From the formula, Around 50 m/s maybe. as calculated.",Speed = Distance / Time = 100 m / 5 s = 20 m/s. The relationship is division of distance by elapsed time.,"Topic: Speed and Velocity (Distance-Time Relationship) | Question: A runner covers a distance of 100 meters in 5 seconds along a straight track. Calculate the speed of the runner. | Student Response: From the formula, Around 50 m/s maybe. as calculated.",UNSURE_INSUFFICIENT_EVIDENCE
RESP-00025,PHY-MOT-MOTI-02,MOTION_SPEED_DISTANCE_TIME,Class 9,Motion,Speed and Velocity (Distance-Time Relationship),A car travels a distance of 300 meters in 15 seconds. What is the speed of the car?,Speed = Distance / Time = 100 m / 5 s = 20 m/s. The relationship is division of distance by elapsed time.,"According to my working, 500 m/s; multiplied distance by time (100 * 5 = 500).",MISC-MOT-001: Speed Distance Operation Inversion,conceptual_misconception,High,Multiplies distance by time instead of dividing.,,True,motion_diagram,A straight road track of distance 100 meters marked with intervals. A runner completes the 100 m track in 5 seconds.,"Track(length=100m) | Stopwatch(t=5s) | Runner(position_start=0, position_end=100)","[""draw_axes(x_label='distance (m)', y_label='time (s)')"", ""plot_track(start=0, end=100)"", ""write_equation('speed = distance / time')"", ""highlight('divide distance by time')""]",curated_per_literature,val,A car travels a distance of 300 meters in 15 seconds. What is the speed of the car?,"According to my working, 500 m/s; multiplied distance by time (100 * 5 = 500).",Speed = Distance / Time = 100 m / 5 s = 20 m/s. The relationship is division of distance by elapsed time.,"Topic: Speed and Velocity (Distance-Time Relationship) | Question: A car travels a distance of 300 meters in 15 seconds. What is the speed of the car? | Student Response: According to my working, 500 m/s; multiplied distance by time (100 * 5 = 500).",MISC-MOT-001: Speed Distance Operation Inversion
RESP-00026,PHY-MOT-MOTI-02,MOTION_SPEED_DISTANCE_TIME,Class 9,Motion,Speed and Velocity (Distance-Time Relationship),A car travels a distance of 300 meters in 15 seconds. What is the speed of the car?,Speed = Distance / Time = 100 m / 5 s = 20 m/s. The relationship is division of distance by elapsed time.,"Looking at the diagram, 500 m/s; multiplied distance by time (100 * 5 = 500)..",MISC-MOT-001: Speed Distance Operation Inversion,conceptual_misconception,High,Multiplies distance by time instead of dividing.,,True,motion_diagram,A straight road track of distance 100 meters marked with intervals. A runner completes the 100 m track in 5 seconds.,"Track(length=100m) | Stopwatch(t=5s) | Runner(position_start=0, position_end=100)","[""draw_axes(x_label='distance (m)', y_label='time (s)')"", ""plot_track(start=0, end=100)"", ""write_equation('speed = distance / time')"", ""highlight('divide distance by time')""]",curated_per_literature,val,A car travels a distance of 300 meters in 15 seconds. What is the speed of the car?,"Looking at the diagram, 500 m/s; multiplied distance by time (100 * 5 = 500)..",Speed = Distance / Time = 100 m / 5 s = 20 m/s. The relationship is division of distance by elapsed time.,"Topic: Speed and Velocity (Distance-Time Relationship) | Question: A car travels a distance of 300 meters in 15 seconds. What is the speed of the car? | Student Response: Looking at the diagram, 500 m/s; multiplied distance by time (100 * 5 = 500)..",MISC-MOT-001: Speed Distance Operation Inversion
RESP-00027,PHY-MOT-MOTI-02,MOTION_SPEED_DISTANCE_TIME,Class 9,Motion,Speed and Velocity (Distance-Time Relationship),A car travels a distance of 300 meters in 15 seconds. What is the speed of the car?,Speed = Distance / Time = 100 m / 5 s = 20 m/s. The relationship is division of distance by elapsed time.,My answer is: 500 m/s; multiplied distance by time (100 * 5 = 500)..,MISC-MOT-001: Speed Distance Operation Inversion,conceptual_misconception,High,Multiplies distance by time instead of dividing.,,True,motion_diagram,A straight road track of distance 100 meters marked with intervals. A runner completes the 100 m track in 5 seconds.,"Track(length=100m) | Stopwatch(t=5s) | Runner(position_start=0, position_end=100)","[""draw_axes(x_label='distance (m)', y_label='time (s)')"", ""plot_track(start=0, end=100)"", ""write_equation('speed = distance / time')"", ""highlight('divide distance by time')""]",curated_per_literature,train,A car travels a distance of 300 meters in 15 seconds. What is the speed of the car?,My answer is: 500 m/s; multiplied distance by time (100 * 5 = 500)..,Speed = Distance / Time = 100 m / 5 s = 20 m/s. The relationship is division of distance by elapsed time.,Topic: Speed and Velocity (Distance-Time Relationship) | Question: A car travels a distance of 300 meters in 15 seconds. What is the speed of the car? | Student Response: My answer is: 500 m/s; multiplied distance by time (100 * 5 = 500)..,MISC-MOT-001: Speed Distance Operation Inversion
RESP-00028,PHY-MOT-MOTI-02,MOTION_SPEED_DISTANCE_TIME,Class 9,Motion,Speed and Velocity (Distance-Time Relationship),A car travels a distance of 300 meters in 15 seconds. What is the speed of the car?,Speed = Distance / Time = 100 m / 5 s = 20 m/s. The relationship is division of distance by elapsed time.,"Based on physical laws, 500 m/s; multiplied distance by time (100 * 5 = 500)..",MISC-MOT-001: Speed Distance Operation Inversion,conceptual_misconception,High,Multiplies distance by time instead of dividing.,,True,motion_diagram,A straight road track of distance 100 meters marked with intervals. A runner completes the 100 m track in 5 seconds.,"Track(length=100m) | Stopwatch(t=5s) | Runner(position_start=0, position_end=100)","[""draw_axes(x_label='distance (m)', y_label='time (s)')"", ""plot_track(start=0, end=100)"", ""write_equation('speed = distance / time')"", ""highlight('divide distance by time')""]",curated_per_literature,train,A car travels a distance of 300 meters in 15 seconds. What is the speed of the car?,"Based on physical laws, 500 m/s; multiplied distance by time (100 * 5 = 500)..",Speed = Distance / Time = 100 m / 5 s = 20 m/s. The relationship is division of distance by elapsed time.,"Topic: Speed and Velocity (Distance-Time Relationship) | Question: A car travels a distance of 300 meters in 15 seconds. What is the speed of the car? | Student Response: Based on physical laws, 500 m/s; multiplied distance by time (100 * 5 = 500)..",MISC-MOT-001: Speed Distance Operation Inversion
RESP-00029,PHY-MOT-MOTI-02,MOTION_SPEED_DISTANCE_TIME,Class 9,Motion,Speed and Velocity (Distance-Time Relationship),A car travels a distance of 300 meters in 15 seconds. What is the speed of the car?,Speed = Distance / Time = 100 m / 5 s = 20 m/s. The relationship is division of distance by elapsed time.,"According to my working, 500 m/s; multiplied distance by time (100 * 5 = 500).",MISC-MOT-001: Speed Distance Operation Inversion,conceptual_misconception,High,Multiplies distance by time instead of dividing.,,True,motion_diagram,A straight road track of distance 100 meters marked with intervals. A runner completes the 100 m track in 5 seconds.,"Track(length=100m) | Stopwatch(t=5s) | Runner(position_start=0, position_end=100)","[""draw_axes(x_label='distance (m)', y_label='time (s)')"", ""plot_track(start=0, end=100)"", ""write_equation('speed = distance / time')"", ""highlight('divide distance by time')""]",curated_per_literature,train,A car travels a distance of 300 meters in 15 seconds. What is the speed of the car?,"According to my working, 500 m/s; multiplied distance by time (100 * 5 = 500).",Speed = Distance / Time = 100 m / 5 s = 20 m/s. The relationship is division of distance by elapsed time.,"Topic: Speed and Velocity (Distance-Time Relationship) | Question: A car travels a distance of 300 meters in 15 seconds. What is the speed of the car? | Student Response: According to my working, 500 m/s; multiplied distance by time (100 * 5 = 500).",MISC-MOT-001: Speed Distance Operation Inversion
RESP-00030,PHY-MOT-MOTI-02,MOTION_SPEED_DISTANCE_TIME,Class 9,Motion,Speed and Velocity (Distance-Time Relationship),A car travels a distance of 300 meters in 15 seconds. What is the speed of the car?,Speed = Distance / Time = 100 m / 5 s = 20 m/s. The relationship is division of distance by elapsed time.,In class we learned that 500 m/s; speed = distance * time..,MISC-MOT-001: Speed Distance Operation Inversion,conceptual_misconception,High,Inverts speed definition formula.,,True,motion_diagram,A straight road track of distance 100 meters marked with intervals. A runner completes the 100 m track in 5 seconds.,"Track(length=100m) | Stopwatch(t=5s) | Runner(position_start=0, position_end=100)","[""draw_axes(x_label='distance (m)', y_label='time (s)')"", ""plot_track(start=0, end=100)"", ""write_equation('speed = distance / time')"", ""highlight('divide distance by time')""]",curated_per_literature,train,A car travels a distance of 300 meters in 15 seconds. What is the speed of the car?,In class we learned that 500 m/s; speed = distance * time..,Speed = Distance / Time = 100 m / 5 s = 20 m/s. The relationship is division of distance by elapsed time.,Topic: Speed and Velocity (Distance-Time Relationship) | Question: A car travels a distance of 300 meters in 15 seconds. What is the speed of the car? | Student Response: In class we learned that 500 m/s; speed = distance * time..,MISC-MOT-001: Speed Distance Operation Inversion
RESP-00031,PHY-MOT-MOTI-02,MOTION_SPEED_DISTANCE_TIME,Class 9,Motion,Speed and Velocity (Distance-Time Relationship),A car travels a distance of 300 meters in 15 seconds. What is the speed of the car?,Speed = Distance / Time = 100 m / 5 s = 20 m/s. The relationship is division of distance by elapsed time.,500 m/s; speed = distance * time.,MISC-MOT-001: Speed Distance Operation Inversion,conceptual_misconception,High,Inverts speed definition formula.,,True,motion_diagram,A straight road track of distance 100 meters marked with intervals. A runner completes the 100 m track in 5 seconds.,"Track(length=100m) | Stopwatch(t=5s) | Runner(position_start=0, position_end=100)","[""draw_axes(x_label='distance (m)', y_label='time (s)')"", ""plot_track(start=0, end=100)"", ""write_equation('speed = distance / time')"", ""highlight('divide distance by time')""]",curated_per_literature,train,A car travels a distance of 300 meters in 15 seconds. What is the speed of the car?,500 m/s; speed = distance * time.,Speed = Distance / Time = 100 m / 5 s = 20 m/s. The relationship is division of distance by elapsed time.,Topic: Speed and Velocity (Distance-Time Relationship) | Question: A car travels a distance of 300 meters in 15 seconds. What is the speed of the car? | Student Response: 500 m/s; speed = distance * time.,MISC-MOT-001: Speed Distance Operation Inversion
RESP-00032,PHY-MOT-MOTI-02,MOTION_SPEED_DISTANCE_TIME,Class 9,Motion,Speed and Velocity (Distance-Time Relationship),A car travels a distance of 300 meters in 15 seconds. What is the speed of the car?,Speed = Distance / Time = 100 m / 5 s = 20 m/s. The relationship is division of distance by elapsed time.,"From the formula, 500 m/s; speed = distance * time. as calculated.",MISC-MOT-001: Speed Distance Operation Inversion,conceptual_misconception,High,Inverts speed definition formula.,,True,motion_diagram,A straight road track of distance 100 meters marked with intervals. A runner completes the 100 m track in 5 seconds.,"Track(length=100m) | Stopwatch(t=5s) | Runner(position_start=0, position_end=100)","[""draw_axes(x_label='distance (m)', y_label='time (s)')"", ""plot_track(start=0, end=100)"", ""write_equation('speed = distance / time')"", ""highlight('divide distance by time')""]",curated_per_literature,train,A car travels a distance of 300 meters in 15 seconds. What is the speed of the car?,"From the formula, 500 m/s; speed = distance * time. as calculated.",Speed = Distance / Time = 100 m / 5 s = 20 m/s. The relationship is division of distance by elapsed time.,"Topic: Speed and Velocity (Distance-Time Relationship) | Question: A car travels a distance of 300 meters in 15 seconds. What is the speed of the car? | Student Response: From the formula, 500 m/s; speed = distance * time. as calculated.",MISC-MOT-001: Speed Distance Operation Inversion
RESP-00033,PHY-MOT-MOTI-02,MOTION_SPEED_DISTANCE_TIME,Class 9,Motion,Speed and Velocity (Distance-Time Relationship),A car travels a distance of 300 meters in 15 seconds. What is the speed of the car?,Speed = Distance / Time = 100 m / 5 s = 20 m/s. The relationship is division of distance by elapsed time.,Step 1: calculate values. 500 m/s; speed = distance * time. That is the answer.,MISC-MOT-001: Speed Distance Operation Inversion,conceptual_misconception,High,Inverts speed definition formula.,,True,motion_diagram,A straight road track of distance 100 meters marked with intervals. A runner completes the 100 m track in 5 seconds.,"Track(length=100m) | Stopwatch(t=5s) | Runner(position_start=0, position_end=100)","[""draw_axes(x_label='distance (m)', y_label='time (s)')"", ""plot_track(start=0, end=100)"", ""write_equation('speed = distance / time')"", ""highlight('divide distance by time')""]",curated_per_literature,train,A car travels a distance of 300 meters in 15 seconds. What is the speed of the car?,Step 1: calculate values. 500 m/s; speed = distance * time. That is the answer.,Speed = Distance / Time = 100 m / 5 s = 20 m/s. The relationship is division of distance by elapsed time.,Topic: Speed and Velocity (Distance-Time Relationship) | Question: A car travels a distance of 300 meters in 15 seconds. What is the speed of the car? | Student Response: Step 1: calculate values. 500 m/s; speed = distance * time. That is the answer.,MISC-MOT-001: Speed Distance Operation Inversion
RESP-00034,PHY-MOT-MOTI-02,MOTION_SPEED_DISTANCE_TIME,Class 9,Motion,Speed and Velocity (Distance-Time Relationship),A car travels a distance of 300 meters in 15 seconds. What is the speed of the car?,Speed = Distance / Time = 100 m / 5 s = 20 m/s. The relationship is division of distance by elapsed time.,In class we learned that 500 m/s; speed = distance * time..,MISC-MOT-001: Speed Distance Operation Inversion,conceptual_misconception,High,Inverts speed definition formula.,,True,motion_diagram,A straight road track of distance 100 meters marked with intervals. A runner completes the 100 m track in 5 seconds.,"Track(length=100m) | Stopwatch(t=5s) | Runner(position_start=0, position_end=100)","[""draw_axes(x_label='distance (m)', y_label='time (s)')"", ""plot_track(start=0, end=100)"", ""write_equation('speed = distance / time')"", ""highlight('divide distance by time')""]",curated_per_literature,train,A car travels a distance of 300 meters in 15 seconds. What is the speed of the car?,In class we learned that 500 m/s; speed = distance * time..,Speed = Distance / Time = 100 m / 5 s = 20 m/s. The relationship is division of distance by elapsed time.,Topic: Speed and Velocity (Distance-Time Relationship) | Question: A car travels a distance of 300 meters in 15 seconds. What is the speed of the car? | Student Response: In class we learned that 500 m/s; speed = distance * time..,MISC-MOT-001: Speed Distance Operation Inversion
RESP-00035,PHY-MOT-MOTI-02,MOTION_SPEED_DISTANCE_TIME,Class 9,Motion,Speed and Velocity (Distance-Time Relationship),A car travels a distance of 300 meters in 15 seconds. What is the speed of the car?,Speed = Distance / Time = 100 m / 5 s = 20 m/s. The relationship is division of distance by elapsed time.,"Looking at the diagram, 20 m/s; speed = distance / time = 100 / 5 = 20 m/s..",CORRECT: Scientifically Accurate Response,no_error,High,Correct formula and calculation.,,True,motion_diagram,A straight road track of distance 100 meters marked with intervals. A runner completes the 100 m track in 5 seconds.,"Track(length=100m) | Stopwatch(t=5s) | Runner(position_start=0, position_end=100)","[""draw_axes(x_label='distance (m)', y_label='time (s)')"", ""plot_track(start=0, end=100)"", ""write_equation('speed = distance / time')"", ""highlight('divide distance by time')""]",authored_clean_sample,train,A car travels a distance of 300 meters in 15 seconds. What is the speed of the car?,"Looking at the diagram, 20 m/s; speed = distance / time = 100 / 5 = 20 m/s..",Speed = Distance / Time = 100 m / 5 s = 20 m/s. The relationship is division of distance by elapsed time.,"Topic: Speed and Velocity (Distance-Time Relationship) | Question: A car travels a distance of 300 meters in 15 seconds. What is the speed of the car? | Student Response: Looking at the diagram, 20 m/s; speed = distance / time = 100 / 5 = 20 m/s..",CORRECT: Scientifically Accurate Response
RESP-00036,PHY-MOT-MOTI-02,MOTION_SPEED_DISTANCE_TIME,Class 9,Motion,Speed and Velocity (Distance-Time Relationship),A car travels a distance of 300 meters in 15 seconds. What is the speed of the car?,Speed = Distance / Time = 100 m / 5 s = 20 m/s. The relationship is division of distance by elapsed time.,My answer is: 20 m/s; speed = distance / time = 100 / 5 = 20 m/s..,CORRECT: Scientifically Accurate Response,no_error,High,Correct formula and calculation.,,True,motion_diagram,A straight road track of distance 100 meters marked with intervals. A runner completes the 100 m track in 5 seconds.,"Track(length=100m) | Stopwatch(t=5s) | Runner(position_start=0, position_end=100)","[""draw_axes(x_label='distance (m)', y_label='time (s)')"", ""plot_track(start=0, end=100)"", ""write_equation('speed = distance / time')"", ""highlight('divide distance by time')""]",authored_clean_sample,train,A car travels a distance of 300 meters in 15 seconds. What is the speed of the car?,My answer is: 20 m/s; speed = distance / time = 100 / 5 = 20 m/s..,Speed = Distance / Time = 100 m / 5 s = 20 m/s. The relationship is division of distance by elapsed time.,Topic: Speed and Velocity (Distance-Time Relationship) | Question: A car travels a distance of 300 meters in 15 seconds. What is the speed of the car? | Student Response: My answer is: 20 m/s; speed = distance / time = 100 / 5 = 20 m/s..,CORRECT: Scientifically Accurate Response
RESP-00037,PHY-MOT-MOTI-02,MOTION_SPEED_DISTANCE_TIME,Class 9,Motion,Speed and Velocity (Distance-Time Relationship),A car travels a distance of 300 meters in 15 seconds. What is the speed of the car?,Speed = Distance / Time = 100 m / 5 s = 20 m/s. The relationship is division of distance by elapsed time.,"Based on physical laws, 20 m/s; speed = distance / time = 100 / 5 = 20 m/s..",CORRECT: Scientifically Accurate Response,no_error,High,Correct formula and calculation.,,True,motion_diagram,A straight road track of distance 100 meters marked with intervals. A runner completes the 100 m track in 5 seconds.,"Track(length=100m) | Stopwatch(t=5s) | Runner(position_start=0, position_end=100)","[""draw_axes(x_label='distance (m)', y_label='time (s)')"", ""plot_track(start=0, end=100)"", ""write_equation('speed = distance / time')"", ""highlight('divide distance by time')""]",authored_clean_sample,train,A car travels a distance of 300 meters in 15 seconds. What is the speed of the car?,"Based on physical laws, 20 m/s; speed = distance / time = 100 / 5 = 20 m/s..",Speed = Distance / Time = 100 m / 5 s = 20 m/s. The relationship is division of distance by elapsed time.,"Topic: Speed and Velocity (Distance-Time Relationship) | Question: A car travels a distance of 300 meters in 15 seconds. What is the speed of the car? | Student Response: Based on physical laws, 20 m/s; speed = distance / time = 100 / 5 = 20 m/s..",CORRECT: Scientifically Accurate Response
RESP-00038,PHY-MOT-MOTI-02,MOTION_SPEED_DISTANCE_TIME,Class 9,Motion,Speed and Velocity (Distance-Time Relationship),A car travels a distance of 300 meters in 15 seconds. What is the speed of the car?,Speed = Distance / Time = 100 m / 5 s = 20 m/s. The relationship is division of distance by elapsed time.,"According to my working, 20 m/s; speed = distance / time = 100 / 5 = 20 m/s.",CORRECT: Scientifically Accurate Response,no_error,High,Correct formula and calculation.,,True,motion_diagram,A straight road track of distance 100 meters marked with intervals. A runner completes the 100 m track in 5 seconds.,"Track(length=100m) | Stopwatch(t=5s) | Runner(position_start=0, position_end=100)","[""draw_axes(x_label='distance (m)', y_label='time (s)')"", ""plot_track(start=0, end=100)"", ""write_equation('speed = distance / time')"", ""highlight('divide distance by time')""]",authored_clean_sample,train,A car travels a distance of 300 meters in 15 seconds. What is the speed of the car?,"According to my working, 20 m/s; speed = distance / time = 100 / 5 = 20 m/s.",Speed = Distance / Time = 100 m / 5 s = 20 m/s. The relationship is division of distance by elapsed time.,"Topic: Speed and Velocity (Distance-Time Relationship) | Question: A car travels a distance of 300 meters in 15 seconds. What is the speed of the car? | Student Response: According to my working, 20 m/s; speed = distance / time = 100 / 5 = 20 m/s.",CORRECT: Scientifically Accurate Response
RESP-00039,PHY-MOT-MOTI-02,MOTION_SPEED_DISTANCE_TIME,Class 9,Motion,Speed and Velocity (Distance-Time Relationship),A car travels a distance of 300 meters in 15 seconds. What is the speed of the car?,Speed = Distance / Time = 100 m / 5 s = 20 m/s. The relationship is division of distance by elapsed time.,"Looking at the diagram, 20 m/s; speed = distance / time = 100 / 5 = 20 m/s..",CORRECT: Scientifically Accurate Response,no_error,High,Correct formula and calculation.,,True,motion_diagram,A straight road track of distance 100 meters marked with intervals. A runner completes the 100 m track in 5 seconds.,"Track(length=100m) | Stopwatch(t=5s) | Runner(position_start=0, position_end=100)","[""draw_axes(x_label='distance (m)', y_label='time (s)')"", ""plot_track(start=0, end=100)"", ""write_equation('speed = distance / time')"", ""highlight('divide distance by time')""]",authored_clean_sample,train,A car travels a distance of 300 meters in 15 seconds. What is the speed of the car?,"Looking at the diagram, 20 m/s; speed = distance / time = 100 / 5 = 20 m/s..",Speed = Distance / Time = 100 m / 5 s = 20 m/s. The relationship is division of distance by elapsed time.,"Topic: Speed and Velocity (Distance-Time Relationship) | Question: A car travels a distance of 300 meters in 15 seconds. What is the speed of the car? | Student Response: Looking at the diagram, 20 m/s; speed = distance / time = 100 / 5 = 20 m/s..",CORRECT: Scientifically Accurate Response
RESP-00040,PHY-MOT-MOTI-02,MOTION_SPEED_DISTANCE_TIME,Class 9,Motion,Speed and Velocity (Distance-Time Relationship),A car travels a distance of 300 meters in 15 seconds. What is the speed of the car?,Speed = Distance / Time = 100 m / 5 s = 20 m/s. The relationship is division of distance by elapsed time.,20 m/s^2; speed is 100 divided by 5.,UNIT_CONVERSION_ERROR,unit_error,High,Used acceleration units m/s^2 for speed.,,True,motion_diagram,A straight road track of distance 100 meters marked with intervals. A runner completes the 100 m track in 5 seconds.,"Track(length=100m) | Stopwatch(t=5s) | Runner(position_start=0, position_end=100)","[""draw_axes(x_label='distance (m)', y_label='time (s)')"", ""plot_track(start=0, end=100)"", ""write_equation('speed = distance / time')"", ""highlight('divide distance by time')""]",authored_clean_sample,train,A car travels a distance of 300 meters in 15 seconds. What is the speed of the car?,20 m/s^2; speed is 100 divided by 5.,Speed = Distance / Time = 100 m / 5 s = 20 m/s. The relationship is division of distance by elapsed time.,Topic: Speed and Velocity (Distance-Time Relationship) | Question: A car travels a distance of 300 meters in 15 seconds. What is the speed of the car? | Student Response: 20 m/s^2; speed is 100 divided by 5.,UNIT_CONVERSION_ERROR
RESP-00041,PHY-MOT-MOTI-02,MOTION_SPEED_DISTANCE_TIME,Class 9,Motion,Speed and Velocity (Distance-Time Relationship),A car travels a distance of 300 meters in 15 seconds. What is the speed of the car?,Speed = Distance / Time = 100 m / 5 s = 20 m/s. The relationship is division of distance by elapsed time.,"From the formula, 20 m/s^2; speed is 100 divided by 5. as calculated.",UNIT_CONVERSION_ERROR,unit_error,High,Used acceleration units m/s^2 for speed.,,True,motion_diagram,A straight road track of distance 100 meters marked with intervals. A runner completes the 100 m track in 5 seconds.,"Track(length=100m) | Stopwatch(t=5s) | Runner(position_start=0, position_end=100)","[""draw_axes(x_label='distance (m)', y_label='time (s)')"", ""plot_track(start=0, end=100)"", ""write_equation('speed = distance / time')"", ""highlight('divide distance by time')""]",authored_clean_sample,test,A car travels a distance of 300 meters in 15 seconds. What is the speed of the car?,"From the formula, 20 m/s^2; speed is 100 divided by 5. as calculated.",Speed = Distance / Time = 100 m / 5 s = 20 m/s. The relationship is division of distance by elapsed time.,"Topic: Speed and Velocity (Distance-Time Relationship) | Question: A car travels a distance of 300 meters in 15 seconds. What is the speed of the car? | Student Response: From the formula, 20 m/s^2; speed is 100 divided by 5. as calculated.",UNIT_CONVERSION_ERROR
RESP-00042,PHY-MOT-MOTI-02,MOTION_SPEED_DISTANCE_TIME,Class 9,Motion,Speed and Velocity (Distance-Time Relationship),A car travels a distance of 300 meters in 15 seconds. What is the speed of the car?,Speed = Distance / Time = 100 m / 5 s = 20 m/s. The relationship is division of distance by elapsed time.,Step 1: calculate values. 20 m/s^2; speed is 100 divided by 5. That is the answer.,UNIT_CONVERSION_ERROR,unit_error,High,Used acceleration units m/s^2 for speed.,,True,motion_diagram,A straight road track of distance 100 meters marked with intervals. A runner completes the 100 m track in 5 seconds.,"Track(length=100m) | Stopwatch(t=5s) | Runner(position_start=0, position_end=100)","[""draw_axes(x_label='distance (m)', y_label='time (s)')"", ""plot_track(start=0, end=100)"", ""write_equation('speed = distance / time')"", ""highlight('divide distance by time')""]",authored_clean_sample,test,A car travels a distance of 300 meters in 15 seconds. What is the speed of the car?,Step 1: calculate values. 20 m/s^2; speed is 100 divided by 5. That is the answer.,Speed = Distance / Time = 100 m / 5 s = 20 m/s. The relationship is division of distance by elapsed time.,Topic: Speed and Velocity (Distance-Time Relationship) | Question: A car travels a distance of 300 meters in 15 seconds. What is the speed of the car? | Student Response: Step 1: calculate values. 20 m/s^2; speed is 100 divided by 5. That is the answer.,UNIT_CONVERSION_ERROR
RESP-00043,PHY-MOT-MOTI-02,MOTION_SPEED_DISTANCE_TIME,Class 9,Motion,Speed and Velocity (Distance-Time Relationship),A car travels a distance of 300 meters in 15 seconds. What is the speed of the car?,Speed = Distance / Time = 100 m / 5 s = 20 m/s. The relationship is division of distance by elapsed time.,"Looking at the diagram, 100 / 5 = 25 m/s..",CARELESS_CALCULATION_ERROR,calculation_slip,Medium,Arithmetic slip on division.,,True,motion_diagram,A straight road track of distance 100 meters marked with intervals. A runner completes the 100 m track in 5 seconds.,"Track(length=100m) | Stopwatch(t=5s) | Runner(position_start=0, position_end=100)","[""draw_axes(x_label='distance (m)', y_label='time (s)')"", ""plot_track(start=0, end=100)"", ""write_equation('speed = distance / time')"", ""highlight('divide distance by time')""]",authored_clean_sample,test,A car travels a distance of 300 meters in 15 seconds. What is the speed of the car?,"Looking at the diagram, 100 / 5 = 25 m/s..",Speed = Distance / Time = 100 m / 5 s = 20 m/s. The relationship is division of distance by elapsed time.,"Topic: Speed and Velocity (Distance-Time Relationship) | Question: A car travels a distance of 300 meters in 15 seconds. What is the speed of the car? | Student Response: Looking at the diagram, 100 / 5 = 25 m/s..",CARELESS_CALCULATION_ERROR
RESP-00044,PHY-MOT-MOTI-02,MOTION_SPEED_DISTANCE_TIME,Class 9,Motion,Speed and Velocity (Distance-Time Relationship),A car travels a distance of 300 meters in 15 seconds. What is the speed of the car?,Speed = Distance / Time = 100 m / 5 s = 20 m/s. The relationship is division of distance by elapsed time.,My answer is: 100 / 5 = 25 m/s..,CARELESS_CALCULATION_ERROR,calculation_slip,Medium,Arithmetic slip on division.,,True,motion_diagram,A straight road track of distance 100 meters marked with intervals. A runner completes the 100 m track in 5 seconds.,"Track(length=100m) | Stopwatch(t=5s) | Runner(position_start=0, position_end=100)","[""draw_axes(x_label='distance (m)', y_label='time (s)')"", ""plot_track(start=0, end=100)"", ""write_equation('speed = distance / time')"", ""highlight('divide distance by time')""]",authored_clean_sample,val,A car travels a distance of 300 meters in 15 seconds. What is the speed of the car?,My answer is: 100 / 5 = 25 m/s..,Speed = Distance / Time = 100 m / 5 s = 20 m/s. The relationship is division of distance by elapsed time.,Topic: Speed and Velocity (Distance-Time Relationship) | Question: A car travels a distance of 300 meters in 15 seconds. What is the speed of the car? | Student Response: My answer is: 100 / 5 = 25 m/s..,CARELESS_CALCULATION_ERROR
RESP-00045,PHY-MOT-MOTI-02,MOTION_SPEED_DISTANCE_TIME,Class 9,Motion,Speed and Velocity (Distance-Time Relationship),A car travels a distance of 300 meters in 15 seconds. What is the speed of the car?,Speed = Distance / Time = 100 m / 5 s = 20 m/s. The relationship is division of distance by elapsed time.,"Based on physical laws, 100 / 5 = 25 m/s..",CARELESS_CALCULATION_ERROR,calculation_slip,Medium,Arithmetic slip on division.,,True,motion_diagram,A straight road track of distance 100 meters marked with intervals. A runner completes the 100 m track in 5 seconds.,"Track(length=100m) | Stopwatch(t=5s) | Runner(position_start=0, position_end=100)","[""draw_axes(x_label='distance (m)', y_label='time (s)')"", ""plot_track(start=0, end=100)"", ""write_equation('speed = distance / time')"", ""highlight('divide distance by time')""]",authored_clean_sample,val,A car travels a distance of 300 meters in 15 seconds. What is the speed of the car?,"Based on physical laws, 100 / 5 = 25 m/s..",Speed = Distance / Time = 100 m / 5 s = 20 m/s. The relationship is division of distance by elapsed time.,"Topic: Speed and Velocity (Distance-Time Relationship) | Question: A car travels a distance of 300 meters in 15 seconds. What is the speed of the car? | Student Response: Based on physical laws, 100 / 5 = 25 m/s..",CARELESS_CALCULATION_ERROR
RESP-00046,PHY-MOT-MOTI-02,MOTION_SPEED_DISTANCE_TIME,Class 9,Motion,Speed and Velocity (Distance-Time Relationship),A car travels a distance of 300 meters in 15 seconds. What is the speed of the car?,Speed = Distance / Time = 100 m / 5 s = 20 m/s. The relationship is division of distance by elapsed time.,In class we learned that Around 50 m/s maybe..,UNSURE_INSUFFICIENT_EVIDENCE,guessing_unclear,Low,Vague guess without steps.,UNSURE_INSUFFICIENT_EVIDENCE,True,motion_diagram,A straight road track of distance 100 meters marked with intervals. A runner completes the 100 m track in 5 seconds.,"Track(length=100m) | Stopwatch(t=5s) | Runner(position_start=0, position_end=100)","[""draw_axes(x_label='distance (m)', y_label='time (s)')"", ""plot_track(start=0, end=100)"", ""write_equation('speed = distance / time')"", ""highlight('divide distance by time')""]",authored_clean_sample,val,A car travels a distance of 300 meters in 15 seconds. What is the speed of the car?,In class we learned that Around 50 m/s maybe..,Speed = Distance / Time = 100 m / 5 s = 20 m/s. The relationship is division of distance by elapsed time.,Topic: Speed and Velocity (Distance-Time Relationship) | Question: A car travels a distance of 300 meters in 15 seconds. What is the speed of the car? | Student Response: In class we learned that Around 50 m/s maybe..,UNSURE_INSUFFICIENT_EVIDENCE
RESP-00047,PHY-MOT-MOTI-02,MOTION_SPEED_DISTANCE_TIME,Class 9,Motion,Speed and Velocity (Distance-Time Relationship),A car travels a distance of 300 meters in 15 seconds. What is the speed of the car?,Speed = Distance / Time = 100 m / 5 s = 20 m/s. The relationship is division of distance by elapsed time.,Around 50 m/s maybe.,UNSURE_INSUFFICIENT_EVIDENCE,guessing_unclear,Low,Vague guess without steps.,UNSURE_INSUFFICIENT_EVIDENCE,True,motion_diagram,A straight road track of distance 100 meters marked with intervals. A runner completes the 100 m track in 5 seconds.,"Track(length=100m) | Stopwatch(t=5s) | Runner(position_start=0, position_end=100)","[""draw_axes(x_label='distance (m)', y_label='time (s)')"", ""plot_track(start=0, end=100)"", ""write_equation('speed = distance / time')"", ""highlight('divide distance by time')""]",authored_clean_sample,train,A car travels a distance of 300 meters in 15 seconds. What is the speed of the car?,Around 50 m/s maybe.,Speed = Distance / Time = 100 m / 5 s = 20 m/s. The relationship is division of distance by elapsed time.,Topic: Speed and Velocity (Distance-Time Relationship) | Question: A car travels a distance of 300 meters in 15 seconds. What is the speed of the car? | Student Response: Around 50 m/s maybe.,UNSURE_INSUFFICIENT_EVIDENCE
RESP-00048,PHY-MOT-MOTI-02,MOTION_SPEED_DISTANCE_TIME,Class 9,Motion,Speed and Velocity (Distance-Time Relationship),A car travels a distance of 300 meters in 15 seconds. What is the speed of the car?,Speed = Distance / Time = 100 m / 5 s = 20 m/s. The relationship is division of distance by elapsed time.,"From the formula, Around 50 m/s maybe. as calculated.",UNSURE_INSUFFICIENT_EVIDENCE,guessing_unclear,Low,Vague guess without steps.,UNSURE_INSUFFICIENT_EVIDENCE,True,motion_diagram,A straight road track of distance 100 meters marked with intervals. A runner completes the 100 m track in 5 seconds.,"Track(length=100m) | Stopwatch(t=5s) | Runner(position_start=0, position_end=100)","[""draw_axes(x_label='distance (m)', y_label='time (s)')"", ""plot_track(start=0, end=100)"", ""write_equation('speed = distance / time')"", ""highlight('divide distance by time')""]",authored_clean_sample,train,A car travels a distance of 300 meters in 15 seconds. What is the speed of the car?,"From the formula, Around 50 m/s maybe. as calculated.",Speed = Distance / Time = 100 m / 5 s = 20 m/s. The relationship is division of distance by elapsed time.,"Topic: Speed and Velocity (Distance-Time Relationship) | Question: A car travels a distance of 300 meters in 15 seconds. What is the speed of the car? | Student Response: From the formula, Around 50 m/s maybe. as calculated.",UNSURE_INSUFFICIENT_EVIDENCE
RESP-00049,PHY-MOT-MOTI-03,MOTION_SPEED_DISTANCE_TIME,Class 9,Motion,Speed and Velocity (Distance-Time Relationship),An athlete runs 200 meters in 25 seconds. Find their average speed.,Speed = Distance / Time = 100 m / 5 s = 20 m/s. The relationship is division of distance by elapsed time.,"According to my working, 500 m/s; multiplied distance by time (100 * 5 = 500).",MISC-MOT-001: Speed Distance Operation Inversion,conceptual_misconception,High,Multiplies distance by time instead of dividing.,,True,motion_diagram,A straight road track of distance 100 meters marked with intervals. A runner completes the 100 m track in 5 seconds.,"Track(length=100m) | Stopwatch(t=5s) | Runner(position_start=0, position_end=100)","[""draw_axes(x_label='distance (m)', y_label='time (s)')"", ""plot_track(start=0, end=100)"", ""write_equation('speed = distance / time')"", ""highlight('divide distance by time')""]",curated_per_literature,train,An athlete runs 200 meters in 25 seconds. Find their average speed.,"According to my working, 500 m/s; multiplied distance by time (100 * 5 = 500).",Speed = Distance / Time = 100 m / 5 s = 20 m/s. The relationship is division of distance by elapsed time.,"Topic: Speed and Velocity (Distance-Time Relationship) | Question: An athlete runs 200 meters in 25 seconds. Find their average speed. | Student Response: According to my working, 500 m/s; multiplied distance by time (100 * 5 = 500).",MISC-MOT-001: Speed Distance Operation Inversion
RESP-00050,PHY-MOT-MOTI-03,MOTION_SPEED_DISTANCE_TIME,Class 9,Motion,Speed and Velocity (Distance-Time Relationship),An athlete runs 200 meters in 25 seconds. Find their average speed.,Speed = Distance / Time = 100 m / 5 s = 20 m/s. The relationship is division of distance by elapsed time.,"Looking at the diagram, 500 m/s; multiplied distance by time (100 * 5 = 500)..",MISC-MOT-001: Speed Distance Operation Inversion,conceptual_misconception,High,Multiplies distance by time instead of dividing.,,True,motion_diagram,A straight road track of distance 100 meters marked with intervals. A runner completes the 100 m track in 5 seconds.,"Track(length=100m) | Stopwatch(t=5s) | Runner(position_start=0, position_end=100)","[""draw_axes(x_label='distance (m)', y_label='time (s)')"", ""plot_track(start=0, end=100)"", ""write_equation('speed = distance / time')"", ""highlight('divide distance by time')""]",curated_per_literature,train,An athlete runs 200 meters in 25 seconds. Find their average speed.,"Looking at the diagram, 500 m/s; multiplied distance by time (100 * 5 = 500)..",Speed = Distance / Time = 100 m / 5 s = 20 m/s. The relationship is division of distance by elapsed time.,"Topic: Speed and Velocity (Distance-Time Relationship) | Question: An athlete runs 200 meters in 25 seconds. Find their average speed. | Student Response: Looking at the diagram, 500 m/s; multiplied distance by time (100 * 5 = 500)..",MISC-MOT-001: Speed Distance Operation Inversion
RESP-00051,PHY-MOT-MOTI-03,MOTION_SPEED_DISTANCE_TIME,Class 9,Motion,Speed and Velocity (Distance-Time Relationship),An athlete runs 200 meters in 25 seconds. Find their average speed.,Speed = Distance / Time = 100 m / 5 s = 20 m/s. The relationship is division of distance by elapsed time.,My answer is: 500 m/s; multiplied distance by time (100 * 5 = 500)..,MISC-MOT-001: Speed Distance Operation Inversion,conceptual_misconception,High,Multiplies distance by time instead of dividing.,,True,motion_diagram,A straight road track of distance 100 meters marked with intervals. A runner completes the 100 m track in 5 seconds.,"Track(length=100m) | Stopwatch(t=5s) | Runner(position_start=0, position_end=100)","[""draw_axes(x_label='distance (m)', y_label='time (s)')"", ""plot_track(start=0, end=100)"", ""write_equation('speed = distance / time')"", ""highlight('divide distance by time')""]",curated_per_literature,train,An athlete runs 200 meters in 25 seconds. Find their average speed.,My answer is: 500 m/s; multiplied distance by time (100 * 5 = 500)..,Speed = Distance / Time = 100 m / 5 s = 20 m/s. The relationship is division of distance by elapsed time.,Topic: Speed and Velocity (Distance-Time Relationship) | Question: An athlete runs 200 meters in 25 seconds. Find their average speed. | Student Response: My answer is: 500 m/s; multiplied distance by time (100 * 5 = 500)..,MISC-MOT-001: Speed Distance Operation Inversion
RESP-00052,PHY-MOT-MOTI-03,MOTION_SPEED_DISTANCE_TIME,Class 9,Motion,Speed and Velocity (Distance-Time Relationship),An athlete runs 200 meters in 25 seconds. Find their average speed.,Speed = Distance / Time = 100 m / 5 s = 20 m/s. The relationship is division of distance by elapsed time.,"Based on physical laws, 500 m/s; multiplied distance by time (100 * 5 = 500)..",MISC-MOT-001: Speed Distance Operation Inversion,conceptual_misconception,High,Multiplies distance by time instead of dividing.,,True,motion_diagram,A straight road track of distance 100 meters marked with intervals. A runner completes the 100 m track in 5 seconds.,"Track(length=100m) | Stopwatch(t=5s) | Runner(position_start=0, position_end=100)","[""draw_axes(x_label='distance (m)', y_label='time (s)')"", ""plot_track(start=0, end=100)"", ""write_equation('speed = distance / time')"", ""highlight('divide distance by time')""]",curated_per_literature,train,An athlete runs 200 meters in 25 seconds. Find their average speed.,"Based on physical laws, 500 m/s; multiplied distance by time (100 * 5 = 500)..",Speed = Distance / Time = 100 m / 5 s = 20 m/s. The relationship is division of distance by elapsed time.,"Topic: Speed and Velocity (Distance-Time Relationship) | Question: An athlete runs 200 meters in 25 seconds. Find their average speed. | Student Response: Based on physical laws, 500 m/s; multiplied distance by time (100 * 5 = 500)..",MISC-MOT-001: Speed Distance Operation Inversion
RESP-00053,PHY-MOT-MOTI-03,MOTION_SPEED_DISTANCE_TIME,Class 9,Motion,Speed and Velocity (Distance-Time Relationship),An athlete runs 200 meters in 25 seconds. Find their average speed.,Speed = Distance / Time = 100 m / 5 s = 20 m/s. The relationship is division of distance by elapsed time.,"According to my working, 500 m/s; multiplied distance by time (100 * 5 = 500).",MISC-MOT-001: Speed Distance Operation Inversion,conceptual_misconception,High,Multiplies distance by time instead of dividing.,,True,motion_diagram,A straight road track of distance 100 meters marked with intervals. A runner completes the 100 m track in 5 seconds.,"Track(length=100m) | Stopwatch(t=5s) | Runner(position_start=0, position_end=100)","[""draw_axes(x_label='distance (m)', y_label='time (s)')"", ""plot_track(start=0, end=100)"", ""write_equation('speed = distance / time')"", ""highlight('divide distance by time')""]",curated_per_literature,train,An athlete runs 200 meters in 25 seconds. Find their average speed.,"According to my working, 500 m/s; multiplied distance by time (100 * 5 = 500).",Speed = Distance / Time = 100 m / 5 s = 20 m/s. The relationship is division of distance by elapsed time.,"Topic: Speed and Velocity (Distance-Time Relationship) | Question: An athlete runs 200 meters in 25 seconds. Find their average speed. | Student Response: According to my working, 500 m/s; multiplied distance by time (100 * 5 = 500).",MISC-MOT-001: Speed Distance Operation Inversion
RESP-00054,PHY-MOT-MOTI-03,MOTION_SPEED_DISTANCE_TIME,Class 9,Motion,Speed and Velocity (Distance-Time Relationship),An athlete runs 200 meters in 25 seconds. Find their average speed.,Speed = Distance / Time = 100 m / 5 s = 20 m/s. The relationship is division of distance by elapsed time.,In class we learned that 500 m/s; speed = distance * time..,MISC-MOT-001: Speed Distance Operation Inversion,conceptual_misconception,High,Inverts speed definition formula.,,True,motion_diagram,A straight road track of distance 100 meters marked with intervals. A runner completes the 100 m track in 5 seconds.,"Track(length=100m) | Stopwatch(t=5s) | Runner(position_start=0, position_end=100)","[""draw_axes(x_label='distance (m)', y_label='time (s)')"", ""plot_track(start=0, end=100)"", ""write_equation('speed = distance / time')"", ""highlight('divide distance by time')""]",curated_per_literature,train,An athlete runs 200 meters in 25 seconds. Find their average speed.,In class we learned that 500 m/s; speed = distance * time..,Speed = Distance / Time = 100 m / 5 s = 20 m/s. The relationship is division of distance by elapsed time.,Topic: Speed and Velocity (Distance-Time Relationship) | Question: An athlete runs 200 meters in 25 seconds. Find their average speed. | Student Response: In class we learned that 500 m/s; speed = distance * time..,MISC-MOT-001: Speed Distance Operation Inversion
RESP-00055,PHY-MOT-MOTI-03,MOTION_SPEED_DISTANCE_TIME,Class 9,Motion,Speed and Velocity (Distance-Time Relationship),An athlete runs 200 meters in 25 seconds. Find their average speed.,Speed = Distance / Time = 100 m / 5 s = 20 m/s. The relationship is division of distance by elapsed time.,500 m/s; speed = distance * time.,MISC-MOT-001: Speed Distance Operation Inversion,conceptual_misconception,High,Inverts speed definition formula.,,True,motion_diagram,A straight road track of distance 100 meters marked with intervals. A runner completes the 100 m track in 5 seconds.,"Track(length=100m) | Stopwatch(t=5s) | Runner(position_start=0, position_end=100)","[""draw_axes(x_label='distance (m)', y_label='time (s)')"", ""plot_track(start=0, end=100)"", ""write_equation('speed = distance / time')"", ""highlight('divide distance by time')""]",curated_per_literature,train,An athlete runs 200 meters in 25 seconds. Find their average speed.,500 m/s; speed = distance * time.,Speed = Distance / Time = 100 m / 5 s = 20 m/s. The relationship is division of distance by elapsed time.,Topic: Speed and Velocity (Distance-Time Relationship) | Question: An athlete runs 200 meters in 25 seconds. Find their average speed. | Student Response: 500 m/s; speed = distance * time.,MISC-MOT-001: Speed Distance Operation Inversion
RESP-00056,PHY-MOT-MOTI-03,MOTION_SPEED_DISTANCE_TIME,Class 9,Motion,Speed and Velocity (Distance-Time Relationship),An athlete runs 200 meters in 25 seconds. Find their average speed.,Speed = Distance / Time = 100 m / 5 s = 20 m/s. The relationship is division of distance by elapsed time.,"From the formula, 500 m/s; speed = distance * time. as calculated.",MISC-MOT-001: Speed Distance Operation Inversion,conceptual_misconception,High,Inverts speed definition formula.,,True,motion_diagram,A straight road track of distance 100 meters marked with intervals. A runner completes the 100 m track in 5 seconds.,"Track(length=100m) | Stopwatch(t=5s) | Runner(position_start=0, position_end=100)","[""draw_axes(x_label='distance (m)', y_label='time (s)')"", ""plot_track(start=0, end=100)"", ""write_equation('speed = distance / time')"", ""highlight('divide distance by time')""]",curated_per_literature,train,An athlete runs 200 meters in 25 seconds. Find their average speed.,"From the formula, 500 m/s; speed = distance * time. as calculated.",Speed = Distance / Time = 100 m / 5 s = 20 m/s. The relationship is division of distance by elapsed time.,"Topic: Speed and Velocity (Distance-Time Relationship) | Question: An athlete runs 200 meters in 25 seconds. Find their average speed. | Student Response: From the formula, 500 m/s; speed = distance * time. as calculated.",MISC-MOT-001: Speed Distance Operation Inversion
RESP-00057,PHY-MOT-MOTI-03,MOTION_SPEED_DISTANCE_TIME,Class 9,Motion,Speed and Velocity (Distance-Time Relationship),An athlete runs 200 meters in 25 seconds. Find their average speed.,Speed = Distance / Time = 100 m / 5 s = 20 m/s. The relationship is division of distance by elapsed time.,Step 1: calculate values. 500 m/s; speed = distance * time. That is the answer.,MISC-MOT-001: Speed Distance Operation Inversion,conceptual_misconception,High,Inverts speed definition formula.,,True,motion_diagram,A straight road track of distance 100 meters marked with intervals. A runner completes the 100 m track in 5 seconds.,"Track(length=100m) | Stopwatch(t=5s) | Runner(position_start=0, position_end=100)","[""draw_axes(x_label='distance (m)', y_label='time (s)')"", ""plot_track(start=0, end=100)"", ""write_equation('speed = distance / time')"", ""highlight('divide distance by time')""]",curated_per_literature,train,An athlete runs 200 meters in 25 seconds. Find their average speed.,Step 1: calculate values. 500 m/s; speed = distance * time. That is the answer.,Speed = Distance / Time = 100 m / 5 s = 20 m/s. The relationship is division of distance by elapsed time.,Topic: Speed and Velocity (Distance-Time Relationship) | Question: An athlete runs 200 meters in 25 seconds. Find their average speed. | Student Response: Step 1: calculate values. 500 m/s; speed = distance * time. That is the answer.,MISC-MOT-001: Speed Distance Operation Inversion
RESP-00058,PHY-MOT-MOTI-03,MOTION_SPEED_DISTANCE_TIME,Class 9,Motion,Speed and Velocity (Distance-Time Relationship),An athlete runs 200 meters in 25 seconds. Find their average speed.,Speed = Distance / Time = 100 m / 5 s = 20 m/s. The relationship is division of distance by elapsed time.,In class we learned that 500 m/s; speed = distance * time..,MISC-MOT-001: Speed Distance Operation Inversion,conceptual_misconception,High,Inverts speed definition formula.,,True,motion_diagram,A straight road track of distance 100 meters marked with intervals. A runner completes the 100 m track in 5 seconds.,"Track(length=100m) | Stopwatch(t=5s) | Runner(position_start=0, position_end=100)","[""draw_axes(x_label='distance (m)', y_label='time (s)')"", ""plot_track(start=0, end=100)"", ""write_equation('speed = distance / time')"", ""highlight('divide distance by time')""]",curated_per_literature,train,An athlete runs 200 meters in 25 seconds. Find their average speed.,In class we learned that 500 m/s; speed = distance * time..,Speed = Distance / Time = 100 m / 5 s = 20 m/s. The relationship is division of distance by elapsed time.,Topic: Speed and Velocity (Distance-Time Relationship) | Question: An athlete runs 200 meters in 25 seconds. Find their average speed. | Student Response: In class we learned that 500 m/s; speed = distance * time..,MISC-MOT-001: Speed Distance Operation Inversion
RESP-00059,PHY-MOT-MOTI-03,MOTION_SPEED_DISTANCE_TIME,Class 9,Motion,Speed and Velocity (Distance-Time Relationship),An athlete runs 200 meters in 25 seconds. Find their average speed.,Speed = Distance / Time = 100 m / 5 s = 20 m/s. The relationship is division of distance by elapsed time.,"Looking at the diagram, 20 m/s; speed = distance / time = 100 / 5 = 20 m/s..",CORRECT: Scientifically Accurate Response,no_error,High,Correct formula and calculation.,,True,motion_diagram,A straight road track of distance 100 meters marked with intervals. A runner completes the 100 m track in 5 seconds.,"Track(length=100m) | Stopwatch(t=5s) | Runner(position_start=0, position_end=100)","[""draw_axes(x_label='distance (m)', y_label='time (s)')"", ""plot_track(start=0, end=100)"", ""write_equation('speed = distance / time')"", ""highlight('divide distance by time')""]",authored_clean_sample,train,An athlete runs 200 meters in 25 seconds. Find their average speed.,"Looking at the diagram, 20 m/s; speed = distance / time = 100 / 5 = 20 m/s..",Speed = Distance / Time = 100 m / 5 s = 20 m/s. The relationship is division of distance by elapsed time.,"Topic: Speed and Velocity (Distance-Time Relationship) | Question: An athlete runs 200 meters in 25 seconds. Find their average speed. | Student Response: Looking at the diagram, 20 m/s; speed = distance / time = 100 / 5 = 20 m/s..",CORRECT: Scientifically Accurate Response
RESP-00060,PHY-MOT-MOTI-03,MOTION_SPEED_DISTANCE_TIME,Class 9,Motion,Speed and Velocity (Distance-Time Relationship),An athlete runs 200 meters in 25 seconds. Find their average speed.,Speed = Distance / Time = 100 m / 5 s = 20 m/s. The relationship is division of distance by elapsed time.,My answer is: 20 m/s; speed = distance / time = 100 / 5 = 20 m/s..,CORRECT: Scientifically Accurate Response,no_error,High,Correct formula and calculation.,,True,motion_diagram,A straight road track of distance 100 meters marked with intervals. A runner completes the 100 m track in 5 seconds.,"Track(length=100m) | Stopwatch(t=5s) | Runner(position_start=0, position_end=100)","[""draw_axes(x_label='distance (m)', y_label='time (s)')"", ""plot_track(start=0, end=100)"", ""write_equation('speed = distance / time')"", ""highlight('divide distance by time')""]",authored_clean_sample,train,An athlete runs 200 meters in 25 seconds. Find their average speed.,My answer is: 20 m/s; speed = distance / time = 100 / 5 = 20 m/s..,Speed = Distance / Time = 100 m / 5 s = 20 m/s. The relationship is division of distance by elapsed time.,Topic: Speed and Velocity (Distance-Time Relationship) | Question: An athlete runs 200 meters in 25 seconds. Find their average speed. | Student Response: My answer is: 20 m/s; speed = distance / time = 100 / 5 = 20 m/s..,CORRECT: Scientifically Accurate Response
RESP-00061,PHY-MOT-MOTI-03,MOTION_SPEED_DISTANCE_TIME,Class 9,Motion,Speed and Velocity (Distance-Time Relationship),An athlete runs 200 meters in 25 seconds. Find their average speed.,Speed = Distance / Time = 100 m / 5 s = 20 m/s. The relationship is division of distance by elapsed time.,"Based on physical laws, 20 m/s; speed = distance / time = 100 / 5 = 20 m/s..",CORRECT: Scientifically Accurate Response,no_error,High,Correct formula and calculation.,,True,motion_diagram,A straight road track of distance 100 meters marked with intervals. A runner completes the 100 m track in 5 seconds.,"Track(length=100m) | Stopwatch(t=5s) | Runner(position_start=0, position_end=100)","[""draw_axes(x_label='distance (m)', y_label='time (s)')"", ""plot_track(start=0, end=100)"", ""write_equation('speed = distance / time')"", ""highlight('divide distance by time')""]",authored_clean_sample,test,An athlete runs 200 meters in 25 seconds. Find their average speed.,"Based on physical laws, 20 m/s; speed = distance / time = 100 / 5 = 20 m/s..",Speed = Distance / Time = 100 m / 5 s = 20 m/s. The relationship is division of distance by elapsed time.,"Topic: Speed and Velocity (Distance-Time Relationship) | Question: An athlete runs 200 meters in 25 seconds. Find their average speed. | Student Response: Based on physical laws, 20 m/s; speed = distance / time = 100 / 5 = 20 m/s..",CORRECT: Scientifically Accurate Response
RESP-00062,PHY-MOT-MOTI-03,MOTION_SPEED_DISTANCE_TIME,Class 9,Motion,Speed and Velocity (Distance-Time Relationship),An athlete runs 200 meters in 25 seconds. Find their average speed.,Speed = Distance / Time = 100 m / 5 s = 20 m/s. The relationship is division of distance by elapsed time.,"According to my working, 20 m/s; speed = distance / time = 100 / 5 = 20 m/s.",CORRECT: Scientifically Accurate Response,no_error,High,Correct formula and calculation.,,True,motion_diagram,A straight road track of distance 100 meters marked with intervals. A runner completes the 100 m track in 5 seconds.,"Track(length=100m) | Stopwatch(t=5s) | Runner(position_start=0, position_end=100)","[""draw_axes(x_label='distance (m)', y_label='time (s)')"", ""plot_track(start=0, end=100)"", ""write_equation('speed = distance / time')"", ""highlight('divide distance by time')""]",authored_clean_sample,test,An athlete runs 200 meters in 25 seconds. Find their average speed.,"According to my working, 20 m/s; speed = distance / time = 100 / 5 = 20 m/s.",Speed = Distance / Time = 100 m / 5 s = 20 m/s. The relationship is division of distance by elapsed time.,"Topic: Speed and Velocity (Distance-Time Relationship) | Question: An athlete runs 200 meters in 25 seconds. Find their average speed. | Student Response: According to my working, 20 m/s; speed = distance / time = 100 / 5 = 20 m/s.",CORRECT: Scientifically Accurate Response
RESP-00063,PHY-MOT-MOTI-03,MOTION_SPEED_DISTANCE_TIME,Class 9,Motion,Speed and Velocity (Distance-Time Relationship),An athlete runs 200 meters in 25 seconds. Find their average speed.,Speed = Distance / Time = 100 m / 5 s = 20 m/s. The relationship is division of distance by elapsed time.,"Looking at the diagram, 20 m/s; speed = distance / time = 100 / 5 = 20 m/s..",CORRECT: Scientifically Accurate Response,no_error,High,Correct formula and calculation.,,True,motion_diagram,A straight road track of distance 100 meters marked with intervals. A runner completes the 100 m track in 5 seconds.,"Track(length=100m) | Stopwatch(t=5s) | Runner(position_start=0, position_end=100)","[""draw_axes(x_label='distance (m)', y_label='time (s)')"", ""plot_track(start=0, end=100)"", ""write_equation('speed = distance / time')"", ""highlight('divide distance by time')""]",authored_clean_sample,test,An athlete runs 200 meters in 25 seconds. Find their average speed.,"Looking at the diagram, 20 m/s; speed = distance / time = 100 / 5 = 20 m/s..",Speed = Distance / Time = 100 m / 5 s = 20 m/s. The relationship is division of distance by elapsed time.,"Topic: Speed and Velocity (Distance-Time Relationship) | Question: An athlete runs 200 meters in 25 seconds. Find their average speed. | Student Response: Looking at the diagram, 20 m/s; speed = distance / time = 100 / 5 = 20 m/s..",CORRECT: Scientifically Accurate Response
RESP-00064,PHY-MOT-MOTI-03,MOTION_SPEED_DISTANCE_TIME,Class 9,Motion,Speed and Velocity (Distance-Time Relationship),An athlete runs 200 meters in 25 seconds. Find their average speed.,Speed = Distance / Time = 100 m / 5 s = 20 m/s. The relationship is division of distance by elapsed time.,20 m/s^2; speed is 100 divided by 5.,UNIT_CONVERSION_ERROR,unit_error,High,Used acceleration units m/s^2 for speed.,,True,motion_diagram,A straight road track of distance 100 meters marked with intervals. A runner completes the 100 m track in 5 seconds.,"Track(length=100m) | Stopwatch(t=5s) | Runner(position_start=0, position_end=100)","[""draw_axes(x_label='distance (m)', y_label='time (s)')"", ""plot_track(start=0, end=100)"", ""write_equation('speed = distance / time')"", ""highlight('divide distance by time')""]",authored_clean_sample,val,An athlete runs 200 meters in 25 seconds. Find their average speed.,20 m/s^2; speed is 100 divided by 5.,Speed = Distance / Time = 100 m / 5 s = 20 m/s. The relationship is division of distance by elapsed time.,Topic: Speed and Velocity (Distance-Time Relationship) | Question: An athlete runs 200 meters in 25 seconds. Find their average speed. | Student Response: 20 m/s^2; speed is 100 divided by 5.,UNIT_CONVERSION_ERROR
RESP-00065,PHY-MOT-MOTI-03,MOTION_SPEED_DISTANCE_TIME,Class 9,Motion,Speed and Velocity (Distance-Time Relationship),An athlete runs 200 meters in 25 seconds. Find their average speed.,Speed = Distance / Time = 100 m / 5 s = 20 m/s. The relationship is division of distance by elapsed time.,"From the formula, 20 m/s^2; speed is 100 divided by 5. as calculated.",UNIT_CONVERSION_ERROR,unit_error,High,Used acceleration units m/s^2 for speed.,,True,motion_diagram,A straight road track of distance 100 meters marked with intervals. A runner completes the 100 m track in 5 seconds.,"Track(length=100m) | Stopwatch(t=5s) | Runner(position_start=0, position_end=100)","[""draw_axes(x_label='distance (m)', y_label='time (s)')"", ""plot_track(start=0, end=100)"", ""write_equation('speed = distance / time')"", ""highlight('divide distance by time')""]",authored_clean_sample,val,An athlete runs 200 meters in 25 seconds. Find their average speed.,"From the formula, 20 m/s^2; speed is 100 divided by 5. as calculated.",Speed = Distance / Time = 100 m / 5 s = 20 m/s. The relationship is division of distance by elapsed time.,"Topic: Speed and Velocity (Distance-Time Relationship) | Question: An athlete runs 200 meters in 25 seconds. Find their average speed. | Student Response: From the formula, 20 m/s^2; speed is 100 divided by 5. as calculated.",UNIT_CONVERSION_ERROR
RESP-00066,PHY-MOT-MOTI-03,MOTION_SPEED_DISTANCE_TIME,Class 9,Motion,Speed and Velocity (Distance-Time Relationship),An athlete runs 200 meters in 25 seconds. Find their average speed.,Speed = Distance / Time = 100 m / 5 s = 20 m/s. The relationship is division of distance by elapsed time.,Step 1: calculate values. 20 m/s^2; speed is 100 divided by 5. That is the answer.,UNIT_CONVERSION_ERROR,unit_error,High,Used acceleration units m/s^2 for speed.,,True,motion_diagram,A straight road track of distance 100 meters marked with intervals. A runner completes the 100 m track in 5 seconds.,"Track(length=100m) | Stopwatch(t=5s) | Runner(position_start=0, position_end=100)","[""draw_axes(x_label='distance (m)', y_label='time (s)')"", ""plot_track(start=0, end=100)"", ""write_equation('speed = distance / time')"", ""highlight('divide distance by time')""]",authored_clean_sample,val,An athlete runs 200 meters in 25 seconds. Find their average speed.,Step 1: calculate values. 20 m/s^2; speed is 100 divided by 5. That is the answer.,Speed = Distance / Time = 100 m / 5 s = 20 m/s. The relationship is division of distance by elapsed time.,Topic: Speed and Velocity (Distance-Time Relationship) | Question: An athlete runs 200 meters in 25 seconds. Find their average speed. | Student Response: Step 1: calculate values. 20 m/s^2; speed is 100 divided by 5. That is the answer.,UNIT_CONVERSION_ERROR
RESP-00067,PHY-MOT-MOTI-03,MOTION_SPEED_DISTANCE_TIME,Class 9,Motion,Speed and Velocity (Distance-Time Relationship),An athlete runs 200 meters in 25 seconds. Find their average speed.,Speed = Distance / Time = 100 m / 5 s = 20 m/s. The relationship is division of distance by elapsed time.,"Looking at the diagram, 100 / 5 = 25 m/s..",CARELESS_CALCULATION_ERROR,calculation_slip,Medium,Arithmetic slip on division.,,True,motion_diagram,A straight road track of distance 100 meters marked with intervals. A runner completes the 100 m track in 5 seconds.,"Track(length=100m) | Stopwatch(t=5s) | Runner(position_start=0, position_end=100)","[""draw_axes(x_label='distance (m)', y_label='time (s)')"", ""plot_track(start=0, end=100)"", ""write_equation('speed = distance / time')"", ""highlight('divide distance by time')""]",authored_clean_sample,train,An athlete runs 200 meters in 25 seconds. Find their average speed.,"Looking at the diagram, 100 / 5 = 25 m/s..",Speed = Distance / Time = 100 m / 5 s = 20 m/s. The relationship is division of distance by elapsed time.,"Topic: Speed and Velocity (Distance-Time Relationship) | Question: An athlete runs 200 meters in 25 seconds. Find their average speed. | Student Response: Looking at the diagram, 100 / 5 = 25 m/s..",CARELESS_CALCULATION_ERROR
RESP-00068,PHY-MOT-MOTI-03,MOTION_SPEED_DISTANCE_TIME,Class 9,Motion,Speed and Velocity (Distance-Time Relationship),An athlete runs 200 meters in 25 seconds. Find their average speed.,Speed = Distance / Time = 100 m / 5 s = 20 m/s. The relationship is division of distance by elapsed time.,My answer is: 100 / 5 = 25 m/s..,CARELESS_CALCULATION_ERROR,calculation_slip,Medium,Arithmetic slip on division.,,True,motion_diagram,A straight road track of distance 100 meters marked with intervals. A runner completes the 100 m track in 5 seconds.,"Track(length=100m) | Stopwatch(t=5s) | Runner(position_start=0, position_end=100)","[""draw_axes(x_label='distance (m)', y_label='time (s)')"", ""plot_track(start=0, end=100)"", ""write_equation('speed = distance / time')"", ""highlight('divide distance by time')""]",authored_clean_sample,train,An athlete runs 200 meters in 25 seconds. Find their average speed.,My answer is: 100 / 5 = 25 m/s..,Speed = Distance / Time = 100 m / 5 s = 20 m/s. The relationship is division of distance by elapsed time.,Topic: Speed and Velocity (Distance-Time Relationship) | Question: An athlete runs 200 meters in 25 seconds. Find their average speed. | Student Response: My answer is: 100 / 5 = 25 m/s..,CARELESS_CALCULATION_ERROR
RESP-00069,PHY-MOT-MOTI-03,MOTION_SPEED_DISTANCE_TIME,Class 9,Motion,Speed and Velocity (Distance-Time Relationship),An athlete runs 200 meters in 25 seconds. Find their average speed.,Speed = Distance / Time = 100 m / 5 s = 20 m/s. The relationship is division of distance by elapsed time.,"Based on physical laws, 100 / 5 = 25 m/s..",CARELESS_CALCULATION_ERROR,calculation_slip,Medium,Arithmetic slip on division.,,True,motion_diagram,A straight road track of distance 100 meters marked with intervals. A runner completes the 100 m track in 5 seconds.,"Track(length=100m) | Stopwatch(t=5s) | Runner(position_start=0, position_end=100)","[""draw_axes(x_label='distance (m)', y_label='time (s)')"", ""plot_track(start=0, end=100)"", ""write_equation('speed = distance / time')"", ""highlight('divide distance by time')""]",authored_clean_sample,train,An athlete runs 200 meters in 25 seconds. Find their average speed.,"Based on physical laws, 100 / 5 = 25 m/s..",Speed = Distance / Time = 100 m / 5 s = 20 m/s. The relationship is division of distance by elapsed time.,"Topic: Speed and Velocity (Distance-Time Relationship) | Question: An athlete runs 200 meters in 25 seconds. Find their average speed. | Student Response: Based on physical laws, 100 / 5 = 25 m/s..",CARELESS_CALCULATION_ERROR
RESP-00070,PHY-MOT-MOTI-03,MOTION_SPEED_DISTANCE_TIME,Class 9,Motion,Speed and Velocity (Distance-Time Relationship),An athlete runs 200 meters in 25 seconds. Find their average speed.,Speed = Distance / Time = 100 m / 5 s = 20 m/s. The relationship is division of distance by elapsed time.,In class we learned that Around 50 m/s maybe..,UNSURE_INSUFFICIENT_EVIDENCE,guessing_unclear,Low,Vague guess without steps.,UNSURE_INSUFFICIENT_EVIDENCE,True,motion_diagram,A straight road track of distance 100 meters marked with intervals. A runner completes the 100 m track in 5 seconds.,"Track(length=100m) | Stopwatch(t=5s) | Runner(position_start=0, position_end=100)","[""draw_axes(x_label='distance (m)', y_label='time (s)')"", ""plot_track(start=0, end=100)"", ""write_equation('speed = distance / time')"", ""highlight('divide distance by time')""]",authored_clean_sample,train,An athlete runs 200 meters in 25 seconds. Find their average speed.,In class we learned that Around 50 m/s maybe..,Speed = Distance / Time = 100 m / 5 s = 20 m/s. The relationship is division of distance by elapsed time.,Topic: Speed and Velocity (Distance-Time Relationship) | Question: An athlete runs 200 meters in 25 seconds. Find their average speed. | Student Response: In class we learned that Around 50 m/s maybe..,UNSURE_INSUFFICIENT_EVIDENCE
RESP-00071,PHY-MOT-MOTI-03,MOTION_SPEED_DISTANCE_TIME,Class 9,Motion,Speed and Velocity (Distance-Time Relationship),An athlete runs 200 meters in 25 seconds. Find their average speed.,Speed = Distance / Time = 100 m / 5 s = 20 m/s. The relationship is division of distance by elapsed time.,Around 50 m/s maybe.,UNSURE_INSUFFICIENT_EVIDENCE,guessing_unclear,Low,Vague guess without steps.,UNSURE_INSUFFICIENT_EVIDENCE,True,motion_diagram,A straight road track of distance 100 meters marked with intervals. A runner completes the 100 m track in 5 seconds.,"Track(length=100m) | Stopwatch(t=5s) | Runner(position_start=0, position_end=100)","[""draw_axes(x_label='distance (m)', y_label='time (s)')"", ""plot_track(start=0, end=100)"", ""write_equation('speed = distance / time')"", ""highlight('divide distance by time')""]",authored_clean_sample,train,An athlete runs 200 meters in 25 seconds. Find their average speed.,Around 50 m/s maybe.,Speed = Distance / Time = 100 m / 5 s = 20 m/s. The relationship is division of distance by elapsed time.,Topic: Speed and Velocity (Distance-Time Relationship) | Question: An athlete runs 200 meters in 25 seconds. Find their average speed. | Student Response: Around 50 m/s maybe.,UNSURE_INSUFFICIENT_EVIDENCE
RESP-00072,PHY-MOT-MOTI-03,MOTION_SPEED_DISTANCE_TIME,Class 9,Motion,Speed and Velocity (Distance-Time Relationship),An athlete runs 200 meters in 25 seconds. Find their average speed.,Speed = Distance / Time = 100 m / 5 s = 20 m/s. The relationship is division of distance by elapsed time.,"From the formula, Around 50 m/s maybe. as calculated.",UNSURE_INSUFFICIENT_EVIDENCE,guessing_unclear,Low,Vague guess without steps.,UNSURE_INSUFFICIENT_EVIDENCE,True,motion_diagram,A straight road track of distance 100 meters marked with intervals. A runner completes the 100 m track in 5 seconds.,"Track(length=100m) | Stopwatch(t=5s) | Runner(position_start=0, position_end=100)","[""draw_axes(x_label='distance (m)', y_label='time (s)')"", ""plot_track(start=0, end=100)"", ""write_equation('speed = distance / time')"", ""highlight('divide distance by time')""]",authored_clean_sample,train,An athlete runs 200 meters in 25 seconds. Find their average speed.,"From the formula, Around 50 m/s maybe. as calculated.",Speed = Distance / Time = 100 m / 5 s = 20 m/s. The relationship is division of distance by elapsed time.,"Topic: Speed and Velocity (Distance-Time Relationship) | Question: An athlete runs 200 meters in 25 seconds. Find their average speed. | Student Response: From the formula, Around 50 m/s maybe. as calculated.",UNSURE_INSUFFICIENT_EVIDENCE
RESP-00073,PHY-MOT-MOTI-01,MOTION_SPEED_VS_ACCELERATION,Class 9,Motion,Acceleration vs Speed / Velocity,A car moves at a steady constant speed of 20 m/s for 10 seconds. What is the acceleration of the car?,"Acceleration is the rate of change of velocity: a = (v - u) / t. Because velocity is constant (v = u = 20 m/s), delta_v = 0, so acceleration is 0 m/s^2.","According to my working, Acceleration is 20 m/s^2 because it is moving fast at 20 m/s.",MISC-MOT-002: Speed-Acceleration Conflation,conceptual_misconception,High,"Conflates speed with acceleration, assuming high speed implies high acceleration.",,True,v_i_graph,Velocity-time graph: horizontal flat line at v = 20 m/s from t = 0 to t = 10 s.,Axes(v_vs_t) | HorizontalLine(v=20m/s) | Slope(zero),"[""draw_axes(x_label='time (s)', y_label='velocity (m/s)')"", ""plot_line(points=[(0,20), (10,20)], label='constant velocity')"", ""write_equation('a = (v - u) / t = 0')""]",curated_per_literature,train,A car moves at a steady constant speed of 20 m/s for 10 seconds. What is the acceleration of the car?,"According to my working, Acceleration is 20 m/s^2 because it is moving fast at 20 m/s.","Acceleration is the rate of change of velocity: a = (v - u) / t. Because velocity is constant (v = u = 20 m/s), delta_v = 0, so acceleration is 0 m/s^2.","Topic: Acceleration vs Speed / Velocity | Question: A car moves at a steady constant speed of 20 m/s for 10 seconds. What is the acceleration of the car? | Student Response: According to my working, Acceleration is 20 m/s^2 because it is moving fast at 20 m/s.",MISC-MOT-002: Speed-Acceleration Conflation
RESP-00074,PHY-MOT-MOTI-01,MOTION_SPEED_VS_ACCELERATION,Class 9,Motion,Acceleration vs Speed / Velocity,A car moves at a steady constant speed of 20 m/s for 10 seconds. What is the acceleration of the car?,"Acceleration is the rate of change of velocity: a = (v - u) / t. Because velocity is constant (v = u = 20 m/s), delta_v = 0, so acceleration is 0 m/s^2.","Looking at the diagram, Acceleration is 20 m/s^2 because it is moving fast at 20 m/s..",MISC-MOT-002: Speed-Acceleration Conflation,conceptual_misconception,High,"Conflates speed with acceleration, assuming high speed implies high acceleration.",,True,v_i_graph,Velocity-time graph: horizontal flat line at v = 20 m/s from t = 0 to t = 10 s.,Axes(v_vs_t) | HorizontalLine(v=20m/s) | Slope(zero),"[""draw_axes(x_label='time (s)', y_label='velocity (m/s)')"", ""plot_line(points=[(0,20), (10,20)], label='constant velocity')"", ""write_equation('a = (v - u) / t = 0')""]",curated_per_literature,train,A car moves at a steady constant speed of 20 m/s for 10 seconds. What is the acceleration of the car?,"Looking at the diagram, Acceleration is 20 m/s^2 because it is moving fast at 20 m/s..","Acceleration is the rate of change of velocity: a = (v - u) / t. Because velocity is constant (v = u = 20 m/s), delta_v = 0, so acceleration is 0 m/s^2.","Topic: Acceleration vs Speed / Velocity | Question: A car moves at a steady constant speed of 20 m/s for 10 seconds. What is the acceleration of the car? | Student Response: Looking at the diagram, Acceleration is 20 m/s^2 because it is moving fast at 20 m/s..",MISC-MOT-002: Speed-Acceleration Conflation
RESP-00075,PHY-MOT-MOTI-01,MOTION_SPEED_VS_ACCELERATION,Class 9,Motion,Acceleration vs Speed / Velocity,A car moves at a steady constant speed of 20 m/s for 10 seconds. What is the acceleration of the car?,"Acceleration is the rate of change of velocity: a = (v - u) / t. Because velocity is constant (v = u = 20 m/s), delta_v = 0, so acceleration is 0 m/s^2.",My answer is: Acceleration is 20 m/s^2 because it is moving fast at 20 m/s..,MISC-MOT-002: Speed-Acceleration Conflation,conceptual_misconception,High,"Conflates speed with acceleration, assuming high speed implies high acceleration.",,True,v_i_graph,Velocity-time graph: horizontal flat line at v = 20 m/s from t = 0 to t = 10 s.,Axes(v_vs_t) | HorizontalLine(v=20m/s) | Slope(zero),"[""draw_axes(x_label='time (s)', y_label='velocity (m/s)')"", ""plot_line(points=[(0,20), (10,20)], label='constant velocity')"", ""write_equation('a = (v - u) / t = 0')""]",curated_per_literature,train,A car moves at a steady constant speed of 20 m/s for 10 seconds. What is the acceleration of the car?,My answer is: Acceleration is 20 m/s^2 because it is moving fast at 20 m/s..,"Acceleration is the rate of change of velocity: a = (v - u) / t. Because velocity is constant (v = u = 20 m/s), delta_v = 0, so acceleration is 0 m/s^2.",Topic: Acceleration vs Speed / Velocity | Question: A car moves at a steady constant speed of 20 m/s for 10 seconds. What is the acceleration of the car? | Student Response: My answer is: Acceleration is 20 m/s^2 because it is moving fast at 20 m/s..,MISC-MOT-002: Speed-Acceleration Conflation
RESP-00076,PHY-MOT-MOTI-01,MOTION_SPEED_VS_ACCELERATION,Class 9,Motion,Acceleration vs Speed / Velocity,A car moves at a steady constant speed of 20 m/s for 10 seconds. What is the acceleration of the car?,"Acceleration is the rate of change of velocity: a = (v - u) / t. Because velocity is constant (v = u = 20 m/s), delta_v = 0, so acceleration is 0 m/s^2.","Based on physical laws, Acceleration is 20 m/s^2 because it is moving fast at 20 m/s..",MISC-MOT-002: Speed-Acceleration Conflation,conceptual_misconception,High,"Conflates speed with acceleration, assuming high speed implies high acceleration.",,True,v_i_graph,Velocity-time graph: horizontal flat line at v = 20 m/s from t = 0 to t = 10 s.,Axes(v_vs_t) | HorizontalLine(v=20m/s) | Slope(zero),"[""draw_axes(x_label='time (s)', y_label='velocity (m/s)')"", ""plot_line(points=[(0,20), (10,20)], label='constant velocity')"", ""write_equation('a = (v - u) / t = 0')""]",curated_per_literature,train,A car moves at a steady constant speed of 20 m/s for 10 seconds. What is the acceleration of the car?,"Based on physical laws, Acceleration is 20 m/s^2 because it is moving fast at 20 m/s..","Acceleration is the rate of change of velocity: a = (v - u) / t. Because velocity is constant (v = u = 20 m/s), delta_v = 0, so acceleration is 0 m/s^2.","Topic: Acceleration vs Speed / Velocity | Question: A car moves at a steady constant speed of 20 m/s for 10 seconds. What is the acceleration of the car? | Student Response: Based on physical laws, Acceleration is 20 m/s^2 because it is moving fast at 20 m/s..",MISC-MOT-002: Speed-Acceleration Conflation
RESP-00077,PHY-MOT-MOTI-01,MOTION_SPEED_VS_ACCELERATION,Class 9,Motion,Acceleration vs Speed / Velocity,A car moves at a steady constant speed of 20 m/s for 10 seconds. What is the acceleration of the car?,"Acceleration is the rate of change of velocity: a = (v - u) / t. Because velocity is constant (v = u = 20 m/s), delta_v = 0, so acceleration is 0 m/s^2.","According to my working, Acceleration is 20 m/s^2 because it is moving fast at 20 m/s.",MISC-MOT-002: Speed-Acceleration Conflation,conceptual_misconception,High,"Conflates speed with acceleration, assuming high speed implies high acceleration.",,True,v_i_graph,Velocity-time graph: horizontal flat line at v = 20 m/s from t = 0 to t = 10 s.,Axes(v_vs_t) | HorizontalLine(v=20m/s) | Slope(zero),"[""draw_axes(x_label='time (s)', y_label='velocity (m/s)')"", ""plot_line(points=[(0,20), (10,20)], label='constant velocity')"", ""write_equation('a = (v - u) / t = 0')""]",curated_per_literature,train,A car moves at a steady constant speed of 20 m/s for 10 seconds. What is the acceleration of the car?,"According to my working, Acceleration is 20 m/s^2 because it is moving fast at 20 m/s.","Acceleration is the rate of change of velocity: a = (v - u) / t. Because velocity is constant (v = u = 20 m/s), delta_v = 0, so acceleration is 0 m/s^2.","Topic: Acceleration vs Speed / Velocity | Question: A car moves at a steady constant speed of 20 m/s for 10 seconds. What is the acceleration of the car? | Student Response: According to my working, Acceleration is 20 m/s^2 because it is moving fast at 20 m/s.",MISC-MOT-002: Speed-Acceleration Conflation
RESP-00078,PHY-MOT-MOTI-01,MOTION_SPEED_VS_ACCELERATION,Class 9,Motion,Acceleration vs Speed / Velocity,A car moves at a steady constant speed of 20 m/s for 10 seconds. What is the acceleration of the car?,"Acceleration is the rate of change of velocity: a = (v - u) / t. Because velocity is constant (v = u = 20 m/s), delta_v = 0, so acceleration is 0 m/s^2.",In class we learned that Acceleration is 2 m/s^2 because 20 divided by 10 is 2..,MISC-MOT-002: Speed-Acceleration Conflation,conceptual_misconception,Medium,Divides speed by time without checking delta v.,,True,v_i_graph,Velocity-time graph: horizontal flat line at v = 20 m/s from t = 0 to t = 10 s.,Axes(v_vs_t) | HorizontalLine(v=20m/s) | Slope(zero),"[""draw_axes(x_label='time (s)', y_label='velocity (m/s)')"", ""plot_line(points=[(0,20), (10,20)], label='constant velocity')"", ""write_equation('a = (v - u) / t = 0')""]",curated_per_literature,train,A car moves at a steady constant speed of 20 m/s for 10 seconds. What is the acceleration of the car?,In class we learned that Acceleration is 2 m/s^2 because 20 divided by 10 is 2..,"Acceleration is the rate of change of velocity: a = (v - u) / t. Because velocity is constant (v = u = 20 m/s), delta_v = 0, so acceleration is 0 m/s^2.",Topic: Acceleration vs Speed / Velocity | Question: A car moves at a steady constant speed of 20 m/s for 10 seconds. What is the acceleration of the car? | Student Response: In class we learned that Acceleration is 2 m/s^2 because 20 divided by 10 is 2..,MISC-MOT-002: Speed-Acceleration Conflation
RESP-00079,PHY-MOT-MOTI-01,MOTION_SPEED_VS_ACCELERATION,Class 9,Motion,Acceleration vs Speed / Velocity,A car moves at a steady constant speed of 20 m/s for 10 seconds. What is the acceleration of the car?,"Acceleration is the rate of change of velocity: a = (v - u) / t. Because velocity is constant (v = u = 20 m/s), delta_v = 0, so acceleration is 0 m/s^2.",Acceleration is 2 m/s^2 because 20 divided by 10 is 2.,MISC-MOT-002: Speed-Acceleration Conflation,conceptual_misconception,Medium,Divides speed by time without checking delta v.,,True,v_i_graph,Velocity-time graph: horizontal flat line at v = 20 m/s from t = 0 to t = 10 s.,Axes(v_vs_t) | HorizontalLine(v=20m/s) | Slope(zero),"[""draw_axes(x_label='time (s)', y_label='velocity (m/s)')"", ""plot_line(points=[(0,20), (10,20)], label='constant velocity')"", ""write_equation('a = (v - u) / t = 0')""]",curated_per_literature,train,A car moves at a steady constant speed of 20 m/s for 10 seconds. What is the acceleration of the car?,Acceleration is 2 m/s^2 because 20 divided by 10 is 2.,"Acceleration is the rate of change of velocity: a = (v - u) / t. Because velocity is constant (v = u = 20 m/s), delta_v = 0, so acceleration is 0 m/s^2.",Topic: Acceleration vs Speed / Velocity | Question: A car moves at a steady constant speed of 20 m/s for 10 seconds. What is the acceleration of the car? | Student Response: Acceleration is 2 m/s^2 because 20 divided by 10 is 2.,MISC-MOT-002: Speed-Acceleration Conflation
RESP-00080,PHY-MOT-MOTI-01,MOTION_SPEED_VS_ACCELERATION,Class 9,Motion,Acceleration vs Speed / Velocity,A car moves at a steady constant speed of 20 m/s for 10 seconds. What is the acceleration of the car?,"Acceleration is the rate of change of velocity: a = (v - u) / t. Because velocity is constant (v = u = 20 m/s), delta_v = 0, so acceleration is 0 m/s^2.","From the formula, Acceleration is 2 m/s^2 because 20 divided by 10 is 2. as calculated.",MISC-MOT-002: Speed-Acceleration Conflation,conceptual_misconception,Medium,Divides speed by time without checking delta v.,,True,v_i_graph,Velocity-time graph: horizontal flat line at v = 20 m/s from t = 0 to t = 10 s.,Axes(v_vs_t) | HorizontalLine(v=20m/s) | Slope(zero),"[""draw_axes(x_label='time (s)', y_label='velocity (m/s)')"", ""plot_line(points=[(0,20), (10,20)], label='constant velocity')"", ""write_equation('a = (v - u) / t = 0')""]",curated_per_literature,train,A car moves at a steady constant speed of 20 m/s for 10 seconds. What is the acceleration of the car?,"From the formula, Acceleration is 2 m/s^2 because 20 divided by 10 is 2. as calculated.","Acceleration is the rate of change of velocity: a = (v - u) / t. Because velocity is constant (v = u = 20 m/s), delta_v = 0, so acceleration is 0 m/s^2.","Topic: Acceleration vs Speed / Velocity | Question: A car moves at a steady constant speed of 20 m/s for 10 seconds. What is the acceleration of the car? | Student Response: From the formula, Acceleration is 2 m/s^2 because 20 divided by 10 is 2. as calculated.",MISC-MOT-002: Speed-Acceleration Conflation
RESP-00081,PHY-MOT-MOTI-01,MOTION_SPEED_VS_ACCELERATION,Class 9,Motion,Acceleration vs Speed / Velocity,A car moves at a steady constant speed of 20 m/s for 10 seconds. What is the acceleration of the car?,"Acceleration is the rate of change of velocity: a = (v - u) / t. Because velocity is constant (v = u = 20 m/s), delta_v = 0, so acceleration is 0 m/s^2.",Step 1: calculate values. Acceleration is 2 m/s^2 because 20 divided by 10 is 2. That is the answer.,MISC-MOT-002: Speed-Acceleration Conflation,conceptual_misconception,Medium,Divides speed by time without checking delta v.,,True,v_i_graph,Velocity-time graph: horizontal flat line at v = 20 m/s from t = 0 to t = 10 s.,Axes(v_vs_t) | HorizontalLine(v=20m/s) | Slope(zero),"[""draw_axes(x_label='time (s)', y_label='velocity (m/s)')"", ""plot_line(points=[(0,20), (10,20)], label='constant velocity')"", ""write_equation('a = (v - u) / t = 0')""]",curated_per_literature,test,A car moves at a steady constant speed of 20 m/s for 10 seconds. What is the acceleration of the car?,Step 1: calculate values. Acceleration is 2 m/s^2 because 20 divided by 10 is 2. That is the answer.,"Acceleration is the rate of change of velocity: a = (v - u) / t. Because velocity is constant (v = u = 20 m/s), delta_v = 0, so acceleration is 0 m/s^2.",Topic: Acceleration vs Speed / Velocity | Question: A car moves at a steady constant speed of 20 m/s for 10 seconds. What is the acceleration of the car? | Student Response: Step 1: calculate values. Acceleration is 2 m/s^2 because 20 divided by 10 is 2. That is the answer.,MISC-MOT-002: Speed-Acceleration Conflation
RESP-00082,PHY-MOT-MOTI-01,MOTION_SPEED_VS_ACCELERATION,Class 9,Motion,Acceleration vs Speed / Velocity,A car moves at a steady constant speed of 20 m/s for 10 seconds. What is the acceleration of the car?,"Acceleration is the rate of change of velocity: a = (v - u) / t. Because velocity is constant (v = u = 20 m/s), delta_v = 0, so acceleration is 0 m/s^2.",In class we learned that Acceleration is 2 m/s^2 because 20 divided by 10 is 2..,MISC-MOT-002: Speed-Acceleration Conflation,conceptual_misconception,Medium,Divides speed by time without checking delta v.,,True,v_i_graph,Velocity-time graph: horizontal flat line at v = 20 m/s from t = 0 to t = 10 s.,Axes(v_vs_t) | HorizontalLine(v=20m/s) | Slope(zero),"[""draw_axes(x_label='time (s)', y_label='velocity (m/s)')"", ""plot_line(points=[(0,20), (10,20)], label='constant velocity')"", ""write_equation('a = (v - u) / t = 0')""]",curated_per_literature,test,A car moves at a steady constant speed of 20 m/s for 10 seconds. What is the acceleration of the car?,In class we learned that Acceleration is 2 m/s^2 because 20 divided by 10 is 2..,"Acceleration is the rate of change of velocity: a = (v - u) / t. Because velocity is constant (v = u = 20 m/s), delta_v = 0, so acceleration is 0 m/s^2.",Topic: Acceleration vs Speed / Velocity | Question: A car moves at a steady constant speed of 20 m/s for 10 seconds. What is the acceleration of the car? | Student Response: In class we learned that Acceleration is 2 m/s^2 because 20 divided by 10 is 2..,MISC-MOT-002: Speed-Acceleration Conflation
RESP-00083,PHY-MOT-MOTI-01,MOTION_SPEED_VS_ACCELERATION,Class 9,Motion,Acceleration vs Speed / Velocity,A car moves at a steady constant speed of 20 m/s for 10 seconds. What is the acceleration of the car?,"Acceleration is the rate of change of velocity: a = (v - u) / t. Because velocity is constant (v = u = 20 m/s), delta_v = 0, so acceleration is 0 m/s^2.","Looking at the diagram, 0 m/s^2 because velocity is constant, so change in velocity is zero..",CORRECT: Scientifically Accurate Response,no_error,High,Correct definition of acceleration as rate of velocity change.,,True,v_i_graph,Velocity-time graph: horizontal flat line at v = 20 m/s from t = 0 to t = 10 s.,Axes(v_vs_t) | HorizontalLine(v=20m/s) | Slope(zero),"[""draw_axes(x_label='time (s)', y_label='velocity (m/s)')"", ""plot_line(points=[(0,20), (10,20)], label='constant velocity')"", ""write_equation('a = (v - u) / t = 0')""]",authored_clean_sample,test,A car moves at a steady constant speed of 20 m/s for 10 seconds. What is the acceleration of the car?,"Looking at the diagram, 0 m/s^2 because velocity is constant, so change in velocity is zero..","Acceleration is the rate of change of velocity: a = (v - u) / t. Because velocity is constant (v = u = 20 m/s), delta_v = 0, so acceleration is 0 m/s^2.","Topic: Acceleration vs Speed / Velocity | Question: A car moves at a steady constant speed of 20 m/s for 10 seconds. What is the acceleration of the car? | Student Response: Looking at the diagram, 0 m/s^2 because velocity is constant, so change in velocity is zero..",CORRECT: Scientifically Accurate Response
RESP-00084,PHY-MOT-MOTI-01,MOTION_SPEED_VS_ACCELERATION,Class 9,Motion,Acceleration vs Speed / Velocity,A car moves at a steady constant speed of 20 m/s for 10 seconds. What is the acceleration of the car?,"Acceleration is the rate of change of velocity: a = (v - u) / t. Because velocity is constant (v = u = 20 m/s), delta_v = 0, so acceleration is 0 m/s^2.","My answer is: 0 m/s^2 because velocity is constant, so change in velocity is zero..",CORRECT: Scientifically Accurate Response,no_error,High,Correct definition of acceleration as rate of velocity change.,,True,v_i_graph,Velocity-time graph: horizontal flat line at v = 20 m/s from t = 0 to t = 10 s.,Axes(v_vs_t) | HorizontalLine(v=20m/s) | Slope(zero),"[""draw_axes(x_label='time (s)', y_label='velocity (m/s)')"", ""plot_line(points=[(0,20), (10,20)], label='constant velocity')"", ""write_equation('a = (v - u) / t = 0')""]",authored_clean_sample,val,A car moves at a steady constant speed of 20 m/s for 10 seconds. What is the acceleration of the car?,"My answer is: 0 m/s^2 because velocity is constant, so change in velocity is zero..","Acceleration is the rate of change of velocity: a = (v - u) / t. Because velocity is constant (v = u = 20 m/s), delta_v = 0, so acceleration is 0 m/s^2.","Topic: Acceleration vs Speed / Velocity | Question: A car moves at a steady constant speed of 20 m/s for 10 seconds. What is the acceleration of the car? | Student Response: My answer is: 0 m/s^2 because velocity is constant, so change in velocity is zero..",CORRECT: Scientifically Accurate Response
RESP-00085,PHY-MOT-MOTI-01,MOTION_SPEED_VS_ACCELERATION,Class 9,Motion,Acceleration vs Speed / Velocity,A car moves at a steady constant speed of 20 m/s for 10 seconds. What is the acceleration of the car?,"Acceleration is the rate of change of velocity: a = (v - u) / t. Because velocity is constant (v = u = 20 m/s), delta_v = 0, so acceleration is 0 m/s^2.","Based on physical laws, 0 m/s^2 because velocity is constant, so change in velocity is zero..",CORRECT: Scientifically Accurate Response,no_error,High,Correct definition of acceleration as rate of velocity change.,,True,v_i_graph,Velocity-time graph: horizontal flat line at v = 20 m/s from t = 0 to t = 10 s.,Axes(v_vs_t) | HorizontalLine(v=20m/s) | Slope(zero),"[""draw_axes(x_label='time (s)', y_label='velocity (m/s)')"", ""plot_line(points=[(0,20), (10,20)], label='constant velocity')"", ""write_equation('a = (v - u) / t = 0')""]",authored_clean_sample,val,A car moves at a steady constant speed of 20 m/s for 10 seconds. What is the acceleration of the car?,"Based on physical laws, 0 m/s^2 because velocity is constant, so change in velocity is zero..","Acceleration is the rate of change of velocity: a = (v - u) / t. Because velocity is constant (v = u = 20 m/s), delta_v = 0, so acceleration is 0 m/s^2.","Topic: Acceleration vs Speed / Velocity | Question: A car moves at a steady constant speed of 20 m/s for 10 seconds. What is the acceleration of the car? | Student Response: Based on physical laws, 0 m/s^2 because velocity is constant, so change in velocity is zero..",CORRECT: Scientifically Accurate Response
RESP-00086,PHY-MOT-MOTI-01,MOTION_SPEED_VS_ACCELERATION,Class 9,Motion,Acceleration vs Speed / Velocity,A car moves at a steady constant speed of 20 m/s for 10 seconds. What is the acceleration of the car?,"Acceleration is the rate of change of velocity: a = (v - u) / t. Because velocity is constant (v = u = 20 m/s), delta_v = 0, so acceleration is 0 m/s^2.","According to my working, 0 m/s^2 because velocity is constant, so change in velocity is zero.",CORRECT: Scientifically Accurate Response,no_error,High,Correct definition of acceleration as rate of velocity change.,,True,v_i_graph,Velocity-time graph: horizontal flat line at v = 20 m/s from t = 0 to t = 10 s.,Axes(v_vs_t) | HorizontalLine(v=20m/s) | Slope(zero),"[""draw_axes(x_label='time (s)', y_label='velocity (m/s)')"", ""plot_line(points=[(0,20), (10,20)], label='constant velocity')"", ""write_equation('a = (v - u) / t = 0')""]",authored_clean_sample,val,A car moves at a steady constant speed of 20 m/s for 10 seconds. What is the acceleration of the car?,"According to my working, 0 m/s^2 because velocity is constant, so change in velocity is zero.","Acceleration is the rate of change of velocity: a = (v - u) / t. Because velocity is constant (v = u = 20 m/s), delta_v = 0, so acceleration is 0 m/s^2.","Topic: Acceleration vs Speed / Velocity | Question: A car moves at a steady constant speed of 20 m/s for 10 seconds. What is the acceleration of the car? | Student Response: According to my working, 0 m/s^2 because velocity is constant, so change in velocity is zero.",CORRECT: Scientifically Accurate Response
RESP-00087,PHY-MOT-MOTI-01,MOTION_SPEED_VS_ACCELERATION,Class 9,Motion,Acceleration vs Speed / Velocity,A car moves at a steady constant speed of 20 m/s for 10 seconds. What is the acceleration of the car?,"Acceleration is the rate of change of velocity: a = (v - u) / t. Because velocity is constant (v = u = 20 m/s), delta_v = 0, so acceleration is 0 m/s^2.","Looking at the diagram, 0 m/s^2 because velocity is constant, so change in velocity is zero..",CORRECT: Scientifically Accurate Response,no_error,High,Correct definition of acceleration as rate of velocity change.,,True,v_i_graph,Velocity-time graph: horizontal flat line at v = 20 m/s from t = 0 to t = 10 s.,Axes(v_vs_t) | HorizontalLine(v=20m/s) | Slope(zero),"[""draw_axes(x_label='time (s)', y_label='velocity (m/s)')"", ""plot_line(points=[(0,20), (10,20)], label='constant velocity')"", ""write_equation('a = (v - u) / t = 0')""]",authored_clean_sample,train,A car moves at a steady constant speed of 20 m/s for 10 seconds. What is the acceleration of the car?,"Looking at the diagram, 0 m/s^2 because velocity is constant, so change in velocity is zero..","Acceleration is the rate of change of velocity: a = (v - u) / t. Because velocity is constant (v = u = 20 m/s), delta_v = 0, so acceleration is 0 m/s^2.","Topic: Acceleration vs Speed / Velocity | Question: A car moves at a steady constant speed of 20 m/s for 10 seconds. What is the acceleration of the car? | Student Response: Looking at the diagram, 0 m/s^2 because velocity is constant, so change in velocity is zero..",CORRECT: Scientifically Accurate Response
RESP-00088,PHY-MOT-MOTI-01,MOTION_SPEED_VS_ACCELERATION,Class 9,Motion,Acceleration vs Speed / Velocity,A car moves at a steady constant speed of 20 m/s for 10 seconds. What is the acceleration of the car?,"Acceleration is the rate of change of velocity: a = (v - u) / t. Because velocity is constant (v = u = 20 m/s), delta_v = 0, so acceleration is 0 m/s^2.",The car is stationary because slope is zero.,MISC-MOT-003: Graph Type Conflation (v-t vs s-t),conceptual_misconception,High,Treats velocity-time graph like distance-time graph.,,True,v_i_graph,Velocity-time graph: horizontal flat line at v = 20 m/s from t = 0 to t = 10 s.,Axes(v_vs_t) | HorizontalLine(v=20m/s) | Slope(zero),"[""draw_axes(x_label='time (s)', y_label='velocity (m/s)')"", ""plot_line(points=[(0,20), (10,20)], label='constant velocity')"", ""write_equation('a = (v - u) / t = 0')""]",curated_per_literature,train,A car moves at a steady constant speed of 20 m/s for 10 seconds. What is the acceleration of the car?,The car is stationary because slope is zero.,"Acceleration is the rate of change of velocity: a = (v - u) / t. Because velocity is constant (v = u = 20 m/s), delta_v = 0, so acceleration is 0 m/s^2.",Topic: Acceleration vs Speed / Velocity | Question: A car moves at a steady constant speed of 20 m/s for 10 seconds. What is the acceleration of the car? | Student Response: The car is stationary because slope is zero.,MISC-MOT-003: Graph Type Conflation (v-t vs s-t)
RESP-00089,PHY-MOT-MOTI-01,MOTION_SPEED_VS_ACCELERATION,Class 9,Motion,Acceleration vs Speed / Velocity,A car moves at a steady constant speed of 20 m/s for 10 seconds. What is the acceleration of the car?,"Acceleration is the rate of change of velocity: a = (v - u) / t. Because velocity is constant (v = u = 20 m/s), delta_v = 0, so acceleration is 0 m/s^2.","From the formula, The car is stationary because slope is zero. as calculated.",MISC-MOT-003: Graph Type Conflation (v-t vs s-t),conceptual_misconception,High,Treats velocity-time graph like distance-time graph.,,True,v_i_graph,Velocity-time graph: horizontal flat line at v = 20 m/s from t = 0 to t = 10 s.,Axes(v_vs_t) | HorizontalLine(v=20m/s) | Slope(zero),"[""draw_axes(x_label='time (s)', y_label='velocity (m/s)')"", ""plot_line(points=[(0,20), (10,20)], label='constant velocity')"", ""write_equation('a = (v - u) / t = 0')""]",curated_per_literature,train,A car moves at a steady constant speed of 20 m/s for 10 seconds. What is the acceleration of the car?,"From the formula, The car is stationary because slope is zero. as calculated.","Acceleration is the rate of change of velocity: a = (v - u) / t. Because velocity is constant (v = u = 20 m/s), delta_v = 0, so acceleration is 0 m/s^2.","Topic: Acceleration vs Speed / Velocity | Question: A car moves at a steady constant speed of 20 m/s for 10 seconds. What is the acceleration of the car? | Student Response: From the formula, The car is stationary because slope is zero. as calculated.",MISC-MOT-003: Graph Type Conflation (v-t vs s-t)
RESP-00090,PHY-MOT-MOTI-01,MOTION_SPEED_VS_ACCELERATION,Class 9,Motion,Acceleration vs Speed / Velocity,A car moves at a steady constant speed of 20 m/s for 10 seconds. What is the acceleration of the car?,"Acceleration is the rate of change of velocity: a = (v - u) / t. Because velocity is constant (v = u = 20 m/s), delta_v = 0, so acceleration is 0 m/s^2.",Step 1: calculate values. The car is stationary because slope is zero. That is the answer.,MISC-MOT-003: Graph Type Conflation (v-t vs s-t),conceptual_misconception,High,Treats velocity-time graph like distance-time graph.,,True,v_i_graph,Velocity-time graph: horizontal flat line at v = 20 m/s from t = 0 to t = 10 s.,Axes(v_vs_t) | HorizontalLine(v=20m/s) | Slope(zero),"[""draw_axes(x_label='time (s)', y_label='velocity (m/s)')"", ""plot_line(points=[(0,20), (10,20)], label='constant velocity')"", ""write_equation('a = (v - u) / t = 0')""]",curated_per_literature,train,A car moves at a steady constant speed of 20 m/s for 10 seconds. What is the acceleration of the car?,Step 1: calculate values. The car is stationary because slope is zero. That is the answer.,"Acceleration is the rate of change of velocity: a = (v - u) / t. Because velocity is constant (v = u = 20 m/s), delta_v = 0, so acceleration is 0 m/s^2.",Topic: Acceleration vs Speed / Velocity | Question: A car moves at a steady constant speed of 20 m/s for 10 seconds. What is the acceleration of the car? | Student Response: Step 1: calculate values. The car is stationary because slope is zero. That is the answer.,MISC-MOT-003: Graph Type Conflation (v-t vs s-t)
RESP-00091,PHY-MOT-MOTI-01,MOTION_SPEED_VS_ACCELERATION,Class 9,Motion,Acceleration vs Speed / Velocity,A car moves at a steady constant speed of 20 m/s for 10 seconds. What is the acceleration of the car?,"Acceleration is the rate of change of velocity: a = (v - u) / t. Because velocity is constant (v = u = 20 m/s), delta_v = 0, so acceleration is 0 m/s^2.",In class we learned that The car is stationary because slope is zero..,MISC-MOT-003: Graph Type Conflation (v-t vs s-t),conceptual_misconception,High,Treats velocity-time graph like distance-time graph.,,True,v_i_graph,Velocity-time graph: horizontal flat line at v = 20 m/s from t = 0 to t = 10 s.,Axes(v_vs_t) | HorizontalLine(v=20m/s) | Slope(zero),"[""draw_axes(x_label='time (s)', y_label='velocity (m/s)')"", ""plot_line(points=[(0,20), (10,20)], label='constant velocity')"", ""write_equation('a = (v - u) / t = 0')""]",curated_per_literature,train,A car moves at a steady constant speed of 20 m/s for 10 seconds. What is the acceleration of the car?,In class we learned that The car is stationary because slope is zero..,"Acceleration is the rate of change of velocity: a = (v - u) / t. Because velocity is constant (v = u = 20 m/s), delta_v = 0, so acceleration is 0 m/s^2.",Topic: Acceleration vs Speed / Velocity | Question: A car moves at a steady constant speed of 20 m/s for 10 seconds. What is the acceleration of the car? | Student Response: In class we learned that The car is stationary because slope is zero..,MISC-MOT-003: Graph Type Conflation (v-t vs s-t)
RESP-00092,PHY-MOT-MOTI-01,MOTION_SPEED_VS_ACCELERATION,Class 9,Motion,Acceleration vs Speed / Velocity,A car moves at a steady constant speed of 20 m/s for 10 seconds. What is the acceleration of the car?,"Acceleration is the rate of change of velocity: a = (v - u) / t. Because velocity is constant (v = u = 20 m/s), delta_v = 0, so acceleration is 0 m/s^2.",The car is stationary because slope is zero.,MISC-MOT-003: Graph Type Conflation (v-t vs s-t),conceptual_misconception,High,Treats velocity-time graph like distance-time graph.,,True,v_i_graph,Velocity-time graph: horizontal flat line at v = 20 m/s from t = 0 to t = 10 s.,Axes(v_vs_t) | HorizontalLine(v=20m/s) | Slope(zero),"[""draw_axes(x_label='time (s)', y_label='velocity (m/s)')"", ""plot_line(points=[(0,20), (10,20)], label='constant velocity')"", ""write_equation('a = (v - u) / t = 0')""]",curated_per_literature,train,A car moves at a steady constant speed of 20 m/s for 10 seconds. What is the acceleration of the car?,The car is stationary because slope is zero.,"Acceleration is the rate of change of velocity: a = (v - u) / t. Because velocity is constant (v = u = 20 m/s), delta_v = 0, so acceleration is 0 m/s^2.",Topic: Acceleration vs Speed / Velocity | Question: A car moves at a steady constant speed of 20 m/s for 10 seconds. What is the acceleration of the car? | Student Response: The car is stationary because slope is zero.,MISC-MOT-003: Graph Type Conflation (v-t vs s-t)
RESP-00093,PHY-MOT-MOTI-02,MOTION_SPEED_VS_ACCELERATION,Class 9,Motion,Acceleration vs Speed / Velocity,"Looking at the horizontal line on the velocity-time graph (v = 20 m/s), what is the acceleration of the vehicle?","Acceleration is the rate of change of velocity: a = (v - u) / t. Because velocity is constant (v = u = 20 m/s), delta_v = 0, so acceleration is 0 m/s^2.",My answer is: Acceleration is 20 m/s^2 because it is moving fast at 20 m/s..,MISC-MOT-002: Speed-Acceleration Conflation,conceptual_misconception,High,"Conflates speed with acceleration, assuming high speed implies high acceleration.",,True,v_i_graph,Velocity-time graph: horizontal flat line at v = 20 m/s from t = 0 to t = 10 s.,Axes(v_vs_t) | HorizontalLine(v=20m/s) | Slope(zero),"[""draw_axes(x_label='time (s)', y_label='velocity (m/s)')"", ""plot_line(points=[(0,20), (10,20)], label='constant velocity')"", ""write_equation('a = (v - u) / t = 0')""]",curated_per_literature,train,"Looking at the horizontal line on the velocity-time graph (v = 20 m/s), what is the acceleration of the vehicle?",My answer is: Acceleration is 20 m/s^2 because it is moving fast at 20 m/s..,"Acceleration is the rate of change of velocity: a = (v - u) / t. Because velocity is constant (v = u = 20 m/s), delta_v = 0, so acceleration is 0 m/s^2.","Topic: Acceleration vs Speed / Velocity | Question: Looking at the horizontal line on the velocity-time graph (v = 20 m/s), what is the acceleration of the vehicle? | Student Response: My answer is: Acceleration is 20 m/s^2 because it is moving fast at 20 m/s..",MISC-MOT-002: Speed-Acceleration Conflation
RESP-00094,PHY-MOT-MOTI-02,MOTION_SPEED_VS_ACCELERATION,Class 9,Motion,Acceleration vs Speed / Velocity,"Looking at the horizontal line on the velocity-time graph (v = 20 m/s), what is the acceleration of the vehicle?","Acceleration is the rate of change of velocity: a = (v - u) / t. Because velocity is constant (v = u = 20 m/s), delta_v = 0, so acceleration is 0 m/s^2.","Based on physical laws, Acceleration is 20 m/s^2 because it is moving fast at 20 m/s..",MISC-MOT-002: Speed-Acceleration Conflation,conceptual_misconception,High,"Conflates speed with acceleration, assuming high speed implies high acceleration.",,True,v_i_graph,Velocity-time graph: horizontal flat line at v = 20 m/s from t = 0 to t = 10 s.,Axes(v_vs_t) | HorizontalLine(v=20m/s) | Slope(zero),"[""draw_axes(x_label='time (s)', y_label='velocity (m/s)')"", ""plot_line(points=[(0,20), (10,20)], label='constant velocity')"", ""write_equation('a = (v - u) / t = 0')""]",curated_per_literature,train,"Looking at the horizontal line on the velocity-time graph (v = 20 m/s), what is the acceleration of the vehicle?","Based on physical laws, Acceleration is 20 m/s^2 because it is moving fast at 20 m/s..","Acceleration is the rate of change of velocity: a = (v - u) / t. Because velocity is constant (v = u = 20 m/s), delta_v = 0, so acceleration is 0 m/s^2.","Topic: Acceleration vs Speed / Velocity | Question: Looking at the horizontal line on the velocity-time graph (v = 20 m/s), what is the acceleration of the vehicle? | Student Response: Based on physical laws, Acceleration is 20 m/s^2 because it is moving fast at 20 m/s..",MISC-MOT-002: Speed-Acceleration Conflation
RESP-00095,PHY-MOT-MOTI-02,MOTION_SPEED_VS_ACCELERATION,Class 9,Motion,Acceleration vs Speed / Velocity,"Looking at the horizontal line on the velocity-time graph (v = 20 m/s), what is the acceleration of the vehicle?","Acceleration is the rate of change of velocity: a = (v - u) / t. Because velocity is constant (v = u = 20 m/s), delta_v = 0, so acceleration is 0 m/s^2.","According to my working, Acceleration is 20 m/s^2 because it is moving fast at 20 m/s.",MISC-MOT-002: Speed-Acceleration Conflation,conceptual_misconception,High,"Conflates speed with acceleration, assuming high speed implies high acceleration.",,True,v_i_graph,Velocity-time graph: horizontal flat line at v = 20 m/s from t = 0 to t = 10 s.,Axes(v_vs_t) | HorizontalLine(v=20m/s) | Slope(zero),"[""draw_axes(x_label='time (s)', y_label='velocity (m/s)')"", ""plot_line(points=[(0,20), (10,20)], label='constant velocity')"", ""write_equation('a = (v - u) / t = 0')""]",curated_per_literature,train,"Looking at the horizontal line on the velocity-time graph (v = 20 m/s), what is the acceleration of the vehicle?","According to my working, Acceleration is 20 m/s^2 because it is moving fast at 20 m/s.","Acceleration is the rate of change of velocity: a = (v - u) / t. Because velocity is constant (v = u = 20 m/s), delta_v = 0, so acceleration is 0 m/s^2.","Topic: Acceleration vs Speed / Velocity | Question: Looking at the horizontal line on the velocity-time graph (v = 20 m/s), what is the acceleration of the vehicle? | Student Response: According to my working, Acceleration is 20 m/s^2 because it is moving fast at 20 m/s.",MISC-MOT-002: Speed-Acceleration Conflation
RESP-00096,PHY-MOT-MOTI-02,MOTION_SPEED_VS_ACCELERATION,Class 9,Motion,Acceleration vs Speed / Velocity,"Looking at the horizontal line on the velocity-time graph (v = 20 m/s), what is the acceleration of the vehicle?","Acceleration is the rate of change of velocity: a = (v - u) / t. Because velocity is constant (v = u = 20 m/s), delta_v = 0, so acceleration is 0 m/s^2.","Looking at the diagram, Acceleration is 20 m/s^2 because it is moving fast at 20 m/s..",MISC-MOT-002: Speed-Acceleration Conflation,conceptual_misconception,High,"Conflates speed with acceleration, assuming high speed implies high acceleration.",,True,v_i_graph,Velocity-time graph: horizontal flat line at v = 20 m/s from t = 0 to t = 10 s.,Axes(v_vs_t) | HorizontalLine(v=20m/s) | Slope(zero),"[""draw_axes(x_label='time (s)', y_label='velocity (m/s)')"", ""plot_line(points=[(0,20), (10,20)], label='constant velocity')"", ""write_equation('a = (v - u) / t = 0')""]",curated_per_literature,train,"Looking at the horizontal line on the velocity-time graph (v = 20 m/s), what is the acceleration of the vehicle?","Looking at the diagram, Acceleration is 20 m/s^2 because it is moving fast at 20 m/s..","Acceleration is the rate of change of velocity: a = (v - u) / t. Because velocity is constant (v = u = 20 m/s), delta_v = 0, so acceleration is 0 m/s^2.","Topic: Acceleration vs Speed / Velocity | Question: Looking at the horizontal line on the velocity-time graph (v = 20 m/s), what is the acceleration of the vehicle? | Student Response: Looking at the diagram, Acceleration is 20 m/s^2 because it is moving fast at 20 m/s..",MISC-MOT-002: Speed-Acceleration Conflation
RESP-00097,PHY-MOT-MOTI-02,MOTION_SPEED_VS_ACCELERATION,Class 9,Motion,Acceleration vs Speed / Velocity,"Looking at the horizontal line on the velocity-time graph (v = 20 m/s), what is the acceleration of the vehicle?","Acceleration is the rate of change of velocity: a = (v - u) / t. Because velocity is constant (v = u = 20 m/s), delta_v = 0, so acceleration is 0 m/s^2.",My answer is: Acceleration is 20 m/s^2 because it is moving fast at 20 m/s..,MISC-MOT-002: Speed-Acceleration Conflation,conceptual_misconception,High,"Conflates speed with acceleration, assuming high speed implies high acceleration.",,True,v_i_graph,Velocity-time graph: horizontal flat line at v = 20 m/s from t = 0 to t = 10 s.,Axes(v_vs_t) | HorizontalLine(v=20m/s) | Slope(zero),"[""draw_axes(x_label='time (s)', y_label='velocity (m/s)')"", ""plot_line(points=[(0,20), (10,20)], label='constant velocity')"", ""write_equation('a = (v - u) / t = 0')""]",curated_per_literature,train,"Looking at the horizontal line on the velocity-time graph (v = 20 m/s), what is the acceleration of the vehicle?",My answer is: Acceleration is 20 m/s^2 because it is moving fast at 20 m/s..,"Acceleration is the rate of change of velocity: a = (v - u) / t. Because velocity is constant (v = u = 20 m/s), delta_v = 0, so acceleration is 0 m/s^2.","Topic: Acceleration vs Speed / Velocity | Question: Looking at the horizontal line on the velocity-time graph (v = 20 m/s), what is the acceleration of the vehicle? | Student Response: My answer is: Acceleration is 20 m/s^2 because it is moving fast at 20 m/s..",MISC-MOT-002: Speed-Acceleration Conflation
RESP-00098,PHY-MOT-MOTI-02,MOTION_SPEED_VS_ACCELERATION,Class 9,Motion,Acceleration vs Speed / Velocity,"Looking at the horizontal line on the velocity-time graph (v = 20 m/s), what is the acceleration of the vehicle?","Acceleration is the rate of change of velocity: a = (v - u) / t. Because velocity is constant (v = u = 20 m/s), delta_v = 0, so acceleration is 0 m/s^2.","From the formula, Acceleration is 2 m/s^2 because 20 divided by 10 is 2. as calculated.",MISC-MOT-002: Speed-Acceleration Conflation,conceptual_misconception,Medium,Divides speed by time without checking delta v.,,True,v_i_graph,Velocity-time graph: horizontal flat line at v = 20 m/s from t = 0 to t = 10 s.,Axes(v_vs_t) | HorizontalLine(v=20m/s) | Slope(zero),"[""draw_axes(x_label='time (s)', y_label='velocity (m/s)')"", ""plot_line(points=[(0,20), (10,20)], label='constant velocity')"", ""write_equation('a = (v - u) / t = 0')""]",curated_per_literature,train,"Looking at the horizontal line on the velocity-time graph (v = 20 m/s), what is the acceleration of the vehicle?","From the formula, Acceleration is 2 m/s^2 because 20 divided by 10 is 2. as calculated.","Acceleration is the rate of change of velocity: a = (v - u) / t. Because velocity is constant (v = u = 20 m/s), delta_v = 0, so acceleration is 0 m/s^2.","Topic: Acceleration vs Speed / Velocity | Question: Looking at the horizontal line on the velocity-time graph (v = 20 m/s), what is the acceleration of the vehicle? | Student Response: From the formula, Acceleration is 2 m/s^2 because 20 divided by 10 is 2. as calculated.",MISC-MOT-002: Speed-Acceleration Conflation
RESP-00099,PHY-MOT-MOTI-02,MOTION_SPEED_VS_ACCELERATION,Class 9,Motion,Acceleration vs Speed / Velocity,"Looking at the horizontal line on the velocity-time graph (v = 20 m/s), what is the acceleration of the vehicle?","Acceleration is the rate of change of velocity: a = (v - u) / t. Because velocity is constant (v = u = 20 m/s), delta_v = 0, so acceleration is 0 m/s^2.",Step 1: calculate values. Acceleration is 2 m/s^2 because 20 divided by 10 is 2. That is the answer.,MISC-MOT-002: Speed-Acceleration Conflation,conceptual_misconception,Medium,Divides speed by time without checking delta v.,,True,v_i_graph,Velocity-time graph: horizontal flat line at v = 20 m/s from t = 0 to t = 10 s.,Axes(v_vs_t) | HorizontalLine(v=20m/s) | Slope(zero),"[""draw_axes(x_label='time (s)', y_label='velocity (m/s)')"", ""plot_line(points=[(0,20), (10,20)], label='constant velocity')"", ""write_equation('a = (v - u) / t = 0')""]",curated_per_literature,train,"Looking at the horizontal line on the velocity-time graph (v = 20 m/s), what is the acceleration of the vehicle?",Step 1: calculate values. Acceleration is 2 m/s^2 because 20 divided by 10 is 2. That is the answer.,"Acceleration is the rate of change of velocity: a = (v - u) / t. Because velocity is constant (v = u = 20 m/s), delta_v = 0, so acceleration is 0 m/s^2.","Topic: Acceleration vs Speed / Velocity | Question: Looking at the horizontal line on the velocity-time graph (v = 20 m/s), what is the acceleration of the vehicle? | Student Response: Step 1: calculate values. Acceleration is 2 m/s^2 because 20 divided by 10 is 2. That is the answer.",MISC-MOT-002: Speed-Acceleration Conflation
RESP-00100,PHY-MOT-MOTI-02,MOTION_SPEED_VS_ACCELERATION,Class 9,Motion,Acceleration vs Speed / Velocity,"Looking at the horizontal line on the velocity-time graph (v = 20 m/s), what is the acceleration of the vehicle?","Acceleration is the rate of change of velocity: a = (v - u) / t. Because velocity is constant (v = u = 20 m/s), delta_v = 0, so acceleration is 0 m/s^2.",In class we learned that Acceleration is 2 m/s^2 because 20 divided by 10 is 2..,MISC-MOT-002: Speed-Acceleration Conflation,conceptual_misconception,Medium,Divides speed by time without checking delta v.,,True,v_i_graph,Velocity-time graph: horizontal flat line at v = 20 m/s from t = 0 to t = 10 s.,Axes(v_vs_t) | HorizontalLine(v=20m/s) | Slope(zero),"[""draw_axes(x_label='time (s)', y_label='velocity (m/s)')"", ""plot_line(points=[(0,20), (10,20)], label='constant velocity')"", ""write_equation('a = (v - u) / t = 0')""]",curated_per_literature,train,"Looking at the horizontal line on the velocity-time graph (v = 20 m/s), what is the acceleration of the vehicle?",In class we learned that Acceleration is 2 m/s^2 because 20 divided by 10 is 2..,"Acceleration is the rate of change of velocity: a = (v - u) / t. Because velocity is constant (v = u = 20 m/s), delta_v = 0, so acceleration is 0 m/s^2.","Topic: Acceleration vs Speed / Velocity | Question: Looking at the horizontal line on the velocity-time graph (v = 20 m/s), what is the acceleration of the vehicle? | Student Response: In class we learned that Acceleration is 2 m/s^2 because 20 divided by 10 is 2..",MISC-MOT-002: Speed-Acceleration Conflation
RESP-00101,PHY-MOT-MOTI-02,MOTION_SPEED_VS_ACCELERATION,Class 9,Motion,Acceleration vs Speed / Velocity,"Looking at the horizontal line on the velocity-time graph (v = 20 m/s), what is the acceleration of the vehicle?","Acceleration is the rate of change of velocity: a = (v - u) / t. Because velocity is constant (v = u = 20 m/s), delta_v = 0, so acceleration is 0 m/s^2.",Acceleration is 2 m/s^2 because 20 divided by 10 is 2.,MISC-MOT-002: Speed-Acceleration Conflation,conceptual_misconception,Medium,Divides speed by time without checking delta v.,,True,v_i_graph,Velocity-time graph: horizontal flat line at v = 20 m/s from t = 0 to t = 10 s.,Axes(v_vs_t) | HorizontalLine(v=20m/s) | Slope(zero),"[""draw_axes(x_label='time (s)', y_label='velocity (m/s)')"", ""plot_line(points=[(0,20), (10,20)], label='constant velocity')"", ""write_equation('a = (v - u) / t = 0')""]",curated_per_literature,test,"Looking at the horizontal line on the velocity-time graph (v = 20 m/s), what is the acceleration of the vehicle?",Acceleration is 2 m/s^2 because 20 divided by 10 is 2.,"Acceleration is the rate of change of velocity: a = (v - u) / t. Because velocity is constant (v = u = 20 m/s), delta_v = 0, so acceleration is 0 m/s^2.","Topic: Acceleration vs Speed / Velocity | Question: Looking at the horizontal line on the velocity-time graph (v = 20 m/s), what is the acceleration of the vehicle? | Student Response: Acceleration is 2 m/s^2 because 20 divided by 10 is 2.",MISC-MOT-002: Speed-Acceleration Conflation
RESP-00102,PHY-MOT-MOTI-02,MOTION_SPEED_VS_ACCELERATION,Class 9,Motion,Acceleration vs Speed / Velocity,"Looking at the horizontal line on the velocity-time graph (v = 20 m/s), what is the acceleration of the vehicle?","Acceleration is the rate of change of velocity: a = (v - u) / t. Because velocity is constant (v = u = 20 m/s), delta_v = 0, so acceleration is 0 m/s^2.","From the formula, Acceleration is 2 m/s^2 because 20 divided by 10 is 2. as calculated.",MISC-MOT-002: Speed-Acceleration Conflation,conceptual_misconception,Medium,Divides speed by time without checking delta v.,,True,v_i_graph,Velocity-time graph: horizontal flat line at v = 20 m/s from t = 0 to t = 10 s.,Axes(v_vs_t) | HorizontalLine(v=20m/s) | Slope(zero),"[""draw_axes(x_label='time (s)', y_label='velocity (m/s)')"", ""plot_line(points=[(0,20), (10,20)], label='constant velocity')"", ""write_equation('a = (v - u) / t = 0')""]",curated_per_literature,test,"Looking at the horizontal line on the velocity-time graph (v = 20 m/s), what is the acceleration of the vehicle?","From the formula, Acceleration is 2 m/s^2 because 20 divided by 10 is 2. as calculated.","Acceleration is the rate of change of velocity: a = (v - u) / t. Because velocity is constant (v = u = 20 m/s), delta_v = 0, so acceleration is 0 m/s^2.","Topic: Acceleration vs Speed / Velocity | Question: Looking at the horizontal line on the velocity-time graph (v = 20 m/s), what is the acceleration of the vehicle? | Student Response: From the formula, Acceleration is 2 m/s^2 because 20 divided by 10 is 2. as calculated.",MISC-MOT-002: Speed-Acceleration Conflation
RESP-00103,PHY-MOT-MOTI-02,MOTION_SPEED_VS_ACCELERATION,Class 9,Motion,Acceleration vs Speed / Velocity,"Looking at the horizontal line on the velocity-time graph (v = 20 m/s), what is the acceleration of the vehicle?","Acceleration is the rate of change of velocity: a = (v - u) / t. Because velocity is constant (v = u = 20 m/s), delta_v = 0, so acceleration is 0 m/s^2.","Based on physical laws, 0 m/s^2 because velocity is constant, so change in velocity is zero..",CORRECT: Scientifically Accurate Response,no_error,High,Correct definition of acceleration as rate of velocity change.,,True,v_i_graph,Velocity-time graph: horizontal flat line at v = 20 m/s from t = 0 to t = 10 s.,Axes(v_vs_t) | HorizontalLine(v=20m/s) | Slope(zero),"[""draw_axes(x_label='time (s)', y_label='velocity (m/s)')"", ""plot_line(points=[(0,20), (10,20)], label='constant velocity')"", ""write_equation('a = (v - u) / t = 0')""]",authored_clean_sample,test,"Looking at the horizontal line on the velocity-time graph (v = 20 m/s), what is the acceleration of the vehicle?","Based on physical laws, 0 m/s^2 because velocity is constant, so change in velocity is zero..","Acceleration is the rate of change of velocity: a = (v - u) / t. Because velocity is constant (v = u = 20 m/s), delta_v = 0, so acceleration is 0 m/s^2.","Topic: Acceleration vs Speed / Velocity | Question: Looking at the horizontal line on the velocity-time graph (v = 20 m/s), what is the acceleration of the vehicle? | Student Response: Based on physical laws, 0 m/s^2 because velocity is constant, so change in velocity is zero..",CORRECT: Scientifically Accurate Response
RESP-00104,PHY-MOT-MOTI-02,MOTION_SPEED_VS_ACCELERATION,Class 9,Motion,Acceleration vs Speed / Velocity,"Looking at the horizontal line on the velocity-time graph (v = 20 m/s), what is the acceleration of the vehicle?","Acceleration is the rate of change of velocity: a = (v - u) / t. Because velocity is constant (v = u = 20 m/s), delta_v = 0, so acceleration is 0 m/s^2.","According to my working, 0 m/s^2 because velocity is constant, so change in velocity is zero.",CORRECT: Scientifically Accurate Response,no_error,High,Correct definition of acceleration as rate of velocity change.,,True,v_i_graph,Velocity-time graph: horizontal flat line at v = 20 m/s from t = 0 to t = 10 s.,Axes(v_vs_t) | HorizontalLine(v=20m/s) | Slope(zero),"[""draw_axes(x_label='time (s)', y_label='velocity (m/s)')"", ""plot_line(points=[(0,20), (10,20)], label='constant velocity')"", ""write_equation('a = (v - u) / t = 0')""]",authored_clean_sample,val,"Looking at the horizontal line on the velocity-time graph (v = 20 m/s), what is the acceleration of the vehicle?","According to my working, 0 m/s^2 because velocity is constant, so change in velocity is zero.","Acceleration is the rate of change of velocity: a = (v - u) / t. Because velocity is constant (v = u = 20 m/s), delta_v = 0, so acceleration is 0 m/s^2.","Topic: Acceleration vs Speed / Velocity | Question: Looking at the horizontal line on the velocity-time graph (v = 20 m/s), what is the acceleration of the vehicle? | Student Response: According to my working, 0 m/s^2 because velocity is constant, so change in velocity is zero.",CORRECT: Scientifically Accurate Response
RESP-00105,PHY-MOT-MOTI-02,MOTION_SPEED_VS_ACCELERATION,Class 9,Motion,Acceleration vs Speed / Velocity,"Looking at the horizontal line on the velocity-time graph (v = 20 m/s), what is the acceleration of the vehicle?","Acceleration is the rate of change of velocity: a = (v - u) / t. Because velocity is constant (v = u = 20 m/s), delta_v = 0, so acceleration is 0 m/s^2.","Looking at the diagram, 0 m/s^2 because velocity is constant, so change in velocity is zero..",CORRECT: Scientifically Accurate Response,no_error,High,Correct definition of acceleration as rate of velocity change.,,True,v_i_graph,Velocity-time graph: horizontal flat line at v = 20 m/s from t = 0 to t = 10 s.,Axes(v_vs_t) | HorizontalLine(v=20m/s) | Slope(zero),"[""draw_axes(x_label='time (s)', y_label='velocity (m/s)')"", ""plot_line(points=[(0,20), (10,20)], label='constant velocity')"", ""write_equation('a = (v - u) / t = 0')""]",authored_clean_sample,val,"Looking at the horizontal line on the velocity-time graph (v = 20 m/s), what is the acceleration of the vehicle?","Looking at the diagram, 0 m/s^2 because velocity is constant, so change in velocity is zero..","Acceleration is the rate of change of velocity: a = (v - u) / t. Because velocity is constant (v = u = 20 m/s), delta_v = 0, so acceleration is 0 m/s^2.","Topic: Acceleration vs Speed / Velocity | Question: Looking at the horizontal line on the velocity-time graph (v = 20 m/s), what is the acceleration of the vehicle? | Student Response: Looking at the diagram, 0 m/s^2 because velocity is constant, so change in velocity is zero..",CORRECT: Scientifically Accurate Response
RESP-00106,PHY-MOT-MOTI-02,MOTION_SPEED_VS_ACCELERATION,Class 9,Motion,Acceleration vs Speed / Velocity,"Looking at the horizontal line on the velocity-time graph (v = 20 m/s), what is the acceleration of the vehicle?","Acceleration is the rate of change of velocity: a = (v - u) / t. Because velocity is constant (v = u = 20 m/s), delta_v = 0, so acceleration is 0 m/s^2.","My answer is: 0 m/s^2 because velocity is constant, so change in velocity is zero..",CORRECT: Scientifically Accurate Response,no_error,High,Correct definition of acceleration as rate of velocity change.,,True,v_i_graph,Velocity-time graph: horizontal flat line at v = 20 m/s from t = 0 to t = 10 s.,Axes(v_vs_t) | HorizontalLine(v=20m/s) | Slope(zero),"[""draw_axes(x_label='time (s)', y_label='velocity (m/s)')"", ""plot_line(points=[(0,20), (10,20)], label='constant velocity')"", ""write_equation('a = (v - u) / t = 0')""]",authored_clean_sample,val,"Looking at the horizontal line on the velocity-time graph (v = 20 m/s), what is the acceleration of the vehicle?","My answer is: 0 m/s^2 because velocity is constant, so change in velocity is zero..","Acceleration is the rate of change of velocity: a = (v - u) / t. Because velocity is constant (v = u = 20 m/s), delta_v = 0, so acceleration is 0 m/s^2.","Topic: Acceleration vs Speed / Velocity | Question: Looking at the horizontal line on the velocity-time graph (v = 20 m/s), what is the acceleration of the vehicle? | Student Response: My answer is: 0 m/s^2 because velocity is constant, so change in velocity is zero..",CORRECT: Scientifically Accurate Response
RESP-00107,PHY-MOT-MOTI-02,MOTION_SPEED_VS_ACCELERATION,Class 9,Motion,Acceleration vs Speed / Velocity,"Looking at the horizontal line on the velocity-time graph (v = 20 m/s), what is the acceleration of the vehicle?","Acceleration is the rate of change of velocity: a = (v - u) / t. Because velocity is constant (v = u = 20 m/s), delta_v = 0, so acceleration is 0 m/s^2.","Based on physical laws, 0 m/s^2 because velocity is constant, so change in velocity is zero..",CORRECT: Scientifically Accurate Response,no_error,High,Correct definition of acceleration as rate of velocity change.,,True,v_i_graph,Velocity-time graph: horizontal flat line at v = 20 m/s from t = 0 to t = 10 s.,Axes(v_vs_t) | HorizontalLine(v=20m/s) | Slope(zero),"[""draw_axes(x_label='time (s)', y_label='velocity (m/s)')"", ""plot_line(points=[(0,20), (10,20)], label='constant velocity')"", ""write_equation('a = (v - u) / t = 0')""]",authored_clean_sample,train,"Looking at the horizontal line on the velocity-time graph (v = 20 m/s), what is the acceleration of the vehicle?","Based on physical laws, 0 m/s^2 because velocity is constant, so change in velocity is zero..","Acceleration is the rate of change of velocity: a = (v - u) / t. Because velocity is constant (v = u = 20 m/s), delta_v = 0, so acceleration is 0 m/s^2.","Topic: Acceleration vs Speed / Velocity | Question: Looking at the horizontal line on the velocity-time graph (v = 20 m/s), what is the acceleration of the vehicle? | Student Response: Based on physical laws, 0 m/s^2 because velocity is constant, so change in velocity is zero..",CORRECT: Scientifically Accurate Response
RESP-00108,PHY-MOT-MOTI-02,MOTION_SPEED_VS_ACCELERATION,Class 9,Motion,Acceleration vs Speed / Velocity,"Looking at the horizontal line on the velocity-time graph (v = 20 m/s), what is the acceleration of the vehicle?","Acceleration is the rate of change of velocity: a = (v - u) / t. Because velocity is constant (v = u = 20 m/s), delta_v = 0, so acceleration is 0 m/s^2.",Step 1: calculate values. The car is stationary because slope is zero. That is the answer.,MISC-MOT-003: Graph Type Conflation (v-t vs s-t),conceptual_misconception,High,Treats velocity-time graph like distance-time graph.,,True,v_i_graph,Velocity-time graph: horizontal flat line at v = 20 m/s from t = 0 to t = 10 s.,Axes(v_vs_t) | HorizontalLine(v=20m/s) | Slope(zero),"[""draw_axes(x_label='time (s)', y_label='velocity (m/s)')"", ""plot_line(points=[(0,20), (10,20)], label='constant velocity')"", ""write_equation('a = (v - u) / t = 0')""]",curated_per_literature,train,"Looking at the horizontal line on the velocity-time graph (v = 20 m/s), what is the acceleration of the vehicle?",Step 1: calculate values. The car is stationary because slope is zero. That is the answer.,"Acceleration is the rate of change of velocity: a = (v - u) / t. Because velocity is constant (v = u = 20 m/s), delta_v = 0, so acceleration is 0 m/s^2.","Topic: Acceleration vs Speed / Velocity | Question: Looking at the horizontal line on the velocity-time graph (v = 20 m/s), what is the acceleration of the vehicle? | Student Response: Step 1: calculate values. The car is stationary because slope is zero. That is the answer.",MISC-MOT-003: Graph Type Conflation (v-t vs s-t)
RESP-00109,PHY-MOT-MOTI-02,MOTION_SPEED_VS_ACCELERATION,Class 9,Motion,Acceleration vs Speed / Velocity,"Looking at the horizontal line on the velocity-time graph (v = 20 m/s), what is the acceleration of the vehicle?","Acceleration is the rate of change of velocity: a = (v - u) / t. Because velocity is constant (v = u = 20 m/s), delta_v = 0, so acceleration is 0 m/s^2.",In class we learned that The car is stationary because slope is zero..,MISC-MOT-003: Graph Type Conflation (v-t vs s-t),conceptual_misconception,High,Treats velocity-time graph like distance-time graph.,,True,v_i_graph,Velocity-time graph: horizontal flat line at v = 20 m/s from t = 0 to t = 10 s.,Axes(v_vs_t) | HorizontalLine(v=20m/s) | Slope(zero),"[""draw_axes(x_label='time (s)', y_label='velocity (m/s)')"", ""plot_line(points=[(0,20), (10,20)], label='constant velocity')"", ""write_equation('a = (v - u) / t = 0')""]",curated_per_literature,train,"Looking at the horizontal line on the velocity-time graph (v = 20 m/s), what is the acceleration of the vehicle?",In class we learned that The car is stationary because slope is zero..,"Acceleration is the rate of change of velocity: a = (v - u) / t. Because velocity is constant (v = u = 20 m/s), delta_v = 0, so acceleration is 0 m/s^2.","Topic: Acceleration vs Speed / Velocity | Question: Looking at the horizontal line on the velocity-time graph (v = 20 m/s), what is the acceleration of the vehicle? | Student Response: In class we learned that The car is stationary because slope is zero..",MISC-MOT-003: Graph Type Conflation (v-t vs s-t)
RESP-00110,PHY-MOT-MOTI-02,MOTION_SPEED_VS_ACCELERATION,Class 9,Motion,Acceleration vs Speed / Velocity,"Looking at the horizontal line on the velocity-time graph (v = 20 m/s), what is the acceleration of the vehicle?","Acceleration is the rate of change of velocity: a = (v - u) / t. Because velocity is constant (v = u = 20 m/s), delta_v = 0, so acceleration is 0 m/s^2.",The car is stationary because slope is zero.,MISC-MOT-003: Graph Type Conflation (v-t vs s-t),conceptual_misconception,High,Treats velocity-time graph like distance-time graph.,,True,v_i_graph,Velocity-time graph: horizontal flat line at v = 20 m/s from t = 0 to t = 10 s.,Axes(v_vs_t) | HorizontalLine(v=20m/s) | Slope(zero),"[""draw_axes(x_label='time (s)', y_label='velocity (m/s)')"", ""plot_line(points=[(0,20), (10,20)], label='constant velocity')"", ""write_equation('a = (v - u) / t = 0')""]",curated_per_literature,train,"Looking at the horizontal line on the velocity-time graph (v = 20 m/s), what is the acceleration of the vehicle?",The car is stationary because slope is zero.,"Acceleration is the rate of change of velocity: a = (v - u) / t. Because velocity is constant (v = u = 20 m/s), delta_v = 0, so acceleration is 0 m/s^2.","Topic: Acceleration vs Speed / Velocity | Question: Looking at the horizontal line on the velocity-time graph (v = 20 m/s), what is the acceleration of the vehicle? | Student Response: The car is stationary because slope is zero.",MISC-MOT-003: Graph Type Conflation (v-t vs s-t)
RESP-00111,PHY-MOT-MOTI-02,MOTION_SPEED_VS_ACCELERATION,Class 9,Motion,Acceleration vs Speed / Velocity,"Looking at the horizontal line on the velocity-time graph (v = 20 m/s), what is the acceleration of the vehicle?","Acceleration is the rate of change of velocity: a = (v - u) / t. Because velocity is constant (v = u = 20 m/s), delta_v = 0, so acceleration is 0 m/s^2.","From the formula, The car is stationary because slope is zero. as calculated.",MISC-MOT-003: Graph Type Conflation (v-t vs s-t),conceptual_misconception,High,Treats velocity-time graph like distance-time graph.,,True,v_i_graph,Velocity-time graph: horizontal flat line at v = 20 m/s from t = 0 to t = 10 s.,Axes(v_vs_t) | HorizontalLine(v=20m/s) | Slope(zero),"[""draw_axes(x_label='time (s)', y_label='velocity (m/s)')"", ""plot_line(points=[(0,20), (10,20)], label='constant velocity')"", ""write_equation('a = (v - u) / t = 0')""]",curated_per_literature,train,"Looking at the horizontal line on the velocity-time graph (v = 20 m/s), what is the acceleration of the vehicle?","From the formula, The car is stationary because slope is zero. as calculated.","Acceleration is the rate of change of velocity: a = (v - u) / t. Because velocity is constant (v = u = 20 m/s), delta_v = 0, so acceleration is 0 m/s^2.","Topic: Acceleration vs Speed / Velocity | Question: Looking at the horizontal line on the velocity-time graph (v = 20 m/s), what is the acceleration of the vehicle? | Student Response: From the formula, The car is stationary because slope is zero. as calculated.",MISC-MOT-003: Graph Type Conflation (v-t vs s-t)
RESP-00112,PHY-MOT-MOTI-02,MOTION_SPEED_VS_ACCELERATION,Class 9,Motion,Acceleration vs Speed / Velocity,"Looking at the horizontal line on the velocity-time graph (v = 20 m/s), what is the acceleration of the vehicle?","Acceleration is the rate of change of velocity: a = (v - u) / t. Because velocity is constant (v = u = 20 m/s), delta_v = 0, so acceleration is 0 m/s^2.",Step 1: calculate values. The car is stationary because slope is zero. That is the answer.,MISC-MOT-003: Graph Type Conflation (v-t vs s-t),conceptual_misconception,High,Treats velocity-time graph like distance-time graph.,,True,v_i_graph,Velocity-time graph: horizontal flat line at v = 20 m/s from t = 0 to t = 10 s.,Axes(v_vs_t) | HorizontalLine(v=20m/s) | Slope(zero),"[""draw_axes(x_label='time (s)', y_label='velocity (m/s)')"", ""plot_line(points=[(0,20), (10,20)], label='constant velocity')"", ""write_equation('a = (v - u) / t = 0')""]",curated_per_literature,train,"Looking at the horizontal line on the velocity-time graph (v = 20 m/s), what is the acceleration of the vehicle?",Step 1: calculate values. The car is stationary because slope is zero. That is the answer.,"Acceleration is the rate of change of velocity: a = (v - u) / t. Because velocity is constant (v = u = 20 m/s), delta_v = 0, so acceleration is 0 m/s^2.","Topic: Acceleration vs Speed / Velocity | Question: Looking at the horizontal line on the velocity-time graph (v = 20 m/s), what is the acceleration of the vehicle? | Student Response: Step 1: calculate values. The car is stationary because slope is zero. That is the answer.",MISC-MOT-003: Graph Type Conflation (v-t vs s-t)
RESP-00113,PHY-MOT-MOTI-03,MOTION_SPEED_VS_ACCELERATION,Class 9,Motion,Acceleration vs Speed / Velocity,A train travels along a straight track at uniform velocity of 72 km/h. What is its acceleration?,"Acceleration is the rate of change of velocity: a = (v - u) / t. Because velocity is constant (v = u = 20 m/s), delta_v = 0, so acceleration is 0 m/s^2.","According to my working, Acceleration is 20 m/s^2 because it is moving fast at 20 m/s.",MISC-MOT-002: Speed-Acceleration Conflation,conceptual_misconception,High,"Conflates speed with acceleration, assuming high speed implies high acceleration.",,True,v_i_graph,Velocity-time graph: horizontal flat line at v = 20 m/s from t = 0 to t = 10 s.,Axes(v_vs_t) | HorizontalLine(v=20m/s) | Slope(zero),"[""draw_axes(x_label='time (s)', y_label='velocity (m/s)')"", ""plot_line(points=[(0,20), (10,20)], label='constant velocity')"", ""write_equation('a = (v - u) / t = 0')""]",curated_per_literature,train,A train travels along a straight track at uniform velocity of 72 km/h. What is its acceleration?,"According to my working, Acceleration is 20 m/s^2 because it is moving fast at 20 m/s.","Acceleration is the rate of change of velocity: a = (v - u) / t. Because velocity is constant (v = u = 20 m/s), delta_v = 0, so acceleration is 0 m/s^2.","Topic: Acceleration vs Speed / Velocity | Question: A train travels along a straight track at uniform velocity of 72 km/h. What is its acceleration? | Student Response: According to my working, Acceleration is 20 m/s^2 because it is moving fast at 20 m/s.",MISC-MOT-002: Speed-Acceleration Conflation
RESP-00114,PHY-MOT-MOTI-03,MOTION_SPEED_VS_ACCELERATION,Class 9,Motion,Acceleration vs Speed / Velocity,A train travels along a straight track at uniform velocity of 72 km/h. What is its acceleration?,"Acceleration is the rate of change of velocity: a = (v - u) / t. Because velocity is constant (v = u = 20 m/s), delta_v = 0, so acceleration is 0 m/s^2.","Looking at the diagram, Acceleration is 20 m/s^2 because it is moving fast at 20 m/s..",MISC-MOT-002: Speed-Acceleration Conflation,conceptual_misconception,High,"Conflates speed with acceleration, assuming high speed implies high acceleration.",,True,v_i_graph,Velocity-time graph: horizontal flat line at v = 20 m/s from t = 0 to t = 10 s.,Axes(v_vs_t) | HorizontalLine(v=20m/s) | Slope(zero),"[""draw_axes(x_label='time (s)', y_label='velocity (m/s)')"", ""plot_line(points=[(0,20), (10,20)], label='constant velocity')"", ""write_equation('a = (v - u) / t = 0')""]",curated_per_literature,train,A train travels along a straight track at uniform velocity of 72 km/h. What is its acceleration?,"Looking at the diagram, Acceleration is 20 m/s^2 because it is moving fast at 20 m/s..","Acceleration is the rate of change of velocity: a = (v - u) / t. Because velocity is constant (v = u = 20 m/s), delta_v = 0, so acceleration is 0 m/s^2.","Topic: Acceleration vs Speed / Velocity | Question: A train travels along a straight track at uniform velocity of 72 km/h. What is its acceleration? | Student Response: Looking at the diagram, Acceleration is 20 m/s^2 because it is moving fast at 20 m/s..",MISC-MOT-002: Speed-Acceleration Conflation
RESP-00115,PHY-MOT-MOTI-03,MOTION_SPEED_VS_ACCELERATION,Class 9,Motion,Acceleration vs Speed / Velocity,A train travels along a straight track at uniform velocity of 72 km/h. What is its acceleration?,"Acceleration is the rate of change of velocity: a = (v - u) / t. Because velocity is constant (v = u = 20 m/s), delta_v = 0, so acceleration is 0 m/s^2.",My answer is: Acceleration is 20 m/s^2 because it is moving fast at 20 m/s..,MISC-MOT-002: Speed-Acceleration Conflation,conceptual_misconception,High,"Conflates speed with acceleration, assuming high speed implies high acceleration.",,True,v_i_graph,Velocity-time graph: horizontal flat line at v = 20 m/s from t = 0 to t = 10 s.,Axes(v_vs_t) | HorizontalLine(v=20m/s) | Slope(zero),"[""draw_axes(x_label='time (s)', y_label='velocity (m/s)')"", ""plot_line(points=[(0,20), (10,20)], label='constant velocity')"", ""write_equation('a = (v - u) / t = 0')""]",curated_per_literature,train,A train travels along a straight track at uniform velocity of 72 km/h. What is its acceleration?,My answer is: Acceleration is 20 m/s^2 because it is moving fast at 20 m/s..,"Acceleration is the rate of change of velocity: a = (v - u) / t. Because velocity is constant (v = u = 20 m/s), delta_v = 0, so acceleration is 0 m/s^2.",Topic: Acceleration vs Speed / Velocity | Question: A train travels along a straight track at uniform velocity of 72 km/h. What is its acceleration? | Student Response: My answer is: Acceleration is 20 m/s^2 because it is moving fast at 20 m/s..,MISC-MOT-002: Speed-Acceleration Conflation
RESP-00116,PHY-MOT-MOTI-03,MOTION_SPEED_VS_ACCELERATION,Class 9,Motion,Acceleration vs Speed / Velocity,A train travels along a straight track at uniform velocity of 72 km/h. What is its acceleration?,"Acceleration is the rate of change of velocity: a = (v - u) / t. Because velocity is constant (v = u = 20 m/s), delta_v = 0, so acceleration is 0 m/s^2.","Based on physical laws, Acceleration is 20 m/s^2 because it is moving fast at 20 m/s..",MISC-MOT-002: Speed-Acceleration Conflation,conceptual_misconception,High,"Conflates speed with acceleration, assuming high speed implies high acceleration.",,True,v_i_graph,Velocity-time graph: horizontal flat line at v = 20 m/s from t = 0 to t = 10 s.,Axes(v_vs_t) | HorizontalLine(v=20m/s) | Slope(zero),"[""draw_axes(x_label='time (s)', y_label='velocity (m/s)')"", ""plot_line(points=[(0,20), (10,20)], label='constant velocity')"", ""write_equation('a = (v - u) / t = 0')""]",curated_per_literature,train,A train travels along a straight track at uniform velocity of 72 km/h. What is its acceleration?,"Based on physical laws, Acceleration is 20 m/s^2 because it is moving fast at 20 m/s..","Acceleration is the rate of change of velocity: a = (v - u) / t. Because velocity is constant (v = u = 20 m/s), delta_v = 0, so acceleration is 0 m/s^2.","Topic: Acceleration vs Speed / Velocity | Question: A train travels along a straight track at uniform velocity of 72 km/h. What is its acceleration? | Student Response: Based on physical laws, Acceleration is 20 m/s^2 because it is moving fast at 20 m/s..",MISC-MOT-002: Speed-Acceleration Conflation
RESP-00117,PHY-MOT-MOTI-03,MOTION_SPEED_VS_ACCELERATION,Class 9,Motion,Acceleration vs Speed / Velocity,A train travels along a straight track at uniform velocity of 72 km/h. What is its acceleration?,"Acceleration is the rate of change of velocity: a = (v - u) / t. Because velocity is constant (v = u = 20 m/s), delta_v = 0, so acceleration is 0 m/s^2.","According to my working, Acceleration is 20 m/s^2 because it is moving fast at 20 m/s.",MISC-MOT-002: Speed-Acceleration Conflation,conceptual_misconception,High,"Conflates speed with acceleration, assuming high speed implies high acceleration.",,True,v_i_graph,Velocity-time graph: horizontal flat line at v = 20 m/s from t = 0 to t = 10 s.,Axes(v_vs_t) | HorizontalLine(v=20m/s) | Slope(zero),"[""draw_axes(x_label='time (s)', y_label='velocity (m/s)')"", ""plot_line(points=[(0,20), (10,20)], label='constant velocity')"", ""write_equation('a = (v - u) / t = 0')""]",curated_per_literature,train,A train travels along a straight track at uniform velocity of 72 km/h. What is its acceleration?,"According to my working, Acceleration is 20 m/s^2 because it is moving fast at 20 m/s.","Acceleration is the rate of change of velocity: a = (v - u) / t. Because velocity is constant (v = u = 20 m/s), delta_v = 0, so acceleration is 0 m/s^2.","Topic: Acceleration vs Speed / Velocity | Question: A train travels along a straight track at uniform velocity of 72 km/h. What is its acceleration? | Student Response: According to my working, Acceleration is 20 m/s^2 because it is moving fast at 20 m/s.",MISC-MOT-002: Speed-Acceleration Conflation
RESP-00118,PHY-MOT-MOTI-03,MOTION_SPEED_VS_ACCELERATION,Class 9,Motion,Acceleration vs Speed / Velocity,A train travels along a straight track at uniform velocity of 72 km/h. What is its acceleration?,"Acceleration is the rate of change of velocity: a = (v - u) / t. Because velocity is constant (v = u = 20 m/s), delta_v = 0, so acceleration is 0 m/s^2.",In class we learned that Acceleration is 2 m/s^2 because 20 divided by 10 is 2..,MISC-MOT-002: Speed-Acceleration Conflation,conceptual_misconception,Medium,Divides speed by time without checking delta v.,,True,v_i_graph,Velocity-time graph: horizontal flat line at v = 20 m/s from t = 0 to t = 10 s.,Axes(v_vs_t) | HorizontalLine(v=20m/s) | Slope(zero),"[""draw_axes(x_label='time (s)', y_label='velocity (m/s)')"", ""plot_line(points=[(0,20), (10,20)], label='constant velocity')"", ""write_equation('a = (v - u) / t = 0')""]",curated_per_literature,train,A train travels along a straight track at uniform velocity of 72 km/h. What is its acceleration?,In class we learned that Acceleration is 2 m/s^2 because 20 divided by 10 is 2..,"Acceleration is the rate of change of velocity: a = (v - u) / t. Because velocity is constant (v = u = 20 m/s), delta_v = 0, so acceleration is 0 m/s^2.",Topic: Acceleration vs Speed / Velocity | Question: A train travels along a straight track at uniform velocity of 72 km/h. What is its acceleration? | Student Response: In class we learned that Acceleration is 2 m/s^2 because 20 divided by 10 is 2..,MISC-MOT-002: Speed-Acceleration Conflation
RESP-00119,PHY-MOT-MOTI-03,MOTION_SPEED_VS_ACCELERATION,Class 9,Motion,Acceleration vs Speed / Velocity,A train travels along a straight track at uniform velocity of 72 km/h. What is its acceleration?,"Acceleration is the rate of change of velocity: a = (v - u) / t. Because velocity is constant (v = u = 20 m/s), delta_v = 0, so acceleration is 0 m/s^2.",Acceleration is 2 m/s^2 because 20 divided by 10 is 2.,MISC-MOT-002: Speed-Acceleration Conflation,conceptual_misconception,Medium,Divides speed by time without checking delta v.,,True,v_i_graph,Velocity-time graph: horizontal flat line at v = 20 m/s from t = 0 to t = 10 s.,Axes(v_vs_t) | HorizontalLine(v=20m/s) | Slope(zero),"[""draw_axes(x_label='time (s)', y_label='velocity (m/s)')"", ""plot_line(points=[(0,20), (10,20)], label='constant velocity')"", ""write_equation('a = (v - u) / t = 0')""]",curated_per_literature,train,A train travels along a straight track at uniform velocity of 72 km/h. What is its acceleration?,Acceleration is 2 m/s^2 because 20 divided by 10 is 2.,"Acceleration is the rate of change of velocity: a = (v - u) / t. Because velocity is constant (v = u = 20 m/s), delta_v = 0, so acceleration is 0 m/s^2.",Topic: Acceleration vs Speed / Velocity | Question: A train travels along a straight track at uniform velocity of 72 km/h. What is its acceleration? | Student Response: Acceleration is 2 m/s^2 because 20 divided by 10 is 2.,MISC-MOT-002: Speed-Acceleration Conflation
RESP-00120,PHY-MOT-MOTI-03,MOTION_SPEED_VS_ACCELERATION,Class 9,Motion,Acceleration vs Speed / Velocity,A train travels along a straight track at uniform velocity of 72 km/h. What is its acceleration?,"Acceleration is the rate of change of velocity: a = (v - u) / t. Because velocity is constant (v = u = 20 m/s), delta_v = 0, so acceleration is 0 m/s^2.","From the formula, Acceleration is 2 m/s^2 because 20 divided by 10 is 2. as calculated.",MISC-MOT-002: Speed-Acceleration Conflation,conceptual_misconception,Medium,Divides speed by time without checking delta v.,,True,v_i_graph,Velocity-time graph: horizontal flat line at v = 20 m/s from t = 0 to t = 10 s.,Axes(v_vs_t) | HorizontalLine(v=20m/s) | Slope(zero),"[""draw_axes(x_label='time (s)', y_label='velocity (m/s)')"", ""plot_line(points=[(0,20), (10,20)], label='constant velocity')"", ""write_equation('a = (v - u) / t = 0')""]",curated_per_literature,train,A train travels along a straight track at uniform velocity of 72 km/h. What is its acceleration?,"From the formula, Acceleration is 2 m/s^2 because 20 divided by 10 is 2. as calculated.","Acceleration is the rate of change of velocity: a = (v - u) / t. Because velocity is constant (v = u = 20 m/s), delta_v = 0, so acceleration is 0 m/s^2.","Topic: Acceleration vs Speed / Velocity | Question: A train travels along a straight track at uniform velocity of 72 km/h. What is its acceleration? | Student Response: From the formula, Acceleration is 2 m/s^2 because 20 divided by 10 is 2. as calculated.",MISC-MOT-002: Speed-Acceleration Conflation
RESP-00121,PHY-MOT-MOTI-03,MOTION_SPEED_VS_ACCELERATION,Class 9,Motion,Acceleration vs Speed / Velocity,A train travels along a straight track at uniform velocity of 72 km/h. What is its acceleration?,"Acceleration is the rate of change of velocity: a = (v - u) / t. Because velocity is constant (v = u = 20 m/s), delta_v = 0, so acceleration is 0 m/s^2.",Step 1: calculate values. Acceleration is 2 m/s^2 because 20 divided by 10 is 2. That is the answer.,MISC-MOT-002: Speed-Acceleration Conflation,conceptual_misconception,Medium,Divides speed by time without checking delta v.,,True,v_i_graph,Velocity-time graph: horizontal flat line at v = 20 m/s from t = 0 to t = 10 s.,Axes(v_vs_t) | HorizontalLine(v=20m/s) | Slope(zero),"[""draw_axes(x_label='time (s)', y_label='velocity (m/s)')"", ""plot_line(points=[(0,20), (10,20)], label='constant velocity')"", ""write_equation('a = (v - u) / t = 0')""]",curated_per_literature,test,A train travels along a straight track at uniform velocity of 72 km/h. What is its acceleration?,Step 1: calculate values. Acceleration is 2 m/s^2 because 20 divided by 10 is 2. That is the answer.,"Acceleration is the rate of change of velocity: a = (v - u) / t. Because velocity is constant (v = u = 20 m/s), delta_v = 0, so acceleration is 0 m/s^2.",Topic: Acceleration vs Speed / Velocity | Question: A train travels along a straight track at uniform velocity of 72 km/h. What is its acceleration? | Student Response: Step 1: calculate values. Acceleration is 2 m/s^2 because 20 divided by 10 is 2. That is the answer.,MISC-MOT-002: Speed-Acceleration Conflation
RESP-00122,PHY-MOT-MOTI-03,MOTION_SPEED_VS_ACCELERATION,Class 9,Motion,Acceleration vs Speed / Velocity,A train travels along a straight track at uniform velocity of 72 km/h. What is its acceleration?,"Acceleration is the rate of change of velocity: a = (v - u) / t. Because velocity is constant (v = u = 20 m/s), delta_v = 0, so acceleration is 0 m/s^2.",In class we learned that Acceleration is 2 m/s^2 because 20 divided by 10 is 2..,MISC-MOT-002: Speed-Acceleration Conflation,conceptual_misconception,Medium,Divides speed by time without checking delta v.,,True,v_i_graph,Velocity-time graph: horizontal flat line at v = 20 m/s from t = 0 to t = 10 s.,Axes(v_vs_t) | HorizontalLine(v=20m/s) | Slope(zero),"[""draw_axes(x_label='time (s)', y_label='velocity (m/s)')"", ""plot_line(points=[(0,20), (10,20)], label='constant velocity')"", ""write_equation('a = (v - u) / t = 0')""]",curated_per_literature,test,A train travels along a straight track at uniform velocity of 72 km/h. What is its acceleration?,In class we learned that Acceleration is 2 m/s^2 because 20 divided by 10 is 2..,"Acceleration is the rate of change of velocity: a = (v - u) / t. Because velocity is constant (v = u = 20 m/s), delta_v = 0, so acceleration is 0 m/s^2.",Topic: Acceleration vs Speed / Velocity | Question: A train travels along a straight track at uniform velocity of 72 km/h. What is its acceleration? | Student Response: In class we learned that Acceleration is 2 m/s^2 because 20 divided by 10 is 2..,MISC-MOT-002: Speed-Acceleration Conflation
RESP-00123,PHY-MOT-MOTI-03,MOTION_SPEED_VS_ACCELERATION,Class 9,Motion,Acceleration vs Speed / Velocity,A train travels along a straight track at uniform velocity of 72 km/h. What is its acceleration?,"Acceleration is the rate of change of velocity: a = (v - u) / t. Because velocity is constant (v = u = 20 m/s), delta_v = 0, so acceleration is 0 m/s^2.","Looking at the diagram, 0 m/s^2 because velocity is constant, so change in velocity is zero..",CORRECT: Scientifically Accurate Response,no_error,High,Correct definition of acceleration as rate of velocity change.,,True,v_i_graph,Velocity-time graph: horizontal flat line at v = 20 m/s from t = 0 to t = 10 s.,Axes(v_vs_t) | HorizontalLine(v=20m/s) | Slope(zero),"[""draw_axes(x_label='time (s)', y_label='velocity (m/s)')"", ""plot_line(points=[(0,20), (10,20)], label='constant velocity')"", ""write_equation('a = (v - u) / t = 0')""]",authored_clean_sample,test,A train travels along a straight track at uniform velocity of 72 km/h. What is its acceleration?,"Looking at the diagram, 0 m/s^2 because velocity is constant, so change in velocity is zero..","Acceleration is the rate of change of velocity: a = (v - u) / t. Because velocity is constant (v = u = 20 m/s), delta_v = 0, so acceleration is 0 m/s^2.","Topic: Acceleration vs Speed / Velocity | Question: A train travels along a straight track at uniform velocity of 72 km/h. What is its acceleration? | Student Response: Looking at the diagram, 0 m/s^2 because velocity is constant, so change in velocity is zero..",CORRECT: Scientifically Accurate Response
RESP-00124,PHY-MOT-MOTI-03,MOTION_SPEED_VS_ACCELERATION,Class 9,Motion,Acceleration vs Speed / Velocity,A train travels along a straight track at uniform velocity of 72 km/h. What is its acceleration?,"Acceleration is the rate of change of velocity: a = (v - u) / t. Because velocity is constant (v = u = 20 m/s), delta_v = 0, so acceleration is 0 m/s^2.","My answer is: 0 m/s^2 because velocity is constant, so change in velocity is zero..",CORRECT: Scientifically Accurate Response,no_error,High,Correct definition of acceleration as rate of velocity change.,,True,v_i_graph,Velocity-time graph: horizontal flat line at v = 20 m/s from t = 0 to t = 10 s.,Axes(v_vs_t) | HorizontalLine(v=20m/s) | Slope(zero),"[""draw_axes(x_label='time (s)', y_label='velocity (m/s)')"", ""plot_line(points=[(0,20), (10,20)], label='constant velocity')"", ""write_equation('a = (v - u) / t = 0')""]",authored_clean_sample,val,A train travels along a straight track at uniform velocity of 72 km/h. What is its acceleration?,"My answer is: 0 m/s^2 because velocity is constant, so change in velocity is zero..","Acceleration is the rate of change of velocity: a = (v - u) / t. Because velocity is constant (v = u = 20 m/s), delta_v = 0, so acceleration is 0 m/s^2.","Topic: Acceleration vs Speed / Velocity | Question: A train travels along a straight track at uniform velocity of 72 km/h. What is its acceleration? | Student Response: My answer is: 0 m/s^2 because velocity is constant, so change in velocity is zero..",CORRECT: Scientifically Accurate Response
RESP-00125,PHY-MOT-MOTI-03,MOTION_SPEED_VS_ACCELERATION,Class 9,Motion,Acceleration vs Speed / Velocity,A train travels along a straight track at uniform velocity of 72 km/h. What is its acceleration?,"Acceleration is the rate of change of velocity: a = (v - u) / t. Because velocity is constant (v = u = 20 m/s), delta_v = 0, so acceleration is 0 m/s^2.","Based on physical laws, 0 m/s^2 because velocity is constant, so change in velocity is zero..",CORRECT: Scientifically Accurate Response,no_error,High,Correct definition of acceleration as rate of velocity change.,,True,v_i_graph,Velocity-time graph: horizontal flat line at v = 20 m/s from t = 0 to t = 10 s.,Axes(v_vs_t) | HorizontalLine(v=20m/s) | Slope(zero),"[""draw_axes(x_label='time (s)', y_label='velocity (m/s)')"", ""plot_line(points=[(0,20), (10,20)], label='constant velocity')"", ""write_equation('a = (v - u) / t = 0')""]",authored_clean_sample,val,A train travels along a straight track at uniform velocity of 72 km/h. What is its acceleration?,"Based on physical laws, 0 m/s^2 because velocity is constant, so change in velocity is zero..","Acceleration is the rate of change of velocity: a = (v - u) / t. Because velocity is constant (v = u = 20 m/s), delta_v = 0, so acceleration is 0 m/s^2.","Topic: Acceleration vs Speed / Velocity | Question: A train travels along a straight track at uniform velocity of 72 km/h. What is its acceleration? | Student Response: Based on physical laws, 0 m/s^2 because velocity is constant, so change in velocity is zero..",CORRECT: Scientifically Accurate Response
RESP-00126,PHY-MOT-MOTI-03,MOTION_SPEED_VS_ACCELERATION,Class 9,Motion,Acceleration vs Speed / Velocity,A train travels along a straight track at uniform velocity of 72 km/h. What is its acceleration?,"Acceleration is the rate of change of velocity: a = (v - u) / t. Because velocity is constant (v = u = 20 m/s), delta_v = 0, so acceleration is 0 m/s^2.","According to my working, 0 m/s^2 because velocity is constant, so change in velocity is zero.",CORRECT: Scientifically Accurate Response,no_error,High,Correct definition of acceleration as rate of velocity change.,,True,v_i_graph,Velocity-time graph: horizontal flat line at v = 20 m/s from t = 0 to t = 10 s.,Axes(v_vs_t) | HorizontalLine(v=20m/s) | Slope(zero),"[""draw_axes(x_label='time (s)', y_label='velocity (m/s)')"", ""plot_line(points=[(0,20), (10,20)], label='constant velocity')"", ""write_equation('a = (v - u) / t = 0')""]",authored_clean_sample,val,A train travels along a straight track at uniform velocity of 72 km/h. What is its acceleration?,"According to my working, 0 m/s^2 because velocity is constant, so change in velocity is zero.","Acceleration is the rate of change of velocity: a = (v - u) / t. Because velocity is constant (v = u = 20 m/s), delta_v = 0, so acceleration is 0 m/s^2.","Topic: Acceleration vs Speed / Velocity | Question: A train travels along a straight track at uniform velocity of 72 km/h. What is its acceleration? | Student Response: According to my working, 0 m/s^2 because velocity is constant, so change in velocity is zero.",CORRECT: Scientifically Accurate Response
RESP-00127,PHY-MOT-MOTI-03,MOTION_SPEED_VS_ACCELERATION,Class 9,Motion,Acceleration vs Speed / Velocity,A train travels along a straight track at uniform velocity of 72 km/h. What is its acceleration?,"Acceleration is the rate of change of velocity: a = (v - u) / t. Because velocity is constant (v = u = 20 m/s), delta_v = 0, so acceleration is 0 m/s^2.","Looking at the diagram, 0 m/s^2 because velocity is constant, so change in velocity is zero..",CORRECT: Scientifically Accurate Response,no_error,High,Correct definition of acceleration as rate of velocity change.,,True,v_i_graph,Velocity-time graph: horizontal flat line at v = 20 m/s from t = 0 to t = 10 s.,Axes(v_vs_t) | HorizontalLine(v=20m/s) | Slope(zero),"[""draw_axes(x_label='time (s)', y_label='velocity (m/s)')"", ""plot_line(points=[(0,20), (10,20)], label='constant velocity')"", ""write_equation('a = (v - u) / t = 0')""]",authored_clean_sample,train,A train travels along a straight track at uniform velocity of 72 km/h. What is its acceleration?,"Looking at the diagram, 0 m/s^2 because velocity is constant, so change in velocity is zero..","Acceleration is the rate of change of velocity: a = (v - u) / t. Because velocity is constant (v = u = 20 m/s), delta_v = 0, so acceleration is 0 m/s^2.","Topic: Acceleration vs Speed / Velocity | Question: A train travels along a straight track at uniform velocity of 72 km/h. What is its acceleration? | Student Response: Looking at the diagram, 0 m/s^2 because velocity is constant, so change in velocity is zero..",CORRECT: Scientifically Accurate Response
RESP-00128,PHY-MOT-MOTI-03,MOTION_SPEED_VS_ACCELERATION,Class 9,Motion,Acceleration vs Speed / Velocity,A train travels along a straight track at uniform velocity of 72 km/h. What is its acceleration?,"Acceleration is the rate of change of velocity: a = (v - u) / t. Because velocity is constant (v = u = 20 m/s), delta_v = 0, so acceleration is 0 m/s^2.",The car is stationary because slope is zero.,MISC-MOT-003: Graph Type Conflation (v-t vs s-t),conceptual_misconception,High,Treats velocity-time graph like distance-time graph.,,True,v_i_graph,Velocity-time graph: horizontal flat line at v = 20 m/s from t = 0 to t = 10 s.,Axes(v_vs_t) | HorizontalLine(v=20m/s) | Slope(zero),"[""draw_axes(x_label='time (s)', y_label='velocity (m/s)')"", ""plot_line(points=[(0,20), (10,20)], label='constant velocity')"", ""write_equation('a = (v - u) / t = 0')""]",curated_per_literature,train,A train travels along a straight track at uniform velocity of 72 km/h. What is its acceleration?,The car is stationary because slope is zero.,"Acceleration is the rate of change of velocity: a = (v - u) / t. Because velocity is constant (v = u = 20 m/s), delta_v = 0, so acceleration is 0 m/s^2.",Topic: Acceleration vs Speed / Velocity | Question: A train travels along a straight track at uniform velocity of 72 km/h. What is its acceleration? | Student Response: The car is stationary because slope is zero.,MISC-MOT-003: Graph Type Conflation (v-t vs s-t)
RESP-00129,PHY-MOT-MOTI-03,MOTION_SPEED_VS_ACCELERATION,Class 9,Motion,Acceleration vs Speed / Velocity,A train travels along a straight track at uniform velocity of 72 km/h. What is its acceleration?,"Acceleration is the rate of change of velocity: a = (v - u) / t. Because velocity is constant (v = u = 20 m/s), delta_v = 0, so acceleration is 0 m/s^2.","From the formula, The car is stationary because slope is zero. as calculated.",MISC-MOT-003: Graph Type Conflation (v-t vs s-t),conceptual_misconception,High,Treats velocity-time graph like distance-time graph.,,True,v_i_graph,Velocity-time graph: horizontal flat line at v = 20 m/s from t = 0 to t = 10 s.,Axes(v_vs_t) | HorizontalLine(v=20m/s) | Slope(zero),"[""draw_axes(x_label='time (s)', y_label='velocity (m/s)')"", ""plot_line(points=[(0,20), (10,20)], label='constant velocity')"", ""write_equation('a = (v - u) / t = 0')""]",curated_per_literature,train,A train travels along a straight track at uniform velocity of 72 km/h. What is its acceleration?,"From the formula, The car is stationary because slope is zero. as calculated.","Acceleration is the rate of change of velocity: a = (v - u) / t. Because velocity is constant (v = u = 20 m/s), delta_v = 0, so acceleration is 0 m/s^2.","Topic: Acceleration vs Speed / Velocity | Question: A train travels along a straight track at uniform velocity of 72 km/h. What is its acceleration? | Student Response: From the formula, The car is stationary because slope is zero. as calculated.",MISC-MOT-003: Graph Type Conflation (v-t vs s-t)
RESP-00130,PHY-MOT-MOTI-03,MOTION_SPEED_VS_ACCELERATION,Class 9,Motion,Acceleration vs Speed / Velocity,A train travels along a straight track at uniform velocity of 72 km/h. What is its acceleration?,"Acceleration is the rate of change of velocity: a = (v - u) / t. Because velocity is constant (v = u = 20 m/s), delta_v = 0, so acceleration is 0 m/s^2.",Step 1: calculate values. The car is stationary because slope is zero. That is the answer.,MISC-MOT-003: Graph Type Conflation (v-t vs s-t),conceptual_misconception,High,Treats velocity-time graph like distance-time graph.,,True,v_i_graph,Velocity-time graph: horizontal flat line at v = 20 m/s from t = 0 to t = 10 s.,Axes(v_vs_t) | HorizontalLine(v=20m/s) | Slope(zero),"[""draw_axes(x_label='time (s)', y_label='velocity (m/s)')"", ""plot_line(points=[(0,20), (10,20)], label='constant velocity')"", ""write_equation('a = (v - u) / t = 0')""]",curated_per_literature,train,A train travels along a straight track at uniform velocity of 72 km/h. What is its acceleration?,Step 1: calculate values. The car is stationary because slope is zero. That is the answer.,"Acceleration is the rate of change of velocity: a = (v - u) / t. Because velocity is constant (v = u = 20 m/s), delta_v = 0, so acceleration is 0 m/s^2.",Topic: Acceleration vs Speed / Velocity | Question: A train travels along a straight track at uniform velocity of 72 km/h. What is its acceleration? | Student Response: Step 1: calculate values. The car is stationary because slope is zero. That is the answer.,MISC-MOT-003: Graph Type Conflation (v-t vs s-t)
RESP-00131,PHY-MOT-MOTI-03,MOTION_SPEED_VS_ACCELERATION,Class 9,Motion,Acceleration vs Speed / Velocity,A train travels along a straight track at uniform velocity of 72 km/h. What is its acceleration?,"Acceleration is the rate of change of velocity: a = (v - u) / t. Because velocity is constant (v = u = 20 m/s), delta_v = 0, so acceleration is 0 m/s^2.",In class we learned that The car is stationary because slope is zero..,MISC-MOT-003: Graph Type Conflation (v-t vs s-t),conceptual_misconception,High,Treats velocity-time graph like distance-time graph.,,True,v_i_graph,Velocity-time graph: horizontal flat line at v = 20 m/s from t = 0 to t = 10 s.,Axes(v_vs_t) | HorizontalLine(v=20m/s) | Slope(zero),"[""draw_axes(x_label='time (s)', y_label='velocity (m/s)')"", ""plot_line(points=[(0,20), (10,20)], label='constant velocity')"", ""write_equation('a = (v - u) / t = 0')""]",curated_per_literature,train,A train travels along a straight track at uniform velocity of 72 km/h. What is its acceleration?,In class we learned that The car is stationary because slope is zero..,"Acceleration is the rate of change of velocity: a = (v - u) / t. Because velocity is constant (v = u = 20 m/s), delta_v = 0, so acceleration is 0 m/s^2.",Topic: Acceleration vs Speed / Velocity | Question: A train travels along a straight track at uniform velocity of 72 km/h. What is its acceleration? | Student Response: In class we learned that The car is stationary because slope is zero..,MISC-MOT-003: Graph Type Conflation (v-t vs s-t)
RESP-00132,PHY-MOT-MOTI-03,MOTION_SPEED_VS_ACCELERATION,Class 9,Motion,Acceleration vs Speed / Velocity,A train travels along a straight track at uniform velocity of 72 km/h. What is its acceleration?,"Acceleration is the rate of change of velocity: a = (v - u) / t. Because velocity is constant (v = u = 20 m/s), delta_v = 0, so acceleration is 0 m/s^2.",The car is stationary because slope is zero.,MISC-MOT-003: Graph Type Conflation (v-t vs s-t),conceptual_misconception,High,Treats velocity-time graph like distance-time graph.,,True,v_i_graph,Velocity-time graph: horizontal flat line at v = 20 m/s from t = 0 to t = 10 s.,Axes(v_vs_t) | HorizontalLine(v=20m/s) | Slope(zero),"[""draw_axes(x_label='time (s)', y_label='velocity (m/s)')"", ""plot_line(points=[(0,20), (10,20)], label='constant velocity')"", ""write_equation('a = (v - u) / t = 0')""]",curated_per_literature,train,A train travels along a straight track at uniform velocity of 72 km/h. What is its acceleration?,The car is stationary because slope is zero.,"Acceleration is the rate of change of velocity: a = (v - u) / t. Because velocity is constant (v = u = 20 m/s), delta_v = 0, so acceleration is 0 m/s^2.",Topic: Acceleration vs Speed / Velocity | Question: A train travels along a straight track at uniform velocity of 72 km/h. What is its acceleration? | Student Response: The car is stationary because slope is zero.,MISC-MOT-003: Graph Type Conflation (v-t vs s-t)
RESP-00133,PHY-FOR-FORC-01,FORCE_NEWTON_FIRST_LAW,Class 9,Force and Laws of Motion,Inertia and Force Requirement for Motion,A hockey puck slides on a frictionless ice surface at a constant velocity of 5 m/s. What net horizontal force is required to keep it moving at this constant speed?,"Net force required is 0 N. According to Newton's First Law of Motion, an object in motion continues to move at constant velocity unless acted upon by an external net unbalanced force. Frictionless surface means no force is needed to sustain motion.","My answer is: A continuous forward force is required, otherwise the puck will immediately stop moving..",MISC-FOR-001: Impetus Theory / Continuous Force Fallacy,conceptual_misconception,High,Believes force is required to maintain motion.,,True,motion_diagram,Hockey puck sliding across completely frictionless horizontal ice sheet at constant speed v to the right.,"Puck | FrictionlessSurface | VelocityVector(v, right) | NetForce(zero)","[""draw_surface(type='frictionless_ice')"", ""draw_puck(x=200, y=100)"", ""draw_velocity_vector(speed=10, direction='right')"", ""write_equation('F_net = 0 => a = 0 => constant velocity')""]",curated_per_literature,train,A hockey puck slides on a frictionless ice surface at a constant velocity of 5 m/s. What net horizontal force is required to keep it moving at this constant speed?,"My answer is: A continuous forward force is required, otherwise the puck will immediately stop moving..","Net force required is 0 N. According to Newton's First Law of Motion, an object in motion continues to move at constant velocity unless acted upon by an external net unbalanced force. Frictionless surface means no force is needed to sustain motion.","Topic: Inertia and Force Requirement for Motion | Question: A hockey puck slides on a frictionless ice surface at a constant velocity of 5 m/s. What net horizontal force is required to keep it moving at this constant speed? | Student Response: My answer is: A continuous forward force is required, otherwise the puck will immediately stop moving..",MISC-FOR-001: Impetus Theory / Continuous Force Fallacy
RESP-00134,PHY-FOR-FORC-01,FORCE_NEWTON_FIRST_LAW,Class 9,Force and Laws of Motion,Inertia and Force Requirement for Motion,A hockey puck slides on a frictionless ice surface at a constant velocity of 5 m/s. What net horizontal force is required to keep it moving at this constant speed?,"Net force required is 0 N. According to Newton's First Law of Motion, an object in motion continues to move at constant velocity unless acted upon by an external net unbalanced force. Frictionless surface means no force is needed to sustain motion.","Based on physical laws, A continuous forward force is required, otherwise the puck will immediately stop moving..",MISC-FOR-001: Impetus Theory / Continuous Force Fallacy,conceptual_misconception,High,Believes force is required to maintain motion.,,True,motion_diagram,Hockey puck sliding across completely frictionless horizontal ice sheet at constant speed v to the right.,"Puck | FrictionlessSurface | VelocityVector(v, right) | NetForce(zero)","[""draw_surface(type='frictionless_ice')"", ""draw_puck(x=200, y=100)"", ""draw_velocity_vector(speed=10, direction='right')"", ""write_equation('F_net = 0 => a = 0 => constant velocity')""]",curated_per_literature,train,A hockey puck slides on a frictionless ice surface at a constant velocity of 5 m/s. What net horizontal force is required to keep it moving at this constant speed?,"Based on physical laws, A continuous forward force is required, otherwise the puck will immediately stop moving..","Net force required is 0 N. According to Newton's First Law of Motion, an object in motion continues to move at constant velocity unless acted upon by an external net unbalanced force. Frictionless surface means no force is needed to sustain motion.","Topic: Inertia and Force Requirement for Motion | Question: A hockey puck slides on a frictionless ice surface at a constant velocity of 5 m/s. What net horizontal force is required to keep it moving at this constant speed? | Student Response: Based on physical laws, A continuous forward force is required, otherwise the puck will immediately stop moving..",MISC-FOR-001: Impetus Theory / Continuous Force Fallacy
RESP-00135,PHY-FOR-FORC-01,FORCE_NEWTON_FIRST_LAW,Class 9,Force and Laws of Motion,Inertia and Force Requirement for Motion,A hockey puck slides on a frictionless ice surface at a constant velocity of 5 m/s. What net horizontal force is required to keep it moving at this constant speed?,"Net force required is 0 N. According to Newton's First Law of Motion, an object in motion continues to move at constant velocity unless acted upon by an external net unbalanced force. Frictionless surface means no force is needed to sustain motion.","According to my working, A continuous forward force is required, otherwise the puck will immediately stop moving.",MISC-FOR-001: Impetus Theory / Continuous Force Fallacy,conceptual_misconception,High,Believes force is required to maintain motion.,,True,motion_diagram,Hockey puck sliding across completely frictionless horizontal ice sheet at constant speed v to the right.,"Puck | FrictionlessSurface | VelocityVector(v, right) | NetForce(zero)","[""draw_surface(type='frictionless_ice')"", ""draw_puck(x=200, y=100)"", ""draw_velocity_vector(speed=10, direction='right')"", ""write_equation('F_net = 0 => a = 0 => constant velocity')""]",curated_per_literature,train,A hockey puck slides on a frictionless ice surface at a constant velocity of 5 m/s. What net horizontal force is required to keep it moving at this constant speed?,"According to my working, A continuous forward force is required, otherwise the puck will immediately stop moving.","Net force required is 0 N. According to Newton's First Law of Motion, an object in motion continues to move at constant velocity unless acted upon by an external net unbalanced force. Frictionless surface means no force is needed to sustain motion.","Topic: Inertia and Force Requirement for Motion | Question: A hockey puck slides on a frictionless ice surface at a constant velocity of 5 m/s. What net horizontal force is required to keep it moving at this constant speed? | Student Response: According to my working, A continuous forward force is required, otherwise the puck will immediately stop moving.",MISC-FOR-001: Impetus Theory / Continuous Force Fallacy
RESP-00136,PHY-FOR-FORC-01,FORCE_NEWTON_FIRST_LAW,Class 9,Force and Laws of Motion,Inertia and Force Requirement for Motion,A hockey puck slides on a frictionless ice surface at a constant velocity of 5 m/s. What net horizontal force is required to keep it moving at this constant speed?,"Net force required is 0 N. According to Newton's First Law of Motion, an object in motion continues to move at constant velocity unless acted upon by an external net unbalanced force. Frictionless surface means no force is needed to sustain motion.","Looking at the diagram, A continuous forward force is required, otherwise the puck will immediately stop moving..",MISC-FOR-001: Impetus Theory / Continuous Force Fallacy,conceptual_misconception,High,Believes force is required to maintain motion.,,True,motion_diagram,Hockey puck sliding across completely frictionless horizontal ice sheet at constant speed v to the right.,"Puck | FrictionlessSurface | VelocityVector(v, right) | NetForce(zero)","[""draw_surface(type='frictionless_ice')"", ""draw_puck(x=200, y=100)"", ""draw_velocity_vector(speed=10, direction='right')"", ""write_equation('F_net = 0 => a = 0 => constant velocity')""]",curated_per_literature,train,A hockey puck slides on a frictionless ice surface at a constant velocity of 5 m/s. What net horizontal force is required to keep it moving at this constant speed?,"Looking at the diagram, A continuous forward force is required, otherwise the puck will immediately stop moving..","Net force required is 0 N. According to Newton's First Law of Motion, an object in motion continues to move at constant velocity unless acted upon by an external net unbalanced force. Frictionless surface means no force is needed to sustain motion.","Topic: Inertia and Force Requirement for Motion | Question: A hockey puck slides on a frictionless ice surface at a constant velocity of 5 m/s. What net horizontal force is required to keep it moving at this constant speed? | Student Response: Looking at the diagram, A continuous forward force is required, otherwise the puck will immediately stop moving..",MISC-FOR-001: Impetus Theory / Continuous Force Fallacy
RESP-00137,PHY-FOR-FORC-01,FORCE_NEWTON_FIRST_LAW,Class 9,Force and Laws of Motion,Inertia and Force Requirement for Motion,A hockey puck slides on a frictionless ice surface at a constant velocity of 5 m/s. What net horizontal force is required to keep it moving at this constant speed?,"Net force required is 0 N. According to Newton's First Law of Motion, an object in motion continues to move at constant velocity unless acted upon by an external net unbalanced force. Frictionless surface means no force is needed to sustain motion.","My answer is: A continuous forward force is required, otherwise the puck will immediately stop moving..",MISC-FOR-001: Impetus Theory / Continuous Force Fallacy,conceptual_misconception,High,Believes force is required to maintain motion.,,True,motion_diagram,Hockey puck sliding across completely frictionless horizontal ice sheet at constant speed v to the right.,"Puck | FrictionlessSurface | VelocityVector(v, right) | NetForce(zero)","[""draw_surface(type='frictionless_ice')"", ""draw_puck(x=200, y=100)"", ""draw_velocity_vector(speed=10, direction='right')"", ""write_equation('F_net = 0 => a = 0 => constant velocity')""]",curated_per_literature,train,A hockey puck slides on a frictionless ice surface at a constant velocity of 5 m/s. What net horizontal force is required to keep it moving at this constant speed?,"My answer is: A continuous forward force is required, otherwise the puck will immediately stop moving..","Net force required is 0 N. According to Newton's First Law of Motion, an object in motion continues to move at constant velocity unless acted upon by an external net unbalanced force. Frictionless surface means no force is needed to sustain motion.","Topic: Inertia and Force Requirement for Motion | Question: A hockey puck slides on a frictionless ice surface at a constant velocity of 5 m/s. What net horizontal force is required to keep it moving at this constant speed? | Student Response: My answer is: A continuous forward force is required, otherwise the puck will immediately stop moving..",MISC-FOR-001: Impetus Theory / Continuous Force Fallacy
RESP-00138,PHY-FOR-FORC-01,FORCE_NEWTON_FIRST_LAW,Class 9,Force and Laws of Motion,Inertia and Force Requirement for Motion,A hockey puck slides on a frictionless ice surface at a constant velocity of 5 m/s. What net horizontal force is required to keep it moving at this constant speed?,"Net force required is 0 N. According to Newton's First Law of Motion, an object in motion continues to move at constant velocity unless acted upon by an external net unbalanced force. Frictionless surface means no force is needed to sustain motion.","From the formula, Force must equal mass times velocity to keep it moving forward. as calculated.",MISC-FOR-001: Impetus Theory / Continuous Force Fallacy,conceptual_misconception,High,Conflates force with momentum or constant velocity.,,True,motion_diagram,Hockey puck sliding across completely frictionless horizontal ice sheet at constant speed v to the right.,"Puck | FrictionlessSurface | VelocityVector(v, right) | NetForce(zero)","[""draw_surface(type='frictionless_ice')"", ""draw_puck(x=200, y=100)"", ""draw_velocity_vector(speed=10, direction='right')"", ""write_equation('F_net = 0 => a = 0 => constant velocity')""]",curated_per_literature,train,A hockey puck slides on a frictionless ice surface at a constant velocity of 5 m/s. What net horizontal force is required to keep it moving at this constant speed?,"From the formula, Force must equal mass times velocity to keep it moving forward. as calculated.","Net force required is 0 N. According to Newton's First Law of Motion, an object in motion continues to move at constant velocity unless acted upon by an external net unbalanced force. Frictionless surface means no force is needed to sustain motion.","Topic: Inertia and Force Requirement for Motion | Question: A hockey puck slides on a frictionless ice surface at a constant velocity of 5 m/s. What net horizontal force is required to keep it moving at this constant speed? | Student Response: From the formula, Force must equal mass times velocity to keep it moving forward. as calculated.",MISC-FOR-001: Impetus Theory / Continuous Force Fallacy
RESP-00139,PHY-FOR-FORC-01,FORCE_NEWTON_FIRST_LAW,Class 9,Force and Laws of Motion,Inertia and Force Requirement for Motion,A hockey puck slides on a frictionless ice surface at a constant velocity of 5 m/s. What net horizontal force is required to keep it moving at this constant speed?,"Net force required is 0 N. According to Newton's First Law of Motion, an object in motion continues to move at constant velocity unless acted upon by an external net unbalanced force. Frictionless surface means no force is needed to sustain motion.",Step 1: calculate values. Force must equal mass times velocity to keep it moving forward. That is the answer.,MISC-FOR-001: Impetus Theory / Continuous Force Fallacy,conceptual_misconception,High,Conflates force with momentum or constant velocity.,,True,motion_diagram,Hockey puck sliding across completely frictionless horizontal ice sheet at constant speed v to the right.,"Puck | FrictionlessSurface | VelocityVector(v, right) | NetForce(zero)","[""draw_surface(type='frictionless_ice')"", ""draw_puck(x=200, y=100)"", ""draw_velocity_vector(speed=10, direction='right')"", ""write_equation('F_net = 0 => a = 0 => constant velocity')""]",curated_per_literature,train,A hockey puck slides on a frictionless ice surface at a constant velocity of 5 m/s. What net horizontal force is required to keep it moving at this constant speed?,Step 1: calculate values. Force must equal mass times velocity to keep it moving forward. That is the answer.,"Net force required is 0 N. According to Newton's First Law of Motion, an object in motion continues to move at constant velocity unless acted upon by an external net unbalanced force. Frictionless surface means no force is needed to sustain motion.",Topic: Inertia and Force Requirement for Motion | Question: A hockey puck slides on a frictionless ice surface at a constant velocity of 5 m/s. What net horizontal force is required to keep it moving at this constant speed? | Student Response: Step 1: calculate values. Force must equal mass times velocity to keep it moving forward. That is the answer.,MISC-FOR-001: Impetus Theory / Continuous Force Fallacy
RESP-00140,PHY-FOR-FORC-01,FORCE_NEWTON_FIRST_LAW,Class 9,Force and Laws of Motion,Inertia and Force Requirement for Motion,A hockey puck slides on a frictionless ice surface at a constant velocity of 5 m/s. What net horizontal force is required to keep it moving at this constant speed?,"Net force required is 0 N. According to Newton's First Law of Motion, an object in motion continues to move at constant velocity unless acted upon by an external net unbalanced force. Frictionless surface means no force is needed to sustain motion.",In class we learned that Force must equal mass times velocity to keep it moving forward..,MISC-FOR-001: Impetus Theory / Continuous Force Fallacy,conceptual_misconception,High,Conflates force with momentum or constant velocity.,,True,motion_diagram,Hockey puck sliding across completely frictionless horizontal ice sheet at constant speed v to the right.,"Puck | FrictionlessSurface | VelocityVector(v, right) | NetForce(zero)","[""draw_surface(type='frictionless_ice')"", ""draw_puck(x=200, y=100)"", ""draw_velocity_vector(speed=10, direction='right')"", ""write_equation('F_net = 0 => a = 0 => constant velocity')""]",curated_per_literature,train,A hockey puck slides on a frictionless ice surface at a constant velocity of 5 m/s. What net horizontal force is required to keep it moving at this constant speed?,In class we learned that Force must equal mass times velocity to keep it moving forward..,"Net force required is 0 N. According to Newton's First Law of Motion, an object in motion continues to move at constant velocity unless acted upon by an external net unbalanced force. Frictionless surface means no force is needed to sustain motion.",Topic: Inertia and Force Requirement for Motion | Question: A hockey puck slides on a frictionless ice surface at a constant velocity of 5 m/s. What net horizontal force is required to keep it moving at this constant speed? | Student Response: In class we learned that Force must equal mass times velocity to keep it moving forward..,MISC-FOR-001: Impetus Theory / Continuous Force Fallacy
RESP-00141,PHY-FOR-FORC-01,FORCE_NEWTON_FIRST_LAW,Class 9,Force and Laws of Motion,Inertia and Force Requirement for Motion,A hockey puck slides on a frictionless ice surface at a constant velocity of 5 m/s. What net horizontal force is required to keep it moving at this constant speed?,"Net force required is 0 N. According to Newton's First Law of Motion, an object in motion continues to move at constant velocity unless acted upon by an external net unbalanced force. Frictionless surface means no force is needed to sustain motion.",Force must equal mass times velocity to keep it moving forward.,MISC-FOR-001: Impetus Theory / Continuous Force Fallacy,conceptual_misconception,High,Conflates force with momentum or constant velocity.,,True,motion_diagram,Hockey puck sliding across completely frictionless horizontal ice sheet at constant speed v to the right.,"Puck | FrictionlessSurface | VelocityVector(v, right) | NetForce(zero)","[""draw_surface(type='frictionless_ice')"", ""draw_puck(x=200, y=100)"", ""draw_velocity_vector(speed=10, direction='right')"", ""write_equation('F_net = 0 => a = 0 => constant velocity')""]",curated_per_literature,test,A hockey puck slides on a frictionless ice surface at a constant velocity of 5 m/s. What net horizontal force is required to keep it moving at this constant speed?,Force must equal mass times velocity to keep it moving forward.,"Net force required is 0 N. According to Newton's First Law of Motion, an object in motion continues to move at constant velocity unless acted upon by an external net unbalanced force. Frictionless surface means no force is needed to sustain motion.",Topic: Inertia and Force Requirement for Motion | Question: A hockey puck slides on a frictionless ice surface at a constant velocity of 5 m/s. What net horizontal force is required to keep it moving at this constant speed? | Student Response: Force must equal mass times velocity to keep it moving forward.,MISC-FOR-001: Impetus Theory / Continuous Force Fallacy
RESP-00142,PHY-FOR-FORC-01,FORCE_NEWTON_FIRST_LAW,Class 9,Force and Laws of Motion,Inertia and Force Requirement for Motion,A hockey puck slides on a frictionless ice surface at a constant velocity of 5 m/s. What net horizontal force is required to keep it moving at this constant speed?,"Net force required is 0 N. According to Newton's First Law of Motion, an object in motion continues to move at constant velocity unless acted upon by an external net unbalanced force. Frictionless surface means no force is needed to sustain motion.","From the formula, Force must equal mass times velocity to keep it moving forward. as calculated.",MISC-FOR-001: Impetus Theory / Continuous Force Fallacy,conceptual_misconception,High,Conflates force with momentum or constant velocity.,,True,motion_diagram,Hockey puck sliding across completely frictionless horizontal ice sheet at constant speed v to the right.,"Puck | FrictionlessSurface | VelocityVector(v, right) | NetForce(zero)","[""draw_surface(type='frictionless_ice')"", ""draw_puck(x=200, y=100)"", ""draw_velocity_vector(speed=10, direction='right')"", ""write_equation('F_net = 0 => a = 0 => constant velocity')""]",curated_per_literature,test,A hockey puck slides on a frictionless ice surface at a constant velocity of 5 m/s. What net horizontal force is required to keep it moving at this constant speed?,"From the formula, Force must equal mass times velocity to keep it moving forward. as calculated.","Net force required is 0 N. According to Newton's First Law of Motion, an object in motion continues to move at constant velocity unless acted upon by an external net unbalanced force. Frictionless surface means no force is needed to sustain motion.","Topic: Inertia and Force Requirement for Motion | Question: A hockey puck slides on a frictionless ice surface at a constant velocity of 5 m/s. What net horizontal force is required to keep it moving at this constant speed? | Student Response: From the formula, Force must equal mass times velocity to keep it moving forward. as calculated.",MISC-FOR-001: Impetus Theory / Continuous Force Fallacy
RESP-00143,PHY-FOR-FORC-01,FORCE_NEWTON_FIRST_LAW,Class 9,Force and Laws of Motion,Inertia and Force Requirement for Motion,A hockey puck slides on a frictionless ice surface at a constant velocity of 5 m/s. What net horizontal force is required to keep it moving at this constant speed?,"Net force required is 0 N. According to Newton's First Law of Motion, an object in motion continues to move at constant velocity unless acted upon by an external net unbalanced force. Frictionless surface means no force is needed to sustain motion.","Based on physical laws, 0 N. By Newton's First Law, no net force is needed to maintain constant velocity on a frictionless surface..",CORRECT: Scientifically Accurate Response,no_error,High,Accurately applies inertia and Newton's first law.,,True,motion_diagram,Hockey puck sliding across completely frictionless horizontal ice sheet at constant speed v to the right.,"Puck | FrictionlessSurface | VelocityVector(v, right) | NetForce(zero)","[""draw_surface(type='frictionless_ice')"", ""draw_puck(x=200, y=100)"", ""draw_velocity_vector(speed=10, direction='right')"", ""write_equation('F_net = 0 => a = 0 => constant velocity')""]",authored_clean_sample,test,A hockey puck slides on a frictionless ice surface at a constant velocity of 5 m/s. What net horizontal force is required to keep it moving at this constant speed?,"Based on physical laws, 0 N. By Newton's First Law, no net force is needed to maintain constant velocity on a frictionless surface..","Net force required is 0 N. According to Newton's First Law of Motion, an object in motion continues to move at constant velocity unless acted upon by an external net unbalanced force. Frictionless surface means no force is needed to sustain motion.","Topic: Inertia and Force Requirement for Motion | Question: A hockey puck slides on a frictionless ice surface at a constant velocity of 5 m/s. What net horizontal force is required to keep it moving at this constant speed? | Student Response: Based on physical laws, 0 N. By Newton's First Law, no net force is needed to maintain constant velocity on a frictionless surface..",CORRECT: Scientifically Accurate Response
RESP-00144,PHY-FOR-FORC-01,FORCE_NEWTON_FIRST_LAW,Class 9,Force and Laws of Motion,Inertia and Force Requirement for Motion,A hockey puck slides on a frictionless ice surface at a constant velocity of 5 m/s. What net horizontal force is required to keep it moving at this constant speed?,"Net force required is 0 N. According to Newton's First Law of Motion, an object in motion continues to move at constant velocity unless acted upon by an external net unbalanced force. Frictionless surface means no force is needed to sustain motion.","According to my working, 0 N. By Newton's First Law, no net force is needed to maintain constant velocity on a frictionless surface.",CORRECT: Scientifically Accurate Response,no_error,High,Accurately applies inertia and Newton's first law.,,True,motion_diagram,Hockey puck sliding across completely frictionless horizontal ice sheet at constant speed v to the right.,"Puck | FrictionlessSurface | VelocityVector(v, right) | NetForce(zero)","[""draw_surface(type='frictionless_ice')"", ""draw_puck(x=200, y=100)"", ""draw_velocity_vector(speed=10, direction='right')"", ""write_equation('F_net = 0 => a = 0 => constant velocity')""]",authored_clean_sample,val,A hockey puck slides on a frictionless ice surface at a constant velocity of 5 m/s. What net horizontal force is required to keep it moving at this constant speed?,"According to my working, 0 N. By Newton's First Law, no net force is needed to maintain constant velocity on a frictionless surface.","Net force required is 0 N. According to Newton's First Law of Motion, an object in motion continues to move at constant velocity unless acted upon by an external net unbalanced force. Frictionless surface means no force is needed to sustain motion.","Topic: Inertia and Force Requirement for Motion | Question: A hockey puck slides on a frictionless ice surface at a constant velocity of 5 m/s. What net horizontal force is required to keep it moving at this constant speed? | Student Response: According to my working, 0 N. By Newton's First Law, no net force is needed to maintain constant velocity on a frictionless surface.",CORRECT: Scientifically Accurate Response
RESP-00145,PHY-FOR-FORC-01,FORCE_NEWTON_FIRST_LAW,Class 9,Force and Laws of Motion,Inertia and Force Requirement for Motion,A hockey puck slides on a frictionless ice surface at a constant velocity of 5 m/s. What net horizontal force is required to keep it moving at this constant speed?,"Net force required is 0 N. According to Newton's First Law of Motion, an object in motion continues to move at constant velocity unless acted upon by an external net unbalanced force. Frictionless surface means no force is needed to sustain motion.","Looking at the diagram, 0 N. By Newton's First Law, no net force is needed to maintain constant velocity on a frictionless surface..",CORRECT: Scientifically Accurate Response,no_error,High,Accurately applies inertia and Newton's first law.,,True,motion_diagram,Hockey puck sliding across completely frictionless horizontal ice sheet at constant speed v to the right.,"Puck | FrictionlessSurface | VelocityVector(v, right) | NetForce(zero)","[""draw_surface(type='frictionless_ice')"", ""draw_puck(x=200, y=100)"", ""draw_velocity_vector(speed=10, direction='right')"", ""write_equation('F_net = 0 => a = 0 => constant velocity')""]",authored_clean_sample,val,A hockey puck slides on a frictionless ice surface at a constant velocity of 5 m/s. What net horizontal force is required to keep it moving at this constant speed?,"Looking at the diagram, 0 N. By Newton's First Law, no net force is needed to maintain constant velocity on a frictionless surface..","Net force required is 0 N. According to Newton's First Law of Motion, an object in motion continues to move at constant velocity unless acted upon by an external net unbalanced force. Frictionless surface means no force is needed to sustain motion.","Topic: Inertia and Force Requirement for Motion | Question: A hockey puck slides on a frictionless ice surface at a constant velocity of 5 m/s. What net horizontal force is required to keep it moving at this constant speed? | Student Response: Looking at the diagram, 0 N. By Newton's First Law, no net force is needed to maintain constant velocity on a frictionless surface..",CORRECT: Scientifically Accurate Response
RESP-00146,PHY-FOR-FORC-01,FORCE_NEWTON_FIRST_LAW,Class 9,Force and Laws of Motion,Inertia and Force Requirement for Motion,A hockey puck slides on a frictionless ice surface at a constant velocity of 5 m/s. What net horizontal force is required to keep it moving at this constant speed?,"Net force required is 0 N. According to Newton's First Law of Motion, an object in motion continues to move at constant velocity unless acted upon by an external net unbalanced force. Frictionless surface means no force is needed to sustain motion.","My answer is: 0 N. By Newton's First Law, no net force is needed to maintain constant velocity on a frictionless surface..",CORRECT: Scientifically Accurate Response,no_error,High,Accurately applies inertia and Newton's first law.,,True,motion_diagram,Hockey puck sliding across completely frictionless horizontal ice sheet at constant speed v to the right.,"Puck | FrictionlessSurface | VelocityVector(v, right) | NetForce(zero)","[""draw_surface(type='frictionless_ice')"", ""draw_puck(x=200, y=100)"", ""draw_velocity_vector(speed=10, direction='right')"", ""write_equation('F_net = 0 => a = 0 => constant velocity')""]",authored_clean_sample,val,A hockey puck slides on a frictionless ice surface at a constant velocity of 5 m/s. What net horizontal force is required to keep it moving at this constant speed?,"My answer is: 0 N. By Newton's First Law, no net force is needed to maintain constant velocity on a frictionless surface..","Net force required is 0 N. According to Newton's First Law of Motion, an object in motion continues to move at constant velocity unless acted upon by an external net unbalanced force. Frictionless surface means no force is needed to sustain motion.","Topic: Inertia and Force Requirement for Motion | Question: A hockey puck slides on a frictionless ice surface at a constant velocity of 5 m/s. What net horizontal force is required to keep it moving at this constant speed? | Student Response: My answer is: 0 N. By Newton's First Law, no net force is needed to maintain constant velocity on a frictionless surface..",CORRECT: Scientifically Accurate Response
RESP-00147,PHY-FOR-FORC-01,FORCE_NEWTON_FIRST_LAW,Class 9,Force and Laws of Motion,Inertia and Force Requirement for Motion,A hockey puck slides on a frictionless ice surface at a constant velocity of 5 m/s. What net horizontal force is required to keep it moving at this constant speed?,"Net force required is 0 N. According to Newton's First Law of Motion, an object in motion continues to move at constant velocity unless acted upon by an external net unbalanced force. Frictionless surface means no force is needed to sustain motion.","Based on physical laws, 0 N. By Newton's First Law, no net force is needed to maintain constant velocity on a frictionless surface..",CORRECT: Scientifically Accurate Response,no_error,High,Accurately applies inertia and Newton's first law.,,True,motion_diagram,Hockey puck sliding across completely frictionless horizontal ice sheet at constant speed v to the right.,"Puck | FrictionlessSurface | VelocityVector(v, right) | NetForce(zero)","[""draw_surface(type='frictionless_ice')"", ""draw_puck(x=200, y=100)"", ""draw_velocity_vector(speed=10, direction='right')"", ""write_equation('F_net = 0 => a = 0 => constant velocity')""]",authored_clean_sample,train,A hockey puck slides on a frictionless ice surface at a constant velocity of 5 m/s. What net horizontal force is required to keep it moving at this constant speed?,"Based on physical laws, 0 N. By Newton's First Law, no net force is needed to maintain constant velocity on a frictionless surface..","Net force required is 0 N. According to Newton's First Law of Motion, an object in motion continues to move at constant velocity unless acted upon by an external net unbalanced force. Frictionless surface means no force is needed to sustain motion.","Topic: Inertia and Force Requirement for Motion | Question: A hockey puck slides on a frictionless ice surface at a constant velocity of 5 m/s. What net horizontal force is required to keep it moving at this constant speed? | Student Response: Based on physical laws, 0 N. By Newton's First Law, no net force is needed to maintain constant velocity on a frictionless surface..",CORRECT: Scientifically Accurate Response
RESP-00148,PHY-FOR-FORC-01,FORCE_NEWTON_FIRST_LAW,Class 9,Force and Laws of Motion,Inertia and Force Requirement for Motion,A hockey puck slides on a frictionless ice surface at a constant velocity of 5 m/s. What net horizontal force is required to keep it moving at this constant speed?,"Net force required is 0 N. According to Newton's First Law of Motion, an object in motion continues to move at constant velocity unless acted upon by an external net unbalanced force. Frictionless surface means no force is needed to sustain motion.",Step 1: calculate values. Force is 5 Newtons. That is the answer.,CARELESS_CALCULATION_ERROR,calculation_slip,Medium,Equates numerical speed with force magnitude.,,True,motion_diagram,Hockey puck sliding across completely frictionless horizontal ice sheet at constant speed v to the right.,"Puck | FrictionlessSurface | VelocityVector(v, right) | NetForce(zero)","[""draw_surface(type='frictionless_ice')"", ""draw_puck(x=200, y=100)"", ""draw_velocity_vector(speed=10, direction='right')"", ""write_equation('F_net = 0 => a = 0 => constant velocity')""]",authored_clean_sample,train,A hockey puck slides on a frictionless ice surface at a constant velocity of 5 m/s. What net horizontal force is required to keep it moving at this constant speed?,Step 1: calculate values. Force is 5 Newtons. That is the answer.,"Net force required is 0 N. According to Newton's First Law of Motion, an object in motion continues to move at constant velocity unless acted upon by an external net unbalanced force. Frictionless surface means no force is needed to sustain motion.",Topic: Inertia and Force Requirement for Motion | Question: A hockey puck slides on a frictionless ice surface at a constant velocity of 5 m/s. What net horizontal force is required to keep it moving at this constant speed? | Student Response: Step 1: calculate values. Force is 5 Newtons. That is the answer.,CARELESS_CALCULATION_ERROR
RESP-00149,PHY-FOR-FORC-01,FORCE_NEWTON_FIRST_LAW,Class 9,Force and Laws of Motion,Inertia and Force Requirement for Motion,A hockey puck slides on a frictionless ice surface at a constant velocity of 5 m/s. What net horizontal force is required to keep it moving at this constant speed?,"Net force required is 0 N. According to Newton's First Law of Motion, an object in motion continues to move at constant velocity unless acted upon by an external net unbalanced force. Frictionless surface means no force is needed to sustain motion.",In class we learned that Force is 5 Newtons..,CARELESS_CALCULATION_ERROR,calculation_slip,Medium,Equates numerical speed with force magnitude.,,True,motion_diagram,Hockey puck sliding across completely frictionless horizontal ice sheet at constant speed v to the right.,"Puck | FrictionlessSurface | VelocityVector(v, right) | NetForce(zero)","[""draw_surface(type='frictionless_ice')"", ""draw_puck(x=200, y=100)"", ""draw_velocity_vector(speed=10, direction='right')"", ""write_equation('F_net = 0 => a = 0 => constant velocity')""]",authored_clean_sample,train,A hockey puck slides on a frictionless ice surface at a constant velocity of 5 m/s. What net horizontal force is required to keep it moving at this constant speed?,In class we learned that Force is 5 Newtons..,"Net force required is 0 N. According to Newton's First Law of Motion, an object in motion continues to move at constant velocity unless acted upon by an external net unbalanced force. Frictionless surface means no force is needed to sustain motion.",Topic: Inertia and Force Requirement for Motion | Question: A hockey puck slides on a frictionless ice surface at a constant velocity of 5 m/s. What net horizontal force is required to keep it moving at this constant speed? | Student Response: In class we learned that Force is 5 Newtons..,CARELESS_CALCULATION_ERROR
RESP-00150,PHY-FOR-FORC-01,FORCE_NEWTON_FIRST_LAW,Class 9,Force and Laws of Motion,Inertia and Force Requirement for Motion,A hockey puck slides on a frictionless ice surface at a constant velocity of 5 m/s. What net horizontal force is required to keep it moving at this constant speed?,"Net force required is 0 N. According to Newton's First Law of Motion, an object in motion continues to move at constant velocity unless acted upon by an external net unbalanced force. Frictionless surface means no force is needed to sustain motion.",Force is 5 Newtons.,CARELESS_CALCULATION_ERROR,calculation_slip,Medium,Equates numerical speed with force magnitude.,,True,motion_diagram,Hockey puck sliding across completely frictionless horizontal ice sheet at constant speed v to the right.,"Puck | FrictionlessSurface | VelocityVector(v, right) | NetForce(zero)","[""draw_surface(type='frictionless_ice')"", ""draw_puck(x=200, y=100)"", ""draw_velocity_vector(speed=10, direction='right')"", ""write_equation('F_net = 0 => a = 0 => constant velocity')""]",authored_clean_sample,train,A hockey puck slides on a frictionless ice surface at a constant velocity of 5 m/s. What net horizontal force is required to keep it moving at this constant speed?,Force is 5 Newtons.,"Net force required is 0 N. According to Newton's First Law of Motion, an object in motion continues to move at constant velocity unless acted upon by an external net unbalanced force. Frictionless surface means no force is needed to sustain motion.",Topic: Inertia and Force Requirement for Motion | Question: A hockey puck slides on a frictionless ice surface at a constant velocity of 5 m/s. What net horizontal force is required to keep it moving at this constant speed? | Student Response: Force is 5 Newtons.,CARELESS_CALCULATION_ERROR
RESP-00151,PHY-FOR-FORC-02,FORCE_NEWTON_FIRST_LAW,Class 9,Force and Laws of Motion,Inertia and Force Requirement for Motion,A spacecraft in deep interstellar space moves at constant velocity with its thrusters turned off. What force is pushing it forward?,"Net force required is 0 N. According to Newton's First Law of Motion, an object in motion continues to move at constant velocity unless acted upon by an external net unbalanced force. Frictionless surface means no force is needed to sustain motion.","Based on physical laws, A continuous forward force is required, otherwise the puck will immediately stop moving..",MISC-FOR-001: Impetus Theory / Continuous Force Fallacy,conceptual_misconception,High,Believes force is required to maintain motion.,,True,motion_diagram,Hockey puck sliding across completely frictionless horizontal ice sheet at constant speed v to the right.,"Puck | FrictionlessSurface | VelocityVector(v, right) | NetForce(zero)","[""draw_surface(type='frictionless_ice')"", ""draw_puck(x=200, y=100)"", ""draw_velocity_vector(speed=10, direction='right')"", ""write_equation('F_net = 0 => a = 0 => constant velocity')""]",curated_per_literature,train,A spacecraft in deep interstellar space moves at constant velocity with its thrusters turned off. What force is pushing it forward?,"Based on physical laws, A continuous forward force is required, otherwise the puck will immediately stop moving..","Net force required is 0 N. According to Newton's First Law of Motion, an object in motion continues to move at constant velocity unless acted upon by an external net unbalanced force. Frictionless surface means no force is needed to sustain motion.","Topic: Inertia and Force Requirement for Motion | Question: A spacecraft in deep interstellar space moves at constant velocity with its thrusters turned off. What force is pushing it forward? | Student Response: Based on physical laws, A continuous forward force is required, otherwise the puck will immediately stop moving..",MISC-FOR-001: Impetus Theory / Continuous Force Fallacy
RESP-00152,PHY-FOR-FORC-02,FORCE_NEWTON_FIRST_LAW,Class 9,Force and Laws of Motion,Inertia and Force Requirement for Motion,A spacecraft in deep interstellar space moves at constant velocity with its thrusters turned off. What force is pushing it forward?,"Net force required is 0 N. According to Newton's First Law of Motion, an object in motion continues to move at constant velocity unless acted upon by an external net unbalanced force. Frictionless surface means no force is needed to sustain motion.","According to my working, A continuous forward force is required, otherwise the puck will immediately stop moving.",MISC-FOR-001: Impetus Theory / Continuous Force Fallacy,conceptual_misconception,High,Believes force is required to maintain motion.,,True,motion_diagram,Hockey puck sliding across completely frictionless horizontal ice sheet at constant speed v to the right.,"Puck | FrictionlessSurface | VelocityVector(v, right) | NetForce(zero)","[""draw_surface(type='frictionless_ice')"", ""draw_puck(x=200, y=100)"", ""draw_velocity_vector(speed=10, direction='right')"", ""write_equation('F_net = 0 => a = 0 => constant velocity')""]",curated_per_literature,train,A spacecraft in deep interstellar space moves at constant velocity with its thrusters turned off. What force is pushing it forward?,"According to my working, A continuous forward force is required, otherwise the puck will immediately stop moving.","Net force required is 0 N. According to Newton's First Law of Motion, an object in motion continues to move at constant velocity unless acted upon by an external net unbalanced force. Frictionless surface means no force is needed to sustain motion.","Topic: Inertia and Force Requirement for Motion | Question: A spacecraft in deep interstellar space moves at constant velocity with its thrusters turned off. What force is pushing it forward? | Student Response: According to my working, A continuous forward force is required, otherwise the puck will immediately stop moving.",MISC-FOR-001: Impetus Theory / Continuous Force Fallacy
RESP-00153,PHY-FOR-FORC-02,FORCE_NEWTON_FIRST_LAW,Class 9,Force and Laws of Motion,Inertia and Force Requirement for Motion,A spacecraft in deep interstellar space moves at constant velocity with its thrusters turned off. What force is pushing it forward?,"Net force required is 0 N. According to Newton's First Law of Motion, an object in motion continues to move at constant velocity unless acted upon by an external net unbalanced force. Frictionless surface means no force is needed to sustain motion.","Looking at the diagram, A continuous forward force is required, otherwise the puck will immediately stop moving..",MISC-FOR-001: Impetus Theory / Continuous Force Fallacy,conceptual_misconception,High,Believes force is required to maintain motion.,,True,motion_diagram,Hockey puck sliding across completely frictionless horizontal ice sheet at constant speed v to the right.,"Puck | FrictionlessSurface | VelocityVector(v, right) | NetForce(zero)","[""draw_surface(type='frictionless_ice')"", ""draw_puck(x=200, y=100)"", ""draw_velocity_vector(speed=10, direction='right')"", ""write_equation('F_net = 0 => a = 0 => constant velocity')""]",curated_per_literature,train,A spacecraft in deep interstellar space moves at constant velocity with its thrusters turned off. What force is pushing it forward?,"Looking at the diagram, A continuous forward force is required, otherwise the puck will immediately stop moving..","Net force required is 0 N. According to Newton's First Law of Motion, an object in motion continues to move at constant velocity unless acted upon by an external net unbalanced force. Frictionless surface means no force is needed to sustain motion.","Topic: Inertia and Force Requirement for Motion | Question: A spacecraft in deep interstellar space moves at constant velocity with its thrusters turned off. What force is pushing it forward? | Student Response: Looking at the diagram, A continuous forward force is required, otherwise the puck will immediately stop moving..",MISC-FOR-001: Impetus Theory / Continuous Force Fallacy
RESP-00154,PHY-FOR-FORC-02,FORCE_NEWTON_FIRST_LAW,Class 9,Force and Laws of Motion,Inertia and Force Requirement for Motion,A spacecraft in deep interstellar space moves at constant velocity with its thrusters turned off. What force is pushing it forward?,"Net force required is 0 N. According to Newton's First Law of Motion, an object in motion continues to move at constant velocity unless acted upon by an external net unbalanced force. Frictionless surface means no force is needed to sustain motion.","My answer is: A continuous forward force is required, otherwise the puck will immediately stop moving..",MISC-FOR-001: Impetus Theory / Continuous Force Fallacy,conceptual_misconception,High,Believes force is required to maintain motion.,,True,motion_diagram,Hockey puck sliding across completely frictionless horizontal ice sheet at constant speed v to the right.,"Puck | FrictionlessSurface | VelocityVector(v, right) | NetForce(zero)","[""draw_surface(type='frictionless_ice')"", ""draw_puck(x=200, y=100)"", ""draw_velocity_vector(speed=10, direction='right')"", ""write_equation('F_net = 0 => a = 0 => constant velocity')""]",curated_per_literature,train,A spacecraft in deep interstellar space moves at constant velocity with its thrusters turned off. What force is pushing it forward?,"My answer is: A continuous forward force is required, otherwise the puck will immediately stop moving..","Net force required is 0 N. According to Newton's First Law of Motion, an object in motion continues to move at constant velocity unless acted upon by an external net unbalanced force. Frictionless surface means no force is needed to sustain motion.","Topic: Inertia and Force Requirement for Motion | Question: A spacecraft in deep interstellar space moves at constant velocity with its thrusters turned off. What force is pushing it forward? | Student Response: My answer is: A continuous forward force is required, otherwise the puck will immediately stop moving..",MISC-FOR-001: Impetus Theory / Continuous Force Fallacy
RESP-00155,PHY-FOR-FORC-02,FORCE_NEWTON_FIRST_LAW,Class 9,Force and Laws of Motion,Inertia and Force Requirement for Motion,A spacecraft in deep interstellar space moves at constant velocity with its thrusters turned off. What force is pushing it forward?,"Net force required is 0 N. According to Newton's First Law of Motion, an object in motion continues to move at constant velocity unless acted upon by an external net unbalanced force. Frictionless surface means no force is needed to sustain motion.","Based on physical laws, A continuous forward force is required, otherwise the puck will immediately stop moving..",MISC-FOR-001: Impetus Theory / Continuous Force Fallacy,conceptual_misconception,High,Believes force is required to maintain motion.,,True,motion_diagram,Hockey puck sliding across completely frictionless horizontal ice sheet at constant speed v to the right.,"Puck | FrictionlessSurface | VelocityVector(v, right) | NetForce(zero)","[""draw_surface(type='frictionless_ice')"", ""draw_puck(x=200, y=100)"", ""draw_velocity_vector(speed=10, direction='right')"", ""write_equation('F_net = 0 => a = 0 => constant velocity')""]",curated_per_literature,train,A spacecraft in deep interstellar space moves at constant velocity with its thrusters turned off. What force is pushing it forward?,"Based on physical laws, A continuous forward force is required, otherwise the puck will immediately stop moving..","Net force required is 0 N. According to Newton's First Law of Motion, an object in motion continues to move at constant velocity unless acted upon by an external net unbalanced force. Frictionless surface means no force is needed to sustain motion.","Topic: Inertia and Force Requirement for Motion | Question: A spacecraft in deep interstellar space moves at constant velocity with its thrusters turned off. What force is pushing it forward? | Student Response: Based on physical laws, A continuous forward force is required, otherwise the puck will immediately stop moving..",MISC-FOR-001: Impetus Theory / Continuous Force Fallacy
RESP-00156,PHY-FOR-FORC-02,FORCE_NEWTON_FIRST_LAW,Class 9,Force and Laws of Motion,Inertia and Force Requirement for Motion,A spacecraft in deep interstellar space moves at constant velocity with its thrusters turned off. What force is pushing it forward?,"Net force required is 0 N. According to Newton's First Law of Motion, an object in motion continues to move at constant velocity unless acted upon by an external net unbalanced force. Frictionless surface means no force is needed to sustain motion.",Step 1: calculate values. Force must equal mass times velocity to keep it moving forward. That is the answer.,MISC-FOR-001: Impetus Theory / Continuous Force Fallacy,conceptual_misconception,High,Conflates force with momentum or constant velocity.,,True,motion_diagram,Hockey puck sliding across completely frictionless horizontal ice sheet at constant speed v to the right.,"Puck | FrictionlessSurface | VelocityVector(v, right) | NetForce(zero)","[""draw_surface(type='frictionless_ice')"", ""draw_puck(x=200, y=100)"", ""draw_velocity_vector(speed=10, direction='right')"", ""write_equation('F_net = 0 => a = 0 => constant velocity')""]",curated_per_literature,train,A spacecraft in deep interstellar space moves at constant velocity with its thrusters turned off. What force is pushing it forward?,Step 1: calculate values. Force must equal mass times velocity to keep it moving forward. That is the answer.,"Net force required is 0 N. According to Newton's First Law of Motion, an object in motion continues to move at constant velocity unless acted upon by an external net unbalanced force. Frictionless surface means no force is needed to sustain motion.",Topic: Inertia and Force Requirement for Motion | Question: A spacecraft in deep interstellar space moves at constant velocity with its thrusters turned off. What force is pushing it forward? | Student Response: Step 1: calculate values. Force must equal mass times velocity to keep it moving forward. That is the answer.,MISC-FOR-001: Impetus Theory / Continuous Force Fallacy
RESP-00157,PHY-FOR-FORC-02,FORCE_NEWTON_FIRST_LAW,Class 9,Force and Laws of Motion,Inertia and Force Requirement for Motion,A spacecraft in deep interstellar space moves at constant velocity with its thrusters turned off. What force is pushing it forward?,"Net force required is 0 N. According to Newton's First Law of Motion, an object in motion continues to move at constant velocity unless acted upon by an external net unbalanced force. Frictionless surface means no force is needed to sustain motion.",In class we learned that Force must equal mass times velocity to keep it moving forward..,MISC-FOR-001: Impetus Theory / Continuous Force Fallacy,conceptual_misconception,High,Conflates force with momentum or constant velocity.,,True,motion_diagram,Hockey puck sliding across completely frictionless horizontal ice sheet at constant speed v to the right.,"Puck | FrictionlessSurface | VelocityVector(v, right) | NetForce(zero)","[""draw_surface(type='frictionless_ice')"", ""draw_puck(x=200, y=100)"", ""draw_velocity_vector(speed=10, direction='right')"", ""write_equation('F_net = 0 => a = 0 => constant velocity')""]",curated_per_literature,train,A spacecraft in deep interstellar space moves at constant velocity with its thrusters turned off. What force is pushing it forward?,In class we learned that Force must equal mass times velocity to keep it moving forward..,"Net force required is 0 N. According to Newton's First Law of Motion, an object in motion continues to move at constant velocity unless acted upon by an external net unbalanced force. Frictionless surface means no force is needed to sustain motion.",Topic: Inertia and Force Requirement for Motion | Question: A spacecraft in deep interstellar space moves at constant velocity with its thrusters turned off. What force is pushing it forward? | Student Response: In class we learned that Force must equal mass times velocity to keep it moving forward..,MISC-FOR-001: Impetus Theory / Continuous Force Fallacy
RESP-00158,PHY-FOR-FORC-02,FORCE_NEWTON_FIRST_LAW,Class 9,Force and Laws of Motion,Inertia and Force Requirement for Motion,A spacecraft in deep interstellar space moves at constant velocity with its thrusters turned off. What force is pushing it forward?,"Net force required is 0 N. According to Newton's First Law of Motion, an object in motion continues to move at constant velocity unless acted upon by an external net unbalanced force. Frictionless surface means no force is needed to sustain motion.",Force must equal mass times velocity to keep it moving forward.,MISC-FOR-001: Impetus Theory / Continuous Force Fallacy,conceptual_misconception,High,Conflates force with momentum or constant velocity.,,True,motion_diagram,Hockey puck sliding across completely frictionless horizontal ice sheet at constant speed v to the right.,"Puck | FrictionlessSurface | VelocityVector(v, right) | NetForce(zero)","[""draw_surface(type='frictionless_ice')"", ""draw_puck(x=200, y=100)"", ""draw_velocity_vector(speed=10, direction='right')"", ""write_equation('F_net = 0 => a = 0 => constant velocity')""]",curated_per_literature,train,A spacecraft in deep interstellar space moves at constant velocity with its thrusters turned off. What force is pushing it forward?,Force must equal mass times velocity to keep it moving forward.,"Net force required is 0 N. According to Newton's First Law of Motion, an object in motion continues to move at constant velocity unless acted upon by an external net unbalanced force. Frictionless surface means no force is needed to sustain motion.",Topic: Inertia and Force Requirement for Motion | Question: A spacecraft in deep interstellar space moves at constant velocity with its thrusters turned off. What force is pushing it forward? | Student Response: Force must equal mass times velocity to keep it moving forward.,MISC-FOR-001: Impetus Theory / Continuous Force Fallacy
RESP-00159,PHY-FOR-FORC-02,FORCE_NEWTON_FIRST_LAW,Class 9,Force and Laws of Motion,Inertia and Force Requirement for Motion,A spacecraft in deep interstellar space moves at constant velocity with its thrusters turned off. What force is pushing it forward?,"Net force required is 0 N. According to Newton's First Law of Motion, an object in motion continues to move at constant velocity unless acted upon by an external net unbalanced force. Frictionless surface means no force is needed to sustain motion.","From the formula, Force must equal mass times velocity to keep it moving forward. as calculated.",MISC-FOR-001: Impetus Theory / Continuous Force Fallacy,conceptual_misconception,High,Conflates force with momentum or constant velocity.,,True,motion_diagram,Hockey puck sliding across completely frictionless horizontal ice sheet at constant speed v to the right.,"Puck | FrictionlessSurface | VelocityVector(v, right) | NetForce(zero)","[""draw_surface(type='frictionless_ice')"", ""draw_puck(x=200, y=100)"", ""draw_velocity_vector(speed=10, direction='right')"", ""write_equation('F_net = 0 => a = 0 => constant velocity')""]",curated_per_literature,train,A spacecraft in deep interstellar space moves at constant velocity with its thrusters turned off. What force is pushing it forward?,"From the formula, Force must equal mass times velocity to keep it moving forward. as calculated.","Net force required is 0 N. According to Newton's First Law of Motion, an object in motion continues to move at constant velocity unless acted upon by an external net unbalanced force. Frictionless surface means no force is needed to sustain motion.","Topic: Inertia and Force Requirement for Motion | Question: A spacecraft in deep interstellar space moves at constant velocity with its thrusters turned off. What force is pushing it forward? | Student Response: From the formula, Force must equal mass times velocity to keep it moving forward. as calculated.",MISC-FOR-001: Impetus Theory / Continuous Force Fallacy
RESP-00160,PHY-FOR-FORC-02,FORCE_NEWTON_FIRST_LAW,Class 9,Force and Laws of Motion,Inertia and Force Requirement for Motion,A spacecraft in deep interstellar space moves at constant velocity with its thrusters turned off. What force is pushing it forward?,"Net force required is 0 N. According to Newton's First Law of Motion, an object in motion continues to move at constant velocity unless acted upon by an external net unbalanced force. Frictionless surface means no force is needed to sustain motion.",Step 1: calculate values. Force must equal mass times velocity to keep it moving forward. That is the answer.,MISC-FOR-001: Impetus Theory / Continuous Force Fallacy,conceptual_misconception,High,Conflates force with momentum or constant velocity.,,True,motion_diagram,Hockey puck sliding across completely frictionless horizontal ice sheet at constant speed v to the right.,"Puck | FrictionlessSurface | VelocityVector(v, right) | NetForce(zero)","[""draw_surface(type='frictionless_ice')"", ""draw_puck(x=200, y=100)"", ""draw_velocity_vector(speed=10, direction='right')"", ""write_equation('F_net = 0 => a = 0 => constant velocity')""]",curated_per_literature,train,A spacecraft in deep interstellar space moves at constant velocity with its thrusters turned off. What force is pushing it forward?,Step 1: calculate values. Force must equal mass times velocity to keep it moving forward. That is the answer.,"Net force required is 0 N. According to Newton's First Law of Motion, an object in motion continues to move at constant velocity unless acted upon by an external net unbalanced force. Frictionless surface means no force is needed to sustain motion.",Topic: Inertia and Force Requirement for Motion | Question: A spacecraft in deep interstellar space moves at constant velocity with its thrusters turned off. What force is pushing it forward? | Student Response: Step 1: calculate values. Force must equal mass times velocity to keep it moving forward. That is the answer.,MISC-FOR-001: Impetus Theory / Continuous Force Fallacy
RESP-00161,PHY-FOR-FORC-02,FORCE_NEWTON_FIRST_LAW,Class 9,Force and Laws of Motion,Inertia and Force Requirement for Motion,A spacecraft in deep interstellar space moves at constant velocity with its thrusters turned off. What force is pushing it forward?,"Net force required is 0 N. According to Newton's First Law of Motion, an object in motion continues to move at constant velocity unless acted upon by an external net unbalanced force. Frictionless surface means no force is needed to sustain motion.","According to my working, 0 N. By Newton's First Law, no net force is needed to maintain constant velocity on a frictionless surface.",CORRECT: Scientifically Accurate Response,no_error,High,Accurately applies inertia and Newton's first law.,,True,motion_diagram,Hockey puck sliding across completely frictionless horizontal ice sheet at constant speed v to the right.,"Puck | FrictionlessSurface | VelocityVector(v, right) | NetForce(zero)","[""draw_surface(type='frictionless_ice')"", ""draw_puck(x=200, y=100)"", ""draw_velocity_vector(speed=10, direction='right')"", ""write_equation('F_net = 0 => a = 0 => constant velocity')""]",authored_clean_sample,test,A spacecraft in deep interstellar space moves at constant velocity with its thrusters turned off. What force is pushing it forward?,"According to my working, 0 N. By Newton's First Law, no net force is needed to maintain constant velocity on a frictionless surface.","Net force required is 0 N. According to Newton's First Law of Motion, an object in motion continues to move at constant velocity unless acted upon by an external net unbalanced force. Frictionless surface means no force is needed to sustain motion.","Topic: Inertia and Force Requirement for Motion | Question: A spacecraft in deep interstellar space moves at constant velocity with its thrusters turned off. What force is pushing it forward? | Student Response: According to my working, 0 N. By Newton's First Law, no net force is needed to maintain constant velocity on a frictionless surface.",CORRECT: Scientifically Accurate Response
RESP-00162,PHY-FOR-FORC-02,FORCE_NEWTON_FIRST_LAW,Class 9,Force and Laws of Motion,Inertia and Force Requirement for Motion,A spacecraft in deep interstellar space moves at constant velocity with its thrusters turned off. What force is pushing it forward?,"Net force required is 0 N. According to Newton's First Law of Motion, an object in motion continues to move at constant velocity unless acted upon by an external net unbalanced force. Frictionless surface means no force is needed to sustain motion.","Looking at the diagram, 0 N. By Newton's First Law, no net force is needed to maintain constant velocity on a frictionless surface..",CORRECT: Scientifically Accurate Response,no_error,High,Accurately applies inertia and Newton's first law.,,True,motion_diagram,Hockey puck sliding across completely frictionless horizontal ice sheet at constant speed v to the right.,"Puck | FrictionlessSurface | VelocityVector(v, right) | NetForce(zero)","[""draw_surface(type='frictionless_ice')"", ""draw_puck(x=200, y=100)"", ""draw_velocity_vector(speed=10, direction='right')"", ""write_equation('F_net = 0 => a = 0 => constant velocity')""]",authored_clean_sample,test,A spacecraft in deep interstellar space moves at constant velocity with its thrusters turned off. What force is pushing it forward?,"Looking at the diagram, 0 N. By Newton's First Law, no net force is needed to maintain constant velocity on a frictionless surface..","Net force required is 0 N. According to Newton's First Law of Motion, an object in motion continues to move at constant velocity unless acted upon by an external net unbalanced force. Frictionless surface means no force is needed to sustain motion.","Topic: Inertia and Force Requirement for Motion | Question: A spacecraft in deep interstellar space moves at constant velocity with its thrusters turned off. What force is pushing it forward? | Student Response: Looking at the diagram, 0 N. By Newton's First Law, no net force is needed to maintain constant velocity on a frictionless surface..",CORRECT: Scientifically Accurate Response
RESP-00163,PHY-FOR-FORC-02,FORCE_NEWTON_FIRST_LAW,Class 9,Force and Laws of Motion,Inertia and Force Requirement for Motion,A spacecraft in deep interstellar space moves at constant velocity with its thrusters turned off. What force is pushing it forward?,"Net force required is 0 N. According to Newton's First Law of Motion, an object in motion continues to move at constant velocity unless acted upon by an external net unbalanced force. Frictionless surface means no force is needed to sustain motion.","My answer is: 0 N. By Newton's First Law, no net force is needed to maintain constant velocity on a frictionless surface..",CORRECT: Scientifically Accurate Response,no_error,High,Accurately applies inertia and Newton's first law.,,True,motion_diagram,Hockey puck sliding across completely frictionless horizontal ice sheet at constant speed v to the right.,"Puck | FrictionlessSurface | VelocityVector(v, right) | NetForce(zero)","[""draw_surface(type='frictionless_ice')"", ""draw_puck(x=200, y=100)"", ""draw_velocity_vector(speed=10, direction='right')"", ""write_equation('F_net = 0 => a = 0 => constant velocity')""]",authored_clean_sample,test,A spacecraft in deep interstellar space moves at constant velocity with its thrusters turned off. What force is pushing it forward?,"My answer is: 0 N. By Newton's First Law, no net force is needed to maintain constant velocity on a frictionless surface..","Net force required is 0 N. According to Newton's First Law of Motion, an object in motion continues to move at constant velocity unless acted upon by an external net unbalanced force. Frictionless surface means no force is needed to sustain motion.","Topic: Inertia and Force Requirement for Motion | Question: A spacecraft in deep interstellar space moves at constant velocity with its thrusters turned off. What force is pushing it forward? | Student Response: My answer is: 0 N. By Newton's First Law, no net force is needed to maintain constant velocity on a frictionless surface..",CORRECT: Scientifically Accurate Response
RESP-00164,PHY-FOR-FORC-02,FORCE_NEWTON_FIRST_LAW,Class 9,Force and Laws of Motion,Inertia and Force Requirement for Motion,A spacecraft in deep interstellar space moves at constant velocity with its thrusters turned off. What force is pushing it forward?,"Net force required is 0 N. According to Newton's First Law of Motion, an object in motion continues to move at constant velocity unless acted upon by an external net unbalanced force. Frictionless surface means no force is needed to sustain motion.","Based on physical laws, 0 N. By Newton's First Law, no net force is needed to maintain constant velocity on a frictionless surface..",CORRECT: Scientifically Accurate Response,no_error,High,Accurately applies inertia and Newton's first law.,,True,motion_diagram,Hockey puck sliding across completely frictionless horizontal ice sheet at constant speed v to the right.,"Puck | FrictionlessSurface | VelocityVector(v, right) | NetForce(zero)","[""draw_surface(type='frictionless_ice')"", ""draw_puck(x=200, y=100)"", ""draw_velocity_vector(speed=10, direction='right')"", ""write_equation('F_net = 0 => a = 0 => constant velocity')""]",authored_clean_sample,val,A spacecraft in deep interstellar space moves at constant velocity with its thrusters turned off. What force is pushing it forward?,"Based on physical laws, 0 N. By Newton's First Law, no net force is needed to maintain constant velocity on a frictionless surface..","Net force required is 0 N. According to Newton's First Law of Motion, an object in motion continues to move at constant velocity unless acted upon by an external net unbalanced force. Frictionless surface means no force is needed to sustain motion.","Topic: Inertia and Force Requirement for Motion | Question: A spacecraft in deep interstellar space moves at constant velocity with its thrusters turned off. What force is pushing it forward? | Student Response: Based on physical laws, 0 N. By Newton's First Law, no net force is needed to maintain constant velocity on a frictionless surface..",CORRECT: Scientifically Accurate Response
RESP-00165,PHY-FOR-FORC-02,FORCE_NEWTON_FIRST_LAW,Class 9,Force and Laws of Motion,Inertia and Force Requirement for Motion,A spacecraft in deep interstellar space moves at constant velocity with its thrusters turned off. What force is pushing it forward?,"Net force required is 0 N. According to Newton's First Law of Motion, an object in motion continues to move at constant velocity unless acted upon by an external net unbalanced force. Frictionless surface means no force is needed to sustain motion.","According to my working, 0 N. By Newton's First Law, no net force is needed to maintain constant velocity on a frictionless surface.",CORRECT: Scientifically Accurate Response,no_error,High,Accurately applies inertia and Newton's first law.,,True,motion_diagram,Hockey puck sliding across completely frictionless horizontal ice sheet at constant speed v to the right.,"Puck | FrictionlessSurface | VelocityVector(v, right) | NetForce(zero)","[""draw_surface(type='frictionless_ice')"", ""draw_puck(x=200, y=100)"", ""draw_velocity_vector(speed=10, direction='right')"", ""write_equation('F_net = 0 => a = 0 => constant velocity')""]",authored_clean_sample,val,A spacecraft in deep interstellar space moves at constant velocity with its thrusters turned off. What force is pushing it forward?,"According to my working, 0 N. By Newton's First Law, no net force is needed to maintain constant velocity on a frictionless surface.","Net force required is 0 N. According to Newton's First Law of Motion, an object in motion continues to move at constant velocity unless acted upon by an external net unbalanced force. Frictionless surface means no force is needed to sustain motion.","Topic: Inertia and Force Requirement for Motion | Question: A spacecraft in deep interstellar space moves at constant velocity with its thrusters turned off. What force is pushing it forward? | Student Response: According to my working, 0 N. By Newton's First Law, no net force is needed to maintain constant velocity on a frictionless surface.",CORRECT: Scientifically Accurate Response
RESP-00166,PHY-FOR-FORC-02,FORCE_NEWTON_FIRST_LAW,Class 9,Force and Laws of Motion,Inertia and Force Requirement for Motion,A spacecraft in deep interstellar space moves at constant velocity with its thrusters turned off. What force is pushing it forward?,"Net force required is 0 N. According to Newton's First Law of Motion, an object in motion continues to move at constant velocity unless acted upon by an external net unbalanced force. Frictionless surface means no force is needed to sustain motion.",In class we learned that Force is 5 Newtons..,CARELESS_CALCULATION_ERROR,calculation_slip,Medium,Equates numerical speed with force magnitude.,,True,motion_diagram,Hockey puck sliding across completely frictionless horizontal ice sheet at constant speed v to the right.,"Puck | FrictionlessSurface | VelocityVector(v, right) | NetForce(zero)","[""draw_surface(type='frictionless_ice')"", ""draw_puck(x=200, y=100)"", ""draw_velocity_vector(speed=10, direction='right')"", ""write_equation('F_net = 0 => a = 0 => constant velocity')""]",authored_clean_sample,val,A spacecraft in deep interstellar space moves at constant velocity with its thrusters turned off. What force is pushing it forward?,In class we learned that Force is 5 Newtons..,"Net force required is 0 N. According to Newton's First Law of Motion, an object in motion continues to move at constant velocity unless acted upon by an external net unbalanced force. Frictionless surface means no force is needed to sustain motion.",Topic: Inertia and Force Requirement for Motion | Question: A spacecraft in deep interstellar space moves at constant velocity with its thrusters turned off. What force is pushing it forward? | Student Response: In class we learned that Force is 5 Newtons..,CARELESS_CALCULATION_ERROR
RESP-00167,PHY-FOR-FORC-02,FORCE_NEWTON_FIRST_LAW,Class 9,Force and Laws of Motion,Inertia and Force Requirement for Motion,A spacecraft in deep interstellar space moves at constant velocity with its thrusters turned off. What force is pushing it forward?,"Net force required is 0 N. According to Newton's First Law of Motion, an object in motion continues to move at constant velocity unless acted upon by an external net unbalanced force. Frictionless surface means no force is needed to sustain motion.",Force is 5 Newtons.,CARELESS_CALCULATION_ERROR,calculation_slip,Medium,Equates numerical speed with force magnitude.,,True,motion_diagram,Hockey puck sliding across completely frictionless horizontal ice sheet at constant speed v to the right.,"Puck | FrictionlessSurface | VelocityVector(v, right) | NetForce(zero)","[""draw_surface(type='frictionless_ice')"", ""draw_puck(x=200, y=100)"", ""draw_velocity_vector(speed=10, direction='right')"", ""write_equation('F_net = 0 => a = 0 => constant velocity')""]",authored_clean_sample,train,A spacecraft in deep interstellar space moves at constant velocity with its thrusters turned off. What force is pushing it forward?,Force is 5 Newtons.,"Net force required is 0 N. According to Newton's First Law of Motion, an object in motion continues to move at constant velocity unless acted upon by an external net unbalanced force. Frictionless surface means no force is needed to sustain motion.",Topic: Inertia and Force Requirement for Motion | Question: A spacecraft in deep interstellar space moves at constant velocity with its thrusters turned off. What force is pushing it forward? | Student Response: Force is 5 Newtons.,CARELESS_CALCULATION_ERROR
RESP-00168,PHY-FOR-FORC-02,FORCE_NEWTON_FIRST_LAW,Class 9,Force and Laws of Motion,Inertia and Force Requirement for Motion,A spacecraft in deep interstellar space moves at constant velocity with its thrusters turned off. What force is pushing it forward?,"Net force required is 0 N. According to Newton's First Law of Motion, an object in motion continues to move at constant velocity unless acted upon by an external net unbalanced force. Frictionless surface means no force is needed to sustain motion.","From the formula, Force is 5 Newtons. as calculated.",CARELESS_CALCULATION_ERROR,calculation_slip,Medium,Equates numerical speed with force magnitude.,,True,motion_diagram,Hockey puck sliding across completely frictionless horizontal ice sheet at constant speed v to the right.,"Puck | FrictionlessSurface | VelocityVector(v, right) | NetForce(zero)","[""draw_surface(type='frictionless_ice')"", ""draw_puck(x=200, y=100)"", ""draw_velocity_vector(speed=10, direction='right')"", ""write_equation('F_net = 0 => a = 0 => constant velocity')""]",authored_clean_sample,train,A spacecraft in deep interstellar space moves at constant velocity with its thrusters turned off. What force is pushing it forward?,"From the formula, Force is 5 Newtons. as calculated.","Net force required is 0 N. According to Newton's First Law of Motion, an object in motion continues to move at constant velocity unless acted upon by an external net unbalanced force. Frictionless surface means no force is needed to sustain motion.","Topic: Inertia and Force Requirement for Motion | Question: A spacecraft in deep interstellar space moves at constant velocity with its thrusters turned off. What force is pushing it forward? | Student Response: From the formula, Force is 5 Newtons. as calculated.",CARELESS_CALCULATION_ERROR
RESP-00169,PHY-FOR-FORC-03,FORCE_NEWTON_FIRST_LAW,Class 9,Force and Laws of Motion,Inertia and Force Requirement for Motion,Does an object in motion always require an active forward force acting on it to sustain its motion?,"Net force required is 0 N. According to Newton's First Law of Motion, an object in motion continues to move at constant velocity unless acted upon by an external net unbalanced force. Frictionless surface means no force is needed to sustain motion.","According to my working, A continuous forward force is required, otherwise the puck will immediately stop moving.",MISC-FOR-001: Impetus Theory / Continuous Force Fallacy,conceptual_misconception,High,Believes force is required to maintain motion.,,True,motion_diagram,Hockey puck sliding across completely frictionless horizontal ice sheet at constant speed v to the right.,"Puck | FrictionlessSurface | VelocityVector(v, right) | NetForce(zero)","[""draw_surface(type='frictionless_ice')"", ""draw_puck(x=200, y=100)"", ""draw_velocity_vector(speed=10, direction='right')"", ""write_equation('F_net = 0 => a = 0 => constant velocity')""]",curated_per_literature,train,Does an object in motion always require an active forward force acting on it to sustain its motion?,"According to my working, A continuous forward force is required, otherwise the puck will immediately stop moving.","Net force required is 0 N. According to Newton's First Law of Motion, an object in motion continues to move at constant velocity unless acted upon by an external net unbalanced force. Frictionless surface means no force is needed to sustain motion.","Topic: Inertia and Force Requirement for Motion | Question: Does an object in motion always require an active forward force acting on it to sustain its motion? | Student Response: According to my working, A continuous forward force is required, otherwise the puck will immediately stop moving.",MISC-FOR-001: Impetus Theory / Continuous Force Fallacy
RESP-00170,PHY-FOR-FORC-03,FORCE_NEWTON_FIRST_LAW,Class 9,Force and Laws of Motion,Inertia and Force Requirement for Motion,Does an object in motion always require an active forward force acting on it to sustain its motion?,"Net force required is 0 N. According to Newton's First Law of Motion, an object in motion continues to move at constant velocity unless acted upon by an external net unbalanced force. Frictionless surface means no force is needed to sustain motion.","Looking at the diagram, A continuous forward force is required, otherwise the puck will immediately stop moving..",MISC-FOR-001: Impetus Theory / Continuous Force Fallacy,conceptual_misconception,High,Believes force is required to maintain motion.,,True,motion_diagram,Hockey puck sliding across completely frictionless horizontal ice sheet at constant speed v to the right.,"Puck | FrictionlessSurface | VelocityVector(v, right) | NetForce(zero)","[""draw_surface(type='frictionless_ice')"", ""draw_puck(x=200, y=100)"", ""draw_velocity_vector(speed=10, direction='right')"", ""write_equation('F_net = 0 => a = 0 => constant velocity')""]",curated_per_literature,train,Does an object in motion always require an active forward force acting on it to sustain its motion?,"Looking at the diagram, A continuous forward force is required, otherwise the puck will immediately stop moving..","Net force required is 0 N. According to Newton's First Law of Motion, an object in motion continues to move at constant velocity unless acted upon by an external net unbalanced force. Frictionless surface means no force is needed to sustain motion.","Topic: Inertia and Force Requirement for Motion | Question: Does an object in motion always require an active forward force acting on it to sustain its motion? | Student Response: Looking at the diagram, A continuous forward force is required, otherwise the puck will immediately stop moving..",MISC-FOR-001: Impetus Theory / Continuous Force Fallacy
RESP-00171,PHY-FOR-FORC-03,FORCE_NEWTON_FIRST_LAW,Class 9,Force and Laws of Motion,Inertia and Force Requirement for Motion,Does an object in motion always require an active forward force acting on it to sustain its motion?,"Net force required is 0 N. According to Newton's First Law of Motion, an object in motion continues to move at constant velocity unless acted upon by an external net unbalanced force. Frictionless surface means no force is needed to sustain motion.","My answer is: A continuous forward force is required, otherwise the puck will immediately stop moving..",MISC-FOR-001: Impetus Theory / Continuous Force Fallacy,conceptual_misconception,High,Believes force is required to maintain motion.,,True,motion_diagram,Hockey puck sliding across completely frictionless horizontal ice sheet at constant speed v to the right.,"Puck | FrictionlessSurface | VelocityVector(v, right) | NetForce(zero)","[""draw_surface(type='frictionless_ice')"", ""draw_puck(x=200, y=100)"", ""draw_velocity_vector(speed=10, direction='right')"", ""write_equation('F_net = 0 => a = 0 => constant velocity')""]",curated_per_literature,train,Does an object in motion always require an active forward force acting on it to sustain its motion?,"My answer is: A continuous forward force is required, otherwise the puck will immediately stop moving..","Net force required is 0 N. According to Newton's First Law of Motion, an object in motion continues to move at constant velocity unless acted upon by an external net unbalanced force. Frictionless surface means no force is needed to sustain motion.","Topic: Inertia and Force Requirement for Motion | Question: Does an object in motion always require an active forward force acting on it to sustain its motion? | Student Response: My answer is: A continuous forward force is required, otherwise the puck will immediately stop moving..",MISC-FOR-001: Impetus Theory / Continuous Force Fallacy
RESP-00172,PHY-FOR-FORC-03,FORCE_NEWTON_FIRST_LAW,Class 9,Force and Laws of Motion,Inertia and Force Requirement for Motion,Does an object in motion always require an active forward force acting on it to sustain its motion?,"Net force required is 0 N. According to Newton's First Law of Motion, an object in motion continues to move at constant velocity unless acted upon by an external net unbalanced force. Frictionless surface means no force is needed to sustain motion.","Based on physical laws, A continuous forward force is required, otherwise the puck will immediately stop moving..",MISC-FOR-001: Impetus Theory / Continuous Force Fallacy,conceptual_misconception,High,Believes force is required to maintain motion.,,True,motion_diagram,Hockey puck sliding across completely frictionless horizontal ice sheet at constant speed v to the right.,"Puck | FrictionlessSurface | VelocityVector(v, right) | NetForce(zero)","[""draw_surface(type='frictionless_ice')"", ""draw_puck(x=200, y=100)"", ""draw_velocity_vector(speed=10, direction='right')"", ""write_equation('F_net = 0 => a = 0 => constant velocity')""]",curated_per_literature,train,Does an object in motion always require an active forward force acting on it to sustain its motion?,"Based on physical laws, A continuous forward force is required, otherwise the puck will immediately stop moving..","Net force required is 0 N. According to Newton's First Law of Motion, an object in motion continues to move at constant velocity unless acted upon by an external net unbalanced force. Frictionless surface means no force is needed to sustain motion.","Topic: Inertia and Force Requirement for Motion | Question: Does an object in motion always require an active forward force acting on it to sustain its motion? | Student Response: Based on physical laws, A continuous forward force is required, otherwise the puck will immediately stop moving..",MISC-FOR-001: Impetus Theory / Continuous Force Fallacy
RESP-00173,PHY-FOR-FORC-03,FORCE_NEWTON_FIRST_LAW,Class 9,Force and Laws of Motion,Inertia and Force Requirement for Motion,Does an object in motion always require an active forward force acting on it to sustain its motion?,"Net force required is 0 N. According to Newton's First Law of Motion, an object in motion continues to move at constant velocity unless acted upon by an external net unbalanced force. Frictionless surface means no force is needed to sustain motion.","According to my working, A continuous forward force is required, otherwise the puck will immediately stop moving.",MISC-FOR-001: Impetus Theory / Continuous Force Fallacy,conceptual_misconception,High,Believes force is required to maintain motion.,,True,motion_diagram,Hockey puck sliding across completely frictionless horizontal ice sheet at constant speed v to the right.,"Puck | FrictionlessSurface | VelocityVector(v, right) | NetForce(zero)","[""draw_surface(type='frictionless_ice')"", ""draw_puck(x=200, y=100)"", ""draw_velocity_vector(speed=10, direction='right')"", ""write_equation('F_net = 0 => a = 0 => constant velocity')""]",curated_per_literature,train,Does an object in motion always require an active forward force acting on it to sustain its motion?,"According to my working, A continuous forward force is required, otherwise the puck will immediately stop moving.","Net force required is 0 N. According to Newton's First Law of Motion, an object in motion continues to move at constant velocity unless acted upon by an external net unbalanced force. Frictionless surface means no force is needed to sustain motion.","Topic: Inertia and Force Requirement for Motion | Question: Does an object in motion always require an active forward force acting on it to sustain its motion? | Student Response: According to my working, A continuous forward force is required, otherwise the puck will immediately stop moving.",MISC-FOR-001: Impetus Theory / Continuous Force Fallacy
RESP-00174,PHY-FOR-FORC-03,FORCE_NEWTON_FIRST_LAW,Class 9,Force and Laws of Motion,Inertia and Force Requirement for Motion,Does an object in motion always require an active forward force acting on it to sustain its motion?,"Net force required is 0 N. According to Newton's First Law of Motion, an object in motion continues to move at constant velocity unless acted upon by an external net unbalanced force. Frictionless surface means no force is needed to sustain motion.",In class we learned that Force must equal mass times velocity to keep it moving forward..,MISC-FOR-001: Impetus Theory / Continuous Force Fallacy,conceptual_misconception,High,Conflates force with momentum or constant velocity.,,True,motion_diagram,Hockey puck sliding across completely frictionless horizontal ice sheet at constant speed v to the right.,"Puck | FrictionlessSurface | VelocityVector(v, right) | NetForce(zero)","[""draw_surface(type='frictionless_ice')"", ""draw_puck(x=200, y=100)"", ""draw_velocity_vector(speed=10, direction='right')"", ""write_equation('F_net = 0 => a = 0 => constant velocity')""]",curated_per_literature,train,Does an object in motion always require an active forward force acting on it to sustain its motion?,In class we learned that Force must equal mass times velocity to keep it moving forward..,"Net force required is 0 N. According to Newton's First Law of Motion, an object in motion continues to move at constant velocity unless acted upon by an external net unbalanced force. Frictionless surface means no force is needed to sustain motion.",Topic: Inertia and Force Requirement for Motion | Question: Does an object in motion always require an active forward force acting on it to sustain its motion? | Student Response: In class we learned that Force must equal mass times velocity to keep it moving forward..,MISC-FOR-001: Impetus Theory / Continuous Force Fallacy
RESP-00175,PHY-FOR-FORC-03,FORCE_NEWTON_FIRST_LAW,Class 9,Force and Laws of Motion,Inertia and Force Requirement for Motion,Does an object in motion always require an active forward force acting on it to sustain its motion?,"Net force required is 0 N. According to Newton's First Law of Motion, an object in motion continues to move at constant velocity unless acted upon by an external net unbalanced force. Frictionless surface means no force is needed to sustain motion.",Force must equal mass times velocity to keep it moving forward.,MISC-FOR-001: Impetus Theory / Continuous Force Fallacy,conceptual_misconception,High,Conflates force with momentum or constant velocity.,,True,motion_diagram,Hockey puck sliding across completely frictionless horizontal ice sheet at constant speed v to the right.,"Puck | FrictionlessSurface | VelocityVector(v, right) | NetForce(zero)","[""draw_surface(type='frictionless_ice')"", ""draw_puck(x=200, y=100)"", ""draw_velocity_vector(speed=10, direction='right')"", ""write_equation('F_net = 0 => a = 0 => constant velocity')""]",curated_per_literature,train,Does an object in motion always require an active forward force acting on it to sustain its motion?,Force must equal mass times velocity to keep it moving forward.,"Net force required is 0 N. According to Newton's First Law of Motion, an object in motion continues to move at constant velocity unless acted upon by an external net unbalanced force. Frictionless surface means no force is needed to sustain motion.",Topic: Inertia and Force Requirement for Motion | Question: Does an object in motion always require an active forward force acting on it to sustain its motion? | Student Response: Force must equal mass times velocity to keep it moving forward.,MISC-FOR-001: Impetus Theory / Continuous Force Fallacy
RESP-00176,PHY-FOR-FORC-03,FORCE_NEWTON_FIRST_LAW,Class 9,Force and Laws of Motion,Inertia and Force Requirement for Motion,Does an object in motion always require an active forward force acting on it to sustain its motion?,"Net force required is 0 N. According to Newton's First Law of Motion, an object in motion continues to move at constant velocity unless acted upon by an external net unbalanced force. Frictionless surface means no force is needed to sustain motion.","From the formula, Force must equal mass times velocity to keep it moving forward. as calculated.",MISC-FOR-001: Impetus Theory / Continuous Force Fallacy,conceptual_misconception,High,Conflates force with momentum or constant velocity.,,True,motion_diagram,Hockey puck sliding across completely frictionless horizontal ice sheet at constant speed v to the right.,"Puck | FrictionlessSurface | VelocityVector(v, right) | NetForce(zero)","[""draw_surface(type='frictionless_ice')"", ""draw_puck(x=200, y=100)"", ""draw_velocity_vector(speed=10, direction='right')"", ""write_equation('F_net = 0 => a = 0 => constant velocity')""]",curated_per_literature,train,Does an object in motion always require an active forward force acting on it to sustain its motion?,"From the formula, Force must equal mass times velocity to keep it moving forward. as calculated.","Net force required is 0 N. According to Newton's First Law of Motion, an object in motion continues to move at constant velocity unless acted upon by an external net unbalanced force. Frictionless surface means no force is needed to sustain motion.","Topic: Inertia and Force Requirement for Motion | Question: Does an object in motion always require an active forward force acting on it to sustain its motion? | Student Response: From the formula, Force must equal mass times velocity to keep it moving forward. as calculated.",MISC-FOR-001: Impetus Theory / Continuous Force Fallacy
RESP-00177,PHY-FOR-FORC-03,FORCE_NEWTON_FIRST_LAW,Class 9,Force and Laws of Motion,Inertia and Force Requirement for Motion,Does an object in motion always require an active forward force acting on it to sustain its motion?,"Net force required is 0 N. According to Newton's First Law of Motion, an object in motion continues to move at constant velocity unless acted upon by an external net unbalanced force. Frictionless surface means no force is needed to sustain motion.",Step 1: calculate values. Force must equal mass times velocity to keep it moving forward. That is the answer.,MISC-FOR-001: Impetus Theory / Continuous Force Fallacy,conceptual_misconception,High,Conflates force with momentum or constant velocity.,,True,motion_diagram,Hockey puck sliding across completely frictionless horizontal ice sheet at constant speed v to the right.,"Puck | FrictionlessSurface | VelocityVector(v, right) | NetForce(zero)","[""draw_surface(type='frictionless_ice')"", ""draw_puck(x=200, y=100)"", ""draw_velocity_vector(speed=10, direction='right')"", ""write_equation('F_net = 0 => a = 0 => constant velocity')""]",curated_per_literature,train,Does an object in motion always require an active forward force acting on it to sustain its motion?,Step 1: calculate values. Force must equal mass times velocity to keep it moving forward. That is the answer.,"Net force required is 0 N. According to Newton's First Law of Motion, an object in motion continues to move at constant velocity unless acted upon by an external net unbalanced force. Frictionless surface means no force is needed to sustain motion.",Topic: Inertia and Force Requirement for Motion | Question: Does an object in motion always require an active forward force acting on it to sustain its motion? | Student Response: Step 1: calculate values. Force must equal mass times velocity to keep it moving forward. That is the answer.,MISC-FOR-001: Impetus Theory / Continuous Force Fallacy
RESP-00178,PHY-FOR-FORC-03,FORCE_NEWTON_FIRST_LAW,Class 9,Force and Laws of Motion,Inertia and Force Requirement for Motion,Does an object in motion always require an active forward force acting on it to sustain its motion?,"Net force required is 0 N. According to Newton's First Law of Motion, an object in motion continues to move at constant velocity unless acted upon by an external net unbalanced force. Frictionless surface means no force is needed to sustain motion.",In class we learned that Force must equal mass times velocity to keep it moving forward..,MISC-FOR-001: Impetus Theory / Continuous Force Fallacy,conceptual_misconception,High,Conflates force with momentum or constant velocity.,,True,motion_diagram,Hockey puck sliding across completely frictionless horizontal ice sheet at constant speed v to the right.,"Puck | FrictionlessSurface | VelocityVector(v, right) | NetForce(zero)","[""draw_surface(type='frictionless_ice')"", ""draw_puck(x=200, y=100)"", ""draw_velocity_vector(speed=10, direction='right')"", ""write_equation('F_net = 0 => a = 0 => constant velocity')""]",curated_per_literature,train,Does an object in motion always require an active forward force acting on it to sustain its motion?,In class we learned that Force must equal mass times velocity to keep it moving forward..,"Net force required is 0 N. According to Newton's First Law of Motion, an object in motion continues to move at constant velocity unless acted upon by an external net unbalanced force. Frictionless surface means no force is needed to sustain motion.",Topic: Inertia and Force Requirement for Motion | Question: Does an object in motion always require an active forward force acting on it to sustain its motion? | Student Response: In class we learned that Force must equal mass times velocity to keep it moving forward..,MISC-FOR-001: Impetus Theory / Continuous Force Fallacy
RESP-00179,PHY-FOR-FORC-03,FORCE_NEWTON_FIRST_LAW,Class 9,Force and Laws of Motion,Inertia and Force Requirement for Motion,Does an object in motion always require an active forward force acting on it to sustain its motion?,"Net force required is 0 N. According to Newton's First Law of Motion, an object in motion continues to move at constant velocity unless acted upon by an external net unbalanced force. Frictionless surface means no force is needed to sustain motion.","Looking at the diagram, 0 N. By Newton's First Law, no net force is needed to maintain constant velocity on a frictionless surface..",CORRECT: Scientifically Accurate Response,no_error,High,Accurately applies inertia and Newton's first law.,,True,motion_diagram,Hockey puck sliding across completely frictionless horizontal ice sheet at constant speed v to the right.,"Puck | FrictionlessSurface | VelocityVector(v, right) | NetForce(zero)","[""draw_surface(type='frictionless_ice')"", ""draw_puck(x=200, y=100)"", ""draw_velocity_vector(speed=10, direction='right')"", ""write_equation('F_net = 0 => a = 0 => constant velocity')""]",authored_clean_sample,train,Does an object in motion always require an active forward force acting on it to sustain its motion?,"Looking at the diagram, 0 N. By Newton's First Law, no net force is needed to maintain constant velocity on a frictionless surface..","Net force required is 0 N. According to Newton's First Law of Motion, an object in motion continues to move at constant velocity unless acted upon by an external net unbalanced force. Frictionless surface means no force is needed to sustain motion.","Topic: Inertia and Force Requirement for Motion | Question: Does an object in motion always require an active forward force acting on it to sustain its motion? | Student Response: Looking at the diagram, 0 N. By Newton's First Law, no net force is needed to maintain constant velocity on a frictionless surface..",CORRECT: Scientifically Accurate Response
RESP-00180,PHY-FOR-FORC-03,FORCE_NEWTON_FIRST_LAW,Class 9,Force and Laws of Motion,Inertia and Force Requirement for Motion,Does an object in motion always require an active forward force acting on it to sustain its motion?,"Net force required is 0 N. According to Newton's First Law of Motion, an object in motion continues to move at constant velocity unless acted upon by an external net unbalanced force. Frictionless surface means no force is needed to sustain motion.","My answer is: 0 N. By Newton's First Law, no net force is needed to maintain constant velocity on a frictionless surface..",CORRECT: Scientifically Accurate Response,no_error,High,Accurately applies inertia and Newton's first law.,,True,motion_diagram,Hockey puck sliding across completely frictionless horizontal ice sheet at constant speed v to the right.,"Puck | FrictionlessSurface | VelocityVector(v, right) | NetForce(zero)","[""draw_surface(type='frictionless_ice')"", ""draw_puck(x=200, y=100)"", ""draw_velocity_vector(speed=10, direction='right')"", ""write_equation('F_net = 0 => a = 0 => constant velocity')""]",authored_clean_sample,train,Does an object in motion always require an active forward force acting on it to sustain its motion?,"My answer is: 0 N. By Newton's First Law, no net force is needed to maintain constant velocity on a frictionless surface..","Net force required is 0 N. According to Newton's First Law of Motion, an object in motion continues to move at constant velocity unless acted upon by an external net unbalanced force. Frictionless surface means no force is needed to sustain motion.","Topic: Inertia and Force Requirement for Motion | Question: Does an object in motion always require an active forward force acting on it to sustain its motion? | Student Response: My answer is: 0 N. By Newton's First Law, no net force is needed to maintain constant velocity on a frictionless surface..",CORRECT: Scientifically Accurate Response
RESP-00181,PHY-FOR-FORC-03,FORCE_NEWTON_FIRST_LAW,Class 9,Force and Laws of Motion,Inertia and Force Requirement for Motion,Does an object in motion always require an active forward force acting on it to sustain its motion?,"Net force required is 0 N. According to Newton's First Law of Motion, an object in motion continues to move at constant velocity unless acted upon by an external net unbalanced force. Frictionless surface means no force is needed to sustain motion.","Based on physical laws, 0 N. By Newton's First Law, no net force is needed to maintain constant velocity on a frictionless surface..",CORRECT: Scientifically Accurate Response,no_error,High,Accurately applies inertia and Newton's first law.,,True,motion_diagram,Hockey puck sliding across completely frictionless horizontal ice sheet at constant speed v to the right.,"Puck | FrictionlessSurface | VelocityVector(v, right) | NetForce(zero)","[""draw_surface(type='frictionless_ice')"", ""draw_puck(x=200, y=100)"", ""draw_velocity_vector(speed=10, direction='right')"", ""write_equation('F_net = 0 => a = 0 => constant velocity')""]",authored_clean_sample,test,Does an object in motion always require an active forward force acting on it to sustain its motion?,"Based on physical laws, 0 N. By Newton's First Law, no net force is needed to maintain constant velocity on a frictionless surface..","Net force required is 0 N. According to Newton's First Law of Motion, an object in motion continues to move at constant velocity unless acted upon by an external net unbalanced force. Frictionless surface means no force is needed to sustain motion.","Topic: Inertia and Force Requirement for Motion | Question: Does an object in motion always require an active forward force acting on it to sustain its motion? | Student Response: Based on physical laws, 0 N. By Newton's First Law, no net force is needed to maintain constant velocity on a frictionless surface..",CORRECT: Scientifically Accurate Response
RESP-00182,PHY-FOR-FORC-03,FORCE_NEWTON_FIRST_LAW,Class 9,Force and Laws of Motion,Inertia and Force Requirement for Motion,Does an object in motion always require an active forward force acting on it to sustain its motion?,"Net force required is 0 N. According to Newton's First Law of Motion, an object in motion continues to move at constant velocity unless acted upon by an external net unbalanced force. Frictionless surface means no force is needed to sustain motion.","According to my working, 0 N. By Newton's First Law, no net force is needed to maintain constant velocity on a frictionless surface.",CORRECT: Scientifically Accurate Response,no_error,High,Accurately applies inertia and Newton's first law.,,True,motion_diagram,Hockey puck sliding across completely frictionless horizontal ice sheet at constant speed v to the right.,"Puck | FrictionlessSurface | VelocityVector(v, right) | NetForce(zero)","[""draw_surface(type='frictionless_ice')"", ""draw_puck(x=200, y=100)"", ""draw_velocity_vector(speed=10, direction='right')"", ""write_equation('F_net = 0 => a = 0 => constant velocity')""]",authored_clean_sample,test,Does an object in motion always require an active forward force acting on it to sustain its motion?,"According to my working, 0 N. By Newton's First Law, no net force is needed to maintain constant velocity on a frictionless surface.","Net force required is 0 N. According to Newton's First Law of Motion, an object in motion continues to move at constant velocity unless acted upon by an external net unbalanced force. Frictionless surface means no force is needed to sustain motion.","Topic: Inertia and Force Requirement for Motion | Question: Does an object in motion always require an active forward force acting on it to sustain its motion? | Student Response: According to my working, 0 N. By Newton's First Law, no net force is needed to maintain constant velocity on a frictionless surface.",CORRECT: Scientifically Accurate Response
RESP-00183,PHY-FOR-FORC-03,FORCE_NEWTON_FIRST_LAW,Class 9,Force and Laws of Motion,Inertia and Force Requirement for Motion,Does an object in motion always require an active forward force acting on it to sustain its motion?,"Net force required is 0 N. According to Newton's First Law of Motion, an object in motion continues to move at constant velocity unless acted upon by an external net unbalanced force. Frictionless surface means no force is needed to sustain motion.","Looking at the diagram, 0 N. By Newton's First Law, no net force is needed to maintain constant velocity on a frictionless surface..",CORRECT: Scientifically Accurate Response,no_error,High,Accurately applies inertia and Newton's first law.,,True,motion_diagram,Hockey puck sliding across completely frictionless horizontal ice sheet at constant speed v to the right.,"Puck | FrictionlessSurface | VelocityVector(v, right) | NetForce(zero)","[""draw_surface(type='frictionless_ice')"", ""draw_puck(x=200, y=100)"", ""draw_velocity_vector(speed=10, direction='right')"", ""write_equation('F_net = 0 => a = 0 => constant velocity')""]",authored_clean_sample,test,Does an object in motion always require an active forward force acting on it to sustain its motion?,"Looking at the diagram, 0 N. By Newton's First Law, no net force is needed to maintain constant velocity on a frictionless surface..","Net force required is 0 N. According to Newton's First Law of Motion, an object in motion continues to move at constant velocity unless acted upon by an external net unbalanced force. Frictionless surface means no force is needed to sustain motion.","Topic: Inertia and Force Requirement for Motion | Question: Does an object in motion always require an active forward force acting on it to sustain its motion? | Student Response: Looking at the diagram, 0 N. By Newton's First Law, no net force is needed to maintain constant velocity on a frictionless surface..",CORRECT: Scientifically Accurate Response
RESP-00184,PHY-FOR-FORC-03,FORCE_NEWTON_FIRST_LAW,Class 9,Force and Laws of Motion,Inertia and Force Requirement for Motion,Does an object in motion always require an active forward force acting on it to sustain its motion?,"Net force required is 0 N. According to Newton's First Law of Motion, an object in motion continues to move at constant velocity unless acted upon by an external net unbalanced force. Frictionless surface means no force is needed to sustain motion.",Force is 5 Newtons.,CARELESS_CALCULATION_ERROR,calculation_slip,Medium,Equates numerical speed with force magnitude.,,True,motion_diagram,Hockey puck sliding across completely frictionless horizontal ice sheet at constant speed v to the right.,"Puck | FrictionlessSurface | VelocityVector(v, right) | NetForce(zero)","[""draw_surface(type='frictionless_ice')"", ""draw_puck(x=200, y=100)"", ""draw_velocity_vector(speed=10, direction='right')"", ""write_equation('F_net = 0 => a = 0 => constant velocity')""]",authored_clean_sample,val,Does an object in motion always require an active forward force acting on it to sustain its motion?,Force is 5 Newtons.,"Net force required is 0 N. According to Newton's First Law of Motion, an object in motion continues to move at constant velocity unless acted upon by an external net unbalanced force. Frictionless surface means no force is needed to sustain motion.",Topic: Inertia and Force Requirement for Motion | Question: Does an object in motion always require an active forward force acting on it to sustain its motion? | Student Response: Force is 5 Newtons.,CARELESS_CALCULATION_ERROR
RESP-00185,PHY-FOR-FORC-03,FORCE_NEWTON_FIRST_LAW,Class 9,Force and Laws of Motion,Inertia and Force Requirement for Motion,Does an object in motion always require an active forward force acting on it to sustain its motion?,"Net force required is 0 N. According to Newton's First Law of Motion, an object in motion continues to move at constant velocity unless acted upon by an external net unbalanced force. Frictionless surface means no force is needed to sustain motion.","From the formula, Force is 5 Newtons. as calculated.",CARELESS_CALCULATION_ERROR,calculation_slip,Medium,Equates numerical speed with force magnitude.,,True,motion_diagram,Hockey puck sliding across completely frictionless horizontal ice sheet at constant speed v to the right.,"Puck | FrictionlessSurface | VelocityVector(v, right) | NetForce(zero)","[""draw_surface(type='frictionless_ice')"", ""draw_puck(x=200, y=100)"", ""draw_velocity_vector(speed=10, direction='right')"", ""write_equation('F_net = 0 => a = 0 => constant velocity')""]",authored_clean_sample,val,Does an object in motion always require an active forward force acting on it to sustain its motion?,"From the formula, Force is 5 Newtons. as calculated.","Net force required is 0 N. According to Newton's First Law of Motion, an object in motion continues to move at constant velocity unless acted upon by an external net unbalanced force. Frictionless surface means no force is needed to sustain motion.","Topic: Inertia and Force Requirement for Motion | Question: Does an object in motion always require an active forward force acting on it to sustain its motion? | Student Response: From the formula, Force is 5 Newtons. as calculated.",CARELESS_CALCULATION_ERROR
RESP-00186,PHY-FOR-FORC-03,FORCE_NEWTON_FIRST_LAW,Class 9,Force and Laws of Motion,Inertia and Force Requirement for Motion,Does an object in motion always require an active forward force acting on it to sustain its motion?,"Net force required is 0 N. According to Newton's First Law of Motion, an object in motion continues to move at constant velocity unless acted upon by an external net unbalanced force. Frictionless surface means no force is needed to sustain motion.",Step 1: calculate values. Force is 5 Newtons. That is the answer.,CARELESS_CALCULATION_ERROR,calculation_slip,Medium,Equates numerical speed with force magnitude.,,True,motion_diagram,Hockey puck sliding across completely frictionless horizontal ice sheet at constant speed v to the right.,"Puck | FrictionlessSurface | VelocityVector(v, right) | NetForce(zero)","[""draw_surface(type='frictionless_ice')"", ""draw_puck(x=200, y=100)"", ""draw_velocity_vector(speed=10, direction='right')"", ""write_equation('F_net = 0 => a = 0 => constant velocity')""]",authored_clean_sample,val,Does an object in motion always require an active forward force acting on it to sustain its motion?,Step 1: calculate values. Force is 5 Newtons. That is the answer.,"Net force required is 0 N. According to Newton's First Law of Motion, an object in motion continues to move at constant velocity unless acted upon by an external net unbalanced force. Frictionless surface means no force is needed to sustain motion.",Topic: Inertia and Force Requirement for Motion | Question: Does an object in motion always require an active forward force acting on it to sustain its motion? | Student Response: Step 1: calculate values. Force is 5 Newtons. That is the answer.,CARELESS_CALCULATION_ERROR
RESP-00187,PHY-GRA-GRAV-01,GRAVITATION_FREE_FALL,Class 9,Gravitation,Free Fall & Acceleration due to Gravity,A heavy 10 kg iron ball and a light 1 kg wooden ball are dropped simultaneously from the same height in an evacuated vacuum chamber. Which ball hits the ground first?,"Both hit the ground at the exact same instant. Acceleration due to gravity g = G*M_earth / R^2 is independent of the falling object's mass m. While gravitational force is greater on the heavier object (F = mg), its inertial resistance to acceleration is proportionally greater by the exact same factor (a = F/m = g).","Looking at the diagram, The 10 kg iron ball hits first because heavier objects fall faster due to stronger gravity..",MISC-GRAV-001: Heavier Objects Fall Faster Fallacy,conceptual_misconception,High,Aristotelian intuition that weight determines fall speed.,,True,motion_diagram,A 10 kg iron cannonball and a 100 g wooden ball dropped simultaneously from height h inside an evacuated vacuum tube.,VacuumChamber | HeavyBall(10kg) | LightBall(100g) | Ground,"[""draw_vacuum_chamber()"", ""draw_falling_mass(label='10 kg', x=150, y=50)"", ""draw_falling_mass(label='0.1 kg', x=300, y=50)"", ""write_equation('g = G*M / R^2 (independent of falling mass)')""]",curated_per_literature,train,A heavy 10 kg iron ball and a light 1 kg wooden ball are dropped simultaneously from the same height in an evacuated vacuum chamber. Which ball hits the ground first?,"Looking at the diagram, The 10 kg iron ball hits first because heavier objects fall faster due to stronger gravity..","Both hit the ground at the exact same instant. Acceleration due to gravity g = G*M_earth / R^2 is independent of the falling object's mass m. While gravitational force is greater on the heavier object (F = mg), its inertial resistance to acceleration is proportionally greater by the exact same factor (a = F/m = g).","Topic: Free Fall & Acceleration due to Gravity | Question: A heavy 10 kg iron ball and a light 1 kg wooden ball are dropped simultaneously from the same height in an evacuated vacuum chamber. Which ball hits the ground first? | Student Response: Looking at the diagram, The 10 kg iron ball hits first because heavier objects fall faster due to stronger gravity..",MISC-GRAV-001: Heavier Objects Fall Faster Fallacy
RESP-00188,PHY-GRA-GRAV-01,GRAVITATION_FREE_FALL,Class 9,Gravitation,Free Fall & Acceleration due to Gravity,A heavy 10 kg iron ball and a light 1 kg wooden ball are dropped simultaneously from the same height in an evacuated vacuum chamber. Which ball hits the ground first?,"Both hit the ground at the exact same instant. Acceleration due to gravity g = G*M_earth / R^2 is independent of the falling object's mass m. While gravitational force is greater on the heavier object (F = mg), its inertial resistance to acceleration is proportionally greater by the exact same factor (a = F/m = g).",My answer is: The 10 kg iron ball hits first because heavier objects fall faster due to stronger gravity..,MISC-GRAV-001: Heavier Objects Fall Faster Fallacy,conceptual_misconception,High,Aristotelian intuition that weight determines fall speed.,,True,motion_diagram,A 10 kg iron cannonball and a 100 g wooden ball dropped simultaneously from height h inside an evacuated vacuum tube.,VacuumChamber | HeavyBall(10kg) | LightBall(100g) | Ground,"[""draw_vacuum_chamber()"", ""draw_falling_mass(label='10 kg', x=150, y=50)"", ""draw_falling_mass(label='0.1 kg', x=300, y=50)"", ""write_equation('g = G*M / R^2 (independent of falling mass)')""]",curated_per_literature,train,A heavy 10 kg iron ball and a light 1 kg wooden ball are dropped simultaneously from the same height in an evacuated vacuum chamber. Which ball hits the ground first?,My answer is: The 10 kg iron ball hits first because heavier objects fall faster due to stronger gravity..,"Both hit the ground at the exact same instant. Acceleration due to gravity g = G*M_earth / R^2 is independent of the falling object's mass m. While gravitational force is greater on the heavier object (F = mg), its inertial resistance to acceleration is proportionally greater by the exact same factor (a = F/m = g).",Topic: Free Fall & Acceleration due to Gravity | Question: A heavy 10 kg iron ball and a light 1 kg wooden ball are dropped simultaneously from the same height in an evacuated vacuum chamber. Which ball hits the ground first? | Student Response: My answer is: The 10 kg iron ball hits first because heavier objects fall faster due to stronger gravity..,MISC-GRAV-001: Heavier Objects Fall Faster Fallacy
RESP-00189,PHY-GRA-GRAV-01,GRAVITATION_FREE_FALL,Class 9,Gravitation,Free Fall & Acceleration due to Gravity,A heavy 10 kg iron ball and a light 1 kg wooden ball are dropped simultaneously from the same height in an evacuated vacuum chamber. Which ball hits the ground first?,"Both hit the ground at the exact same instant. Acceleration due to gravity g = G*M_earth / R^2 is independent of the falling object's mass m. While gravitational force is greater on the heavier object (F = mg), its inertial resistance to acceleration is proportionally greater by the exact same factor (a = F/m = g).","Based on physical laws, The 10 kg iron ball hits first because heavier objects fall faster due to stronger gravity..",MISC-GRAV-001: Heavier Objects Fall Faster Fallacy,conceptual_misconception,High,Aristotelian intuition that weight determines fall speed.,,True,motion_diagram,A 10 kg iron cannonball and a 100 g wooden ball dropped simultaneously from height h inside an evacuated vacuum tube.,VacuumChamber | HeavyBall(10kg) | LightBall(100g) | Ground,"[""draw_vacuum_chamber()"", ""draw_falling_mass(label='10 kg', x=150, y=50)"", ""draw_falling_mass(label='0.1 kg', x=300, y=50)"", ""write_equation('g = G*M / R^2 (independent of falling mass)')""]",curated_per_literature,train,A heavy 10 kg iron ball and a light 1 kg wooden ball are dropped simultaneously from the same height in an evacuated vacuum chamber. Which ball hits the ground first?,"Based on physical laws, The 10 kg iron ball hits first because heavier objects fall faster due to stronger gravity..","Both hit the ground at the exact same instant. Acceleration due to gravity g = G*M_earth / R^2 is independent of the falling object's mass m. While gravitational force is greater on the heavier object (F = mg), its inertial resistance to acceleration is proportionally greater by the exact same factor (a = F/m = g).","Topic: Free Fall & Acceleration due to Gravity | Question: A heavy 10 kg iron ball and a light 1 kg wooden ball are dropped simultaneously from the same height in an evacuated vacuum chamber. Which ball hits the ground first? | Student Response: Based on physical laws, The 10 kg iron ball hits first because heavier objects fall faster due to stronger gravity..",MISC-GRAV-001: Heavier Objects Fall Faster Fallacy
RESP-00190,PHY-GRA-GRAV-01,GRAVITATION_FREE_FALL,Class 9,Gravitation,Free Fall & Acceleration due to Gravity,A heavy 10 kg iron ball and a light 1 kg wooden ball are dropped simultaneously from the same height in an evacuated vacuum chamber. Which ball hits the ground first?,"Both hit the ground at the exact same instant. Acceleration due to gravity g = G*M_earth / R^2 is independent of the falling object's mass m. While gravitational force is greater on the heavier object (F = mg), its inertial resistance to acceleration is proportionally greater by the exact same factor (a = F/m = g).","According to my working, The 10 kg iron ball hits first because heavier objects fall faster due to stronger gravity.",MISC-GRAV-001: Heavier Objects Fall Faster Fallacy,conceptual_misconception,High,Aristotelian intuition that weight determines fall speed.,,True,motion_diagram,A 10 kg iron cannonball and a 100 g wooden ball dropped simultaneously from height h inside an evacuated vacuum tube.,VacuumChamber | HeavyBall(10kg) | LightBall(100g) | Ground,"[""draw_vacuum_chamber()"", ""draw_falling_mass(label='10 kg', x=150, y=50)"", ""draw_falling_mass(label='0.1 kg', x=300, y=50)"", ""write_equation('g = G*M / R^2 (independent of falling mass)')""]",curated_per_literature,train,A heavy 10 kg iron ball and a light 1 kg wooden ball are dropped simultaneously from the same height in an evacuated vacuum chamber. Which ball hits the ground first?,"According to my working, The 10 kg iron ball hits first because heavier objects fall faster due to stronger gravity.","Both hit the ground at the exact same instant. Acceleration due to gravity g = G*M_earth / R^2 is independent of the falling object's mass m. While gravitational force is greater on the heavier object (F = mg), its inertial resistance to acceleration is proportionally greater by the exact same factor (a = F/m = g).","Topic: Free Fall & Acceleration due to Gravity | Question: A heavy 10 kg iron ball and a light 1 kg wooden ball are dropped simultaneously from the same height in an evacuated vacuum chamber. Which ball hits the ground first? | Student Response: According to my working, The 10 kg iron ball hits first because heavier objects fall faster due to stronger gravity.",MISC-GRAV-001: Heavier Objects Fall Faster Fallacy
RESP-00191,PHY-GRA-GRAV-01,GRAVITATION_FREE_FALL,Class 9,Gravitation,Free Fall & Acceleration due to Gravity,A heavy 10 kg iron ball and a light 1 kg wooden ball are dropped simultaneously from the same height in an evacuated vacuum chamber. Which ball hits the ground first?,"Both hit the ground at the exact same instant. Acceleration due to gravity g = G*M_earth / R^2 is independent of the falling object's mass m. While gravitational force is greater on the heavier object (F = mg), its inertial resistance to acceleration is proportionally greater by the exact same factor (a = F/m = g).","Looking at the diagram, The 10 kg iron ball hits first because heavier objects fall faster due to stronger gravity..",MISC-GRAV-001: Heavier Objects Fall Faster Fallacy,conceptual_misconception,High,Aristotelian intuition that weight determines fall speed.,,True,motion_diagram,A 10 kg iron cannonball and a 100 g wooden ball dropped simultaneously from height h inside an evacuated vacuum tube.,VacuumChamber | HeavyBall(10kg) | LightBall(100g) | Ground,"[""draw_vacuum_chamber()"", ""draw_falling_mass(label='10 kg', x=150, y=50)"", ""draw_falling_mass(label='0.1 kg', x=300, y=50)"", ""write_equation('g = G*M / R^2 (independent of falling mass)')""]",curated_per_literature,train,A heavy 10 kg iron ball and a light 1 kg wooden ball are dropped simultaneously from the same height in an evacuated vacuum chamber. Which ball hits the ground first?,"Looking at the diagram, The 10 kg iron ball hits first because heavier objects fall faster due to stronger gravity..","Both hit the ground at the exact same instant. Acceleration due to gravity g = G*M_earth / R^2 is independent of the falling object's mass m. While gravitational force is greater on the heavier object (F = mg), its inertial resistance to acceleration is proportionally greater by the exact same factor (a = F/m = g).","Topic: Free Fall & Acceleration due to Gravity | Question: A heavy 10 kg iron ball and a light 1 kg wooden ball are dropped simultaneously from the same height in an evacuated vacuum chamber. Which ball hits the ground first? | Student Response: Looking at the diagram, The 10 kg iron ball hits first because heavier objects fall faster due to stronger gravity..",MISC-GRAV-001: Heavier Objects Fall Faster Fallacy
RESP-00192,PHY-GRA-GRAV-01,GRAVITATION_FREE_FALL,Class 9,Gravitation,Free Fall & Acceleration due to Gravity,A heavy 10 kg iron ball and a light 1 kg wooden ball are dropped simultaneously from the same height in an evacuated vacuum chamber. Which ball hits the ground first?,"Both hit the ground at the exact same instant. Acceleration due to gravity g = G*M_earth / R^2 is independent of the falling object's mass m. While gravitational force is greater on the heavier object (F = mg), its inertial resistance to acceleration is proportionally greater by the exact same factor (a = F/m = g).",The heavy ball hits first because gravity pulls heavy things with more speed.,MISC-GRAV-001: Heavier Objects Fall Faster Fallacy,conceptual_misconception,High,Conflates gravitational force with acceleration.,,True,motion_diagram,A 10 kg iron cannonball and a 100 g wooden ball dropped simultaneously from height h inside an evacuated vacuum tube.,VacuumChamber | HeavyBall(10kg) | LightBall(100g) | Ground,"[""draw_vacuum_chamber()"", ""draw_falling_mass(label='10 kg', x=150, y=50)"", ""draw_falling_mass(label='0.1 kg', x=300, y=50)"", ""write_equation('g = G*M / R^2 (independent of falling mass)')""]",curated_per_literature,train,A heavy 10 kg iron ball and a light 1 kg wooden ball are dropped simultaneously from the same height in an evacuated vacuum chamber. Which ball hits the ground first?,The heavy ball hits first because gravity pulls heavy things with more speed.,"Both hit the ground at the exact same instant. Acceleration due to gravity g = G*M_earth / R^2 is independent of the falling object's mass m. While gravitational force is greater on the heavier object (F = mg), its inertial resistance to acceleration is proportionally greater by the exact same factor (a = F/m = g).",Topic: Free Fall & Acceleration due to Gravity | Question: A heavy 10 kg iron ball and a light 1 kg wooden ball are dropped simultaneously from the same height in an evacuated vacuum chamber. Which ball hits the ground first? | Student Response: The heavy ball hits first because gravity pulls heavy things with more speed.,MISC-GRAV-001: Heavier Objects Fall Faster Fallacy
RESP-00193,PHY-GRA-GRAV-01,GRAVITATION_FREE_FALL,Class 9,Gravitation,Free Fall & Acceleration due to Gravity,A heavy 10 kg iron ball and a light 1 kg wooden ball are dropped simultaneously from the same height in an evacuated vacuum chamber. Which ball hits the ground first?,"Both hit the ground at the exact same instant. Acceleration due to gravity g = G*M_earth / R^2 is independent of the falling object's mass m. While gravitational force is greater on the heavier object (F = mg), its inertial resistance to acceleration is proportionally greater by the exact same factor (a = F/m = g).","From the formula, The heavy ball hits first because gravity pulls heavy things with more speed. as calculated.",MISC-GRAV-001: Heavier Objects Fall Faster Fallacy,conceptual_misconception,High,Conflates gravitational force with acceleration.,,True,motion_diagram,A 10 kg iron cannonball and a 100 g wooden ball dropped simultaneously from height h inside an evacuated vacuum tube.,VacuumChamber | HeavyBall(10kg) | LightBall(100g) | Ground,"[""draw_vacuum_chamber()"", ""draw_falling_mass(label='10 kg', x=150, y=50)"", ""draw_falling_mass(label='0.1 kg', x=300, y=50)"", ""write_equation('g = G*M / R^2 (independent of falling mass)')""]",curated_per_literature,train,A heavy 10 kg iron ball and a light 1 kg wooden ball are dropped simultaneously from the same height in an evacuated vacuum chamber. Which ball hits the ground first?,"From the formula, The heavy ball hits first because gravity pulls heavy things with more speed. as calculated.","Both hit the ground at the exact same instant. Acceleration due to gravity g = G*M_earth / R^2 is independent of the falling object's mass m. While gravitational force is greater on the heavier object (F = mg), its inertial resistance to acceleration is proportionally greater by the exact same factor (a = F/m = g).","Topic: Free Fall & Acceleration due to Gravity | Question: A heavy 10 kg iron ball and a light 1 kg wooden ball are dropped simultaneously from the same height in an evacuated vacuum chamber. Which ball hits the ground first? | Student Response: From the formula, The heavy ball hits first because gravity pulls heavy things with more speed. as calculated.",MISC-GRAV-001: Heavier Objects Fall Faster Fallacy
RESP-00194,PHY-GRA-GRAV-01,GRAVITATION_FREE_FALL,Class 9,Gravitation,Free Fall & Acceleration due to Gravity,A heavy 10 kg iron ball and a light 1 kg wooden ball are dropped simultaneously from the same height in an evacuated vacuum chamber. Which ball hits the ground first?,"Both hit the ground at the exact same instant. Acceleration due to gravity g = G*M_earth / R^2 is independent of the falling object's mass m. While gravitational force is greater on the heavier object (F = mg), its inertial resistance to acceleration is proportionally greater by the exact same factor (a = F/m = g).",Step 1: calculate values. The heavy ball hits first because gravity pulls heavy things with more speed. That is the answer.,MISC-GRAV-001: Heavier Objects Fall Faster Fallacy,conceptual_misconception,High,Conflates gravitational force with acceleration.,,True,motion_diagram,A 10 kg iron cannonball and a 100 g wooden ball dropped simultaneously from height h inside an evacuated vacuum tube.,VacuumChamber | HeavyBall(10kg) | LightBall(100g) | Ground,"[""draw_vacuum_chamber()"", ""draw_falling_mass(label='10 kg', x=150, y=50)"", ""draw_falling_mass(label='0.1 kg', x=300, y=50)"", ""write_equation('g = G*M / R^2 (independent of falling mass)')""]",curated_per_literature,train,A heavy 10 kg iron ball and a light 1 kg wooden ball are dropped simultaneously from the same height in an evacuated vacuum chamber. Which ball hits the ground first?,Step 1: calculate values. The heavy ball hits first because gravity pulls heavy things with more speed. That is the answer.,"Both hit the ground at the exact same instant. Acceleration due to gravity g = G*M_earth / R^2 is independent of the falling object's mass m. While gravitational force is greater on the heavier object (F = mg), its inertial resistance to acceleration is proportionally greater by the exact same factor (a = F/m = g).",Topic: Free Fall & Acceleration due to Gravity | Question: A heavy 10 kg iron ball and a light 1 kg wooden ball are dropped simultaneously from the same height in an evacuated vacuum chamber. Which ball hits the ground first? | Student Response: Step 1: calculate values. The heavy ball hits first because gravity pulls heavy things with more speed. That is the answer.,MISC-GRAV-001: Heavier Objects Fall Faster Fallacy
RESP-00195,PHY-GRA-GRAV-01,GRAVITATION_FREE_FALL,Class 9,Gravitation,Free Fall & Acceleration due to Gravity,A heavy 10 kg iron ball and a light 1 kg wooden ball are dropped simultaneously from the same height in an evacuated vacuum chamber. Which ball hits the ground first?,"Both hit the ground at the exact same instant. Acceleration due to gravity g = G*M_earth / R^2 is independent of the falling object's mass m. While gravitational force is greater on the heavier object (F = mg), its inertial resistance to acceleration is proportionally greater by the exact same factor (a = F/m = g).",In class we learned that The heavy ball hits first because gravity pulls heavy things with more speed..,MISC-GRAV-001: Heavier Objects Fall Faster Fallacy,conceptual_misconception,High,Conflates gravitational force with acceleration.,,True,motion_diagram,A 10 kg iron cannonball and a 100 g wooden ball dropped simultaneously from height h inside an evacuated vacuum tube.,VacuumChamber | HeavyBall(10kg) | LightBall(100g) | Ground,"[""draw_vacuum_chamber()"", ""draw_falling_mass(label='10 kg', x=150, y=50)"", ""draw_falling_mass(label='0.1 kg', x=300, y=50)"", ""write_equation('g = G*M / R^2 (independent of falling mass)')""]",curated_per_literature,train,A heavy 10 kg iron ball and a light 1 kg wooden ball are dropped simultaneously from the same height in an evacuated vacuum chamber. Which ball hits the ground first?,In class we learned that The heavy ball hits first because gravity pulls heavy things with more speed..,"Both hit the ground at the exact same instant. Acceleration due to gravity g = G*M_earth / R^2 is independent of the falling object's mass m. While gravitational force is greater on the heavier object (F = mg), its inertial resistance to acceleration is proportionally greater by the exact same factor (a = F/m = g).",Topic: Free Fall & Acceleration due to Gravity | Question: A heavy 10 kg iron ball and a light 1 kg wooden ball are dropped simultaneously from the same height in an evacuated vacuum chamber. Which ball hits the ground first? | Student Response: In class we learned that The heavy ball hits first because gravity pulls heavy things with more speed..,MISC-GRAV-001: Heavier Objects Fall Faster Fallacy
RESP-00196,PHY-GRA-GRAV-01,GRAVITATION_FREE_FALL,Class 9,Gravitation,Free Fall & Acceleration due to Gravity,A heavy 10 kg iron ball and a light 1 kg wooden ball are dropped simultaneously from the same height in an evacuated vacuum chamber. Which ball hits the ground first?,"Both hit the ground at the exact same instant. Acceleration due to gravity g = G*M_earth / R^2 is independent of the falling object's mass m. While gravitational force is greater on the heavier object (F = mg), its inertial resistance to acceleration is proportionally greater by the exact same factor (a = F/m = g).",The heavy ball hits first because gravity pulls heavy things with more speed.,MISC-GRAV-001: Heavier Objects Fall Faster Fallacy,conceptual_misconception,High,Conflates gravitational force with acceleration.,,True,motion_diagram,A 10 kg iron cannonball and a 100 g wooden ball dropped simultaneously from height h inside an evacuated vacuum tube.,VacuumChamber | HeavyBall(10kg) | LightBall(100g) | Ground,"[""draw_vacuum_chamber()"", ""draw_falling_mass(label='10 kg', x=150, y=50)"", ""draw_falling_mass(label='0.1 kg', x=300, y=50)"", ""write_equation('g = G*M / R^2 (independent of falling mass)')""]",curated_per_literature,train,A heavy 10 kg iron ball and a light 1 kg wooden ball are dropped simultaneously from the same height in an evacuated vacuum chamber. Which ball hits the ground first?,The heavy ball hits first because gravity pulls heavy things with more speed.,"Both hit the ground at the exact same instant. Acceleration due to gravity g = G*M_earth / R^2 is independent of the falling object's mass m. While gravitational force is greater on the heavier object (F = mg), its inertial resistance to acceleration is proportionally greater by the exact same factor (a = F/m = g).",Topic: Free Fall & Acceleration due to Gravity | Question: A heavy 10 kg iron ball and a light 1 kg wooden ball are dropped simultaneously from the same height in an evacuated vacuum chamber. Which ball hits the ground first? | Student Response: The heavy ball hits first because gravity pulls heavy things with more speed.,MISC-GRAV-001: Heavier Objects Fall Faster Fallacy
RESP-00197,PHY-GRA-GRAV-01,GRAVITATION_FREE_FALL,Class 9,Gravitation,Free Fall & Acceleration due to Gravity,A heavy 10 kg iron ball and a light 1 kg wooden ball are dropped simultaneously from the same height in an evacuated vacuum chamber. Which ball hits the ground first?,"Both hit the ground at the exact same instant. Acceleration due to gravity g = G*M_earth / R^2 is independent of the falling object's mass m. While gravitational force is greater on the heavier object (F = mg), its inertial resistance to acceleration is proportionally greater by the exact same factor (a = F/m = g).",My answer is: Both hit at the exact same time because acceleration due to gravity g is independent of the mass of the falling body in vacuum..,CORRECT: Scientifically Accurate Response,no_error,High,Correct mass-independent free fall principle.,,True,motion_diagram,A 10 kg iron cannonball and a 100 g wooden ball dropped simultaneously from height h inside an evacuated vacuum tube.,VacuumChamber | HeavyBall(10kg) | LightBall(100g) | Ground,"[""draw_vacuum_chamber()"", ""draw_falling_mass(label='10 kg', x=150, y=50)"", ""draw_falling_mass(label='0.1 kg', x=300, y=50)"", ""write_equation('g = G*M / R^2 (independent of falling mass)')""]",authored_clean_sample,train,A heavy 10 kg iron ball and a light 1 kg wooden ball are dropped simultaneously from the same height in an evacuated vacuum chamber. Which ball hits the ground first?,My answer is: Both hit at the exact same time because acceleration due to gravity g is independent of the mass of the falling body in vacuum..,"Both hit the ground at the exact same instant. Acceleration due to gravity g = G*M_earth / R^2 is independent of the falling object's mass m. While gravitational force is greater on the heavier object (F = mg), its inertial resistance to acceleration is proportionally greater by the exact same factor (a = F/m = g).",Topic: Free Fall & Acceleration due to Gravity | Question: A heavy 10 kg iron ball and a light 1 kg wooden ball are dropped simultaneously from the same height in an evacuated vacuum chamber. Which ball hits the ground first? | Student Response: My answer is: Both hit at the exact same time because acceleration due to gravity g is independent of the mass of the falling body in vacuum..,CORRECT: Scientifically Accurate Response
RESP-00198,PHY-GRA-GRAV-01,GRAVITATION_FREE_FALL,Class 9,Gravitation,Free Fall & Acceleration due to Gravity,A heavy 10 kg iron ball and a light 1 kg wooden ball are dropped simultaneously from the same height in an evacuated vacuum chamber. Which ball hits the ground first?,"Both hit the ground at the exact same instant. Acceleration due to gravity g = G*M_earth / R^2 is independent of the falling object's mass m. While gravitational force is greater on the heavier object (F = mg), its inertial resistance to acceleration is proportionally greater by the exact same factor (a = F/m = g).","Based on physical laws, Both hit at the exact same time because acceleration due to gravity g is independent of the mass of the falling body in vacuum..",CORRECT: Scientifically Accurate Response,no_error,High,Correct mass-independent free fall principle.,,True,motion_diagram,A 10 kg iron cannonball and a 100 g wooden ball dropped simultaneously from height h inside an evacuated vacuum tube.,VacuumChamber | HeavyBall(10kg) | LightBall(100g) | Ground,"[""draw_vacuum_chamber()"", ""draw_falling_mass(label='10 kg', x=150, y=50)"", ""draw_falling_mass(label='0.1 kg', x=300, y=50)"", ""write_equation('g = G*M / R^2 (independent of falling mass)')""]",authored_clean_sample,train,A heavy 10 kg iron ball and a light 1 kg wooden ball are dropped simultaneously from the same height in an evacuated vacuum chamber. Which ball hits the ground first?,"Based on physical laws, Both hit at the exact same time because acceleration due to gravity g is independent of the mass of the falling body in vacuum..","Both hit the ground at the exact same instant. Acceleration due to gravity g = G*M_earth / R^2 is independent of the falling object's mass m. While gravitational force is greater on the heavier object (F = mg), its inertial resistance to acceleration is proportionally greater by the exact same factor (a = F/m = g).","Topic: Free Fall & Acceleration due to Gravity | Question: A heavy 10 kg iron ball and a light 1 kg wooden ball are dropped simultaneously from the same height in an evacuated vacuum chamber. Which ball hits the ground first? | Student Response: Based on physical laws, Both hit at the exact same time because acceleration due to gravity g is independent of the mass of the falling body in vacuum..",CORRECT: Scientifically Accurate Response
RESP-00199,PHY-GRA-GRAV-01,GRAVITATION_FREE_FALL,Class 9,Gravitation,Free Fall & Acceleration due to Gravity,A heavy 10 kg iron ball and a light 1 kg wooden ball are dropped simultaneously from the same height in an evacuated vacuum chamber. Which ball hits the ground first?,"Both hit the ground at the exact same instant. Acceleration due to gravity g = G*M_earth / R^2 is independent of the falling object's mass m. While gravitational force is greater on the heavier object (F = mg), its inertial resistance to acceleration is proportionally greater by the exact same factor (a = F/m = g).","According to my working, Both hit at the exact same time because acceleration due to gravity g is independent of the mass of the falling body in vacuum.",CORRECT: Scientifically Accurate Response,no_error,High,Correct mass-independent free fall principle.,,True,motion_diagram,A 10 kg iron cannonball and a 100 g wooden ball dropped simultaneously from height h inside an evacuated vacuum tube.,VacuumChamber | HeavyBall(10kg) | LightBall(100g) | Ground,"[""draw_vacuum_chamber()"", ""draw_falling_mass(label='10 kg', x=150, y=50)"", ""draw_falling_mass(label='0.1 kg', x=300, y=50)"", ""write_equation('g = G*M / R^2 (independent of falling mass)')""]",authored_clean_sample,train,A heavy 10 kg iron ball and a light 1 kg wooden ball are dropped simultaneously from the same height in an evacuated vacuum chamber. Which ball hits the ground first?,"According to my working, Both hit at the exact same time because acceleration due to gravity g is independent of the mass of the falling body in vacuum.","Both hit the ground at the exact same instant. Acceleration due to gravity g = G*M_earth / R^2 is independent of the falling object's mass m. While gravitational force is greater on the heavier object (F = mg), its inertial resistance to acceleration is proportionally greater by the exact same factor (a = F/m = g).","Topic: Free Fall & Acceleration due to Gravity | Question: A heavy 10 kg iron ball and a light 1 kg wooden ball are dropped simultaneously from the same height in an evacuated vacuum chamber. Which ball hits the ground first? | Student Response: According to my working, Both hit at the exact same time because acceleration due to gravity g is independent of the mass of the falling body in vacuum.",CORRECT: Scientifically Accurate Response
RESP-00200,PHY-GRA-GRAV-01,GRAVITATION_FREE_FALL,Class 9,Gravitation,Free Fall & Acceleration due to Gravity,A heavy 10 kg iron ball and a light 1 kg wooden ball are dropped simultaneously from the same height in an evacuated vacuum chamber. Which ball hits the ground first?,"Both hit the ground at the exact same instant. Acceleration due to gravity g = G*M_earth / R^2 is independent of the falling object's mass m. While gravitational force is greater on the heavier object (F = mg), its inertial resistance to acceleration is proportionally greater by the exact same factor (a = F/m = g).","Looking at the diagram, Both hit at the exact same time because acceleration due to gravity g is independent of the mass of the falling body in vacuum..",CORRECT: Scientifically Accurate Response,no_error,High,Correct mass-independent free fall principle.,,True,motion_diagram,A 10 kg iron cannonball and a 100 g wooden ball dropped simultaneously from height h inside an evacuated vacuum tube.,VacuumChamber | HeavyBall(10kg) | LightBall(100g) | Ground,"[""draw_vacuum_chamber()"", ""draw_falling_mass(label='10 kg', x=150, y=50)"", ""draw_falling_mass(label='0.1 kg', x=300, y=50)"", ""write_equation('g = G*M / R^2 (independent of falling mass)')""]",authored_clean_sample,train,A heavy 10 kg iron ball and a light 1 kg wooden ball are dropped simultaneously from the same height in an evacuated vacuum chamber. Which ball hits the ground first?,"Looking at the diagram, Both hit at the exact same time because acceleration due to gravity g is independent of the mass of the falling body in vacuum..","Both hit the ground at the exact same instant. Acceleration due to gravity g = G*M_earth / R^2 is independent of the falling object's mass m. While gravitational force is greater on the heavier object (F = mg), its inertial resistance to acceleration is proportionally greater by the exact same factor (a = F/m = g).","Topic: Free Fall & Acceleration due to Gravity | Question: A heavy 10 kg iron ball and a light 1 kg wooden ball are dropped simultaneously from the same height in an evacuated vacuum chamber. Which ball hits the ground first? | Student Response: Looking at the diagram, Both hit at the exact same time because acceleration due to gravity g is independent of the mass of the falling body in vacuum..",CORRECT: Scientifically Accurate Response
RESP-00201,PHY-GRA-GRAV-01,GRAVITATION_FREE_FALL,Class 9,Gravitation,Free Fall & Acceleration due to Gravity,A heavy 10 kg iron ball and a light 1 kg wooden ball are dropped simultaneously from the same height in an evacuated vacuum chamber. Which ball hits the ground first?,"Both hit the ground at the exact same instant. Acceleration due to gravity g = G*M_earth / R^2 is independent of the falling object's mass m. While gravitational force is greater on the heavier object (F = mg), its inertial resistance to acceleration is proportionally greater by the exact same factor (a = F/m = g).",My answer is: Both hit at the exact same time because acceleration due to gravity g is independent of the mass of the falling body in vacuum..,CORRECT: Scientifically Accurate Response,no_error,High,Correct mass-independent free fall principle.,,True,motion_diagram,A 10 kg iron cannonball and a 100 g wooden ball dropped simultaneously from height h inside an evacuated vacuum tube.,VacuumChamber | HeavyBall(10kg) | LightBall(100g) | Ground,"[""draw_vacuum_chamber()"", ""draw_falling_mass(label='10 kg', x=150, y=50)"", ""draw_falling_mass(label='0.1 kg', x=300, y=50)"", ""write_equation('g = G*M / R^2 (independent of falling mass)')""]",authored_clean_sample,test,A heavy 10 kg iron ball and a light 1 kg wooden ball are dropped simultaneously from the same height in an evacuated vacuum chamber. Which ball hits the ground first?,My answer is: Both hit at the exact same time because acceleration due to gravity g is independent of the mass of the falling body in vacuum..,"Both hit the ground at the exact same instant. Acceleration due to gravity g = G*M_earth / R^2 is independent of the falling object's mass m. While gravitational force is greater on the heavier object (F = mg), its inertial resistance to acceleration is proportionally greater by the exact same factor (a = F/m = g).",Topic: Free Fall & Acceleration due to Gravity | Question: A heavy 10 kg iron ball and a light 1 kg wooden ball are dropped simultaneously from the same height in an evacuated vacuum chamber. Which ball hits the ground first? | Student Response: My answer is: Both hit at the exact same time because acceleration due to gravity g is independent of the mass of the falling body in vacuum..,CORRECT: Scientifically Accurate Response
RESP-00202,PHY-GRA-GRAV-01,GRAVITATION_FREE_FALL,Class 9,Gravitation,Free Fall & Acceleration due to Gravity,A heavy 10 kg iron ball and a light 1 kg wooden ball are dropped simultaneously from the same height in an evacuated vacuum chamber. Which ball hits the ground first?,"Both hit the ground at the exact same instant. Acceleration due to gravity g = G*M_earth / R^2 is independent of the falling object's mass m. While gravitational force is greater on the heavier object (F = mg), its inertial resistance to acceleration is proportionally greater by the exact same factor (a = F/m = g).","From the formula, The lighter ball hits first because it has less inertia. as calculated.",CARELESS_CALCULATION_ERROR,calculation_slip,Medium,Inverted inertia reasoning.,,True,motion_diagram,A 10 kg iron cannonball and a 100 g wooden ball dropped simultaneously from height h inside an evacuated vacuum tube.,VacuumChamber | HeavyBall(10kg) | LightBall(100g) | Ground,"[""draw_vacuum_chamber()"", ""draw_falling_mass(label='10 kg', x=150, y=50)"", ""draw_falling_mass(label='0.1 kg', x=300, y=50)"", ""write_equation('g = G*M / R^2 (independent of falling mass)')""]",authored_clean_sample,test,A heavy 10 kg iron ball and a light 1 kg wooden ball are dropped simultaneously from the same height in an evacuated vacuum chamber. Which ball hits the ground first?,"From the formula, The lighter ball hits first because it has less inertia. as calculated.","Both hit the ground at the exact same instant. Acceleration due to gravity g = G*M_earth / R^2 is independent of the falling object's mass m. While gravitational force is greater on the heavier object (F = mg), its inertial resistance to acceleration is proportionally greater by the exact same factor (a = F/m = g).","Topic: Free Fall & Acceleration due to Gravity | Question: A heavy 10 kg iron ball and a light 1 kg wooden ball are dropped simultaneously from the same height in an evacuated vacuum chamber. Which ball hits the ground first? | Student Response: From the formula, The lighter ball hits first because it has less inertia. as calculated.",CARELESS_CALCULATION_ERROR
RESP-00203,PHY-GRA-GRAV-01,GRAVITATION_FREE_FALL,Class 9,Gravitation,Free Fall & Acceleration due to Gravity,A heavy 10 kg iron ball and a light 1 kg wooden ball are dropped simultaneously from the same height in an evacuated vacuum chamber. Which ball hits the ground first?,"Both hit the ground at the exact same instant. Acceleration due to gravity g = G*M_earth / R^2 is independent of the falling object's mass m. While gravitational force is greater on the heavier object (F = mg), its inertial resistance to acceleration is proportionally greater by the exact same factor (a = F/m = g).",Step 1: calculate values. The lighter ball hits first because it has less inertia. That is the answer.,CARELESS_CALCULATION_ERROR,calculation_slip,Medium,Inverted inertia reasoning.,,True,motion_diagram,A 10 kg iron cannonball and a 100 g wooden ball dropped simultaneously from height h inside an evacuated vacuum tube.,VacuumChamber | HeavyBall(10kg) | LightBall(100g) | Ground,"[""draw_vacuum_chamber()"", ""draw_falling_mass(label='10 kg', x=150, y=50)"", ""draw_falling_mass(label='0.1 kg', x=300, y=50)"", ""write_equation('g = G*M / R^2 (independent of falling mass)')""]",authored_clean_sample,test,A heavy 10 kg iron ball and a light 1 kg wooden ball are dropped simultaneously from the same height in an evacuated vacuum chamber. Which ball hits the ground first?,Step 1: calculate values. The lighter ball hits first because it has less inertia. That is the answer.,"Both hit the ground at the exact same instant. Acceleration due to gravity g = G*M_earth / R^2 is independent of the falling object's mass m. While gravitational force is greater on the heavier object (F = mg), its inertial resistance to acceleration is proportionally greater by the exact same factor (a = F/m = g).",Topic: Free Fall & Acceleration due to Gravity | Question: A heavy 10 kg iron ball and a light 1 kg wooden ball are dropped simultaneously from the same height in an evacuated vacuum chamber. Which ball hits the ground first? | Student Response: Step 1: calculate values. The lighter ball hits first because it has less inertia. That is the answer.,CARELESS_CALCULATION_ERROR
RESP-00204,PHY-GRA-GRAV-01,GRAVITATION_FREE_FALL,Class 9,Gravitation,Free Fall & Acceleration due to Gravity,A heavy 10 kg iron ball and a light 1 kg wooden ball are dropped simultaneously from the same height in an evacuated vacuum chamber. Which ball hits the ground first?,"Both hit the ground at the exact same instant. Acceleration due to gravity g = G*M_earth / R^2 is independent of the falling object's mass m. While gravitational force is greater on the heavier object (F = mg), its inertial resistance to acceleration is proportionally greater by the exact same factor (a = F/m = g).",In class we learned that The lighter ball hits first because it has less inertia..,CARELESS_CALCULATION_ERROR,calculation_slip,Medium,Inverted inertia reasoning.,,True,motion_diagram,A 10 kg iron cannonball and a 100 g wooden ball dropped simultaneously from height h inside an evacuated vacuum tube.,VacuumChamber | HeavyBall(10kg) | LightBall(100g) | Ground,"[""draw_vacuum_chamber()"", ""draw_falling_mass(label='10 kg', x=150, y=50)"", ""draw_falling_mass(label='0.1 kg', x=300, y=50)"", ""write_equation('g = G*M / R^2 (independent of falling mass)')""]",authored_clean_sample,val,A heavy 10 kg iron ball and a light 1 kg wooden ball are dropped simultaneously from the same height in an evacuated vacuum chamber. Which ball hits the ground first?,In class we learned that The lighter ball hits first because it has less inertia..,"Both hit the ground at the exact same instant. Acceleration due to gravity g = G*M_earth / R^2 is independent of the falling object's mass m. While gravitational force is greater on the heavier object (F = mg), its inertial resistance to acceleration is proportionally greater by the exact same factor (a = F/m = g).",Topic: Free Fall & Acceleration due to Gravity | Question: A heavy 10 kg iron ball and a light 1 kg wooden ball are dropped simultaneously from the same height in an evacuated vacuum chamber. Which ball hits the ground first? | Student Response: In class we learned that The lighter ball hits first because it has less inertia..,CARELESS_CALCULATION_ERROR
RESP-00205,PHY-GRA-GRAV-02,GRAVITATION_FREE_FALL,Class 9,Gravitation,Free Fall & Acceleration due to Gravity,"In the absence of air resistance, how does the acceleration of a falling feather compare to that of a dropped bowling ball?","Both hit the ground at the exact same instant. Acceleration due to gravity g = G*M_earth / R^2 is independent of the falling object's mass m. While gravitational force is greater on the heavier object (F = mg), its inertial resistance to acceleration is proportionally greater by the exact same factor (a = F/m = g).",My answer is: The 10 kg iron ball hits first because heavier objects fall faster due to stronger gravity..,MISC-GRAV-001: Heavier Objects Fall Faster Fallacy,conceptual_misconception,High,Aristotelian intuition that weight determines fall speed.,,True,motion_diagram,A 10 kg iron cannonball and a 100 g wooden ball dropped simultaneously from height h inside an evacuated vacuum tube.,VacuumChamber | HeavyBall(10kg) | LightBall(100g) | Ground,"[""draw_vacuum_chamber()"", ""draw_falling_mass(label='10 kg', x=150, y=50)"", ""draw_falling_mass(label='0.1 kg', x=300, y=50)"", ""write_equation('g = G*M / R^2 (independent of falling mass)')""]",curated_per_literature,val,"In the absence of air resistance, how does the acceleration of a falling feather compare to that of a dropped bowling ball?",My answer is: The 10 kg iron ball hits first because heavier objects fall faster due to stronger gravity..,"Both hit the ground at the exact same instant. Acceleration due to gravity g = G*M_earth / R^2 is independent of the falling object's mass m. While gravitational force is greater on the heavier object (F = mg), its inertial resistance to acceleration is proportionally greater by the exact same factor (a = F/m = g).","Topic: Free Fall & Acceleration due to Gravity | Question: In the absence of air resistance, how does the acceleration of a falling feather compare to that of a dropped bowling ball? | Student Response: My answer is: The 10 kg iron ball hits first because heavier objects fall faster due to stronger gravity..",MISC-GRAV-001: Heavier Objects Fall Faster Fallacy
RESP-00206,PHY-GRA-GRAV-02,GRAVITATION_FREE_FALL,Class 9,Gravitation,Free Fall & Acceleration due to Gravity,"In the absence of air resistance, how does the acceleration of a falling feather compare to that of a dropped bowling ball?","Both hit the ground at the exact same instant. Acceleration due to gravity g = G*M_earth / R^2 is independent of the falling object's mass m. While gravitational force is greater on the heavier object (F = mg), its inertial resistance to acceleration is proportionally greater by the exact same factor (a = F/m = g).","Based on physical laws, The 10 kg iron ball hits first because heavier objects fall faster due to stronger gravity..",MISC-GRAV-001: Heavier Objects Fall Faster Fallacy,conceptual_misconception,High,Aristotelian intuition that weight determines fall speed.,,True,motion_diagram,A 10 kg iron cannonball and a 100 g wooden ball dropped simultaneously from height h inside an evacuated vacuum tube.,VacuumChamber | HeavyBall(10kg) | LightBall(100g) | Ground,"[""draw_vacuum_chamber()"", ""draw_falling_mass(label='10 kg', x=150, y=50)"", ""draw_falling_mass(label='0.1 kg', x=300, y=50)"", ""write_equation('g = G*M / R^2 (independent of falling mass)')""]",curated_per_literature,val,"In the absence of air resistance, how does the acceleration of a falling feather compare to that of a dropped bowling ball?","Based on physical laws, The 10 kg iron ball hits first because heavier objects fall faster due to stronger gravity..","Both hit the ground at the exact same instant. Acceleration due to gravity g = G*M_earth / R^2 is independent of the falling object's mass m. While gravitational force is greater on the heavier object (F = mg), its inertial resistance to acceleration is proportionally greater by the exact same factor (a = F/m = g).","Topic: Free Fall & Acceleration due to Gravity | Question: In the absence of air resistance, how does the acceleration of a falling feather compare to that of a dropped bowling ball? | Student Response: Based on physical laws, The 10 kg iron ball hits first because heavier objects fall faster due to stronger gravity..",MISC-GRAV-001: Heavier Objects Fall Faster Fallacy
RESP-00207,PHY-GRA-GRAV-02,GRAVITATION_FREE_FALL,Class 9,Gravitation,Free Fall & Acceleration due to Gravity,"In the absence of air resistance, how does the acceleration of a falling feather compare to that of a dropped bowling ball?","Both hit the ground at the exact same instant. Acceleration due to gravity g = G*M_earth / R^2 is independent of the falling object's mass m. While gravitational force is greater on the heavier object (F = mg), its inertial resistance to acceleration is proportionally greater by the exact same factor (a = F/m = g).","According to my working, The 10 kg iron ball hits first because heavier objects fall faster due to stronger gravity.",MISC-GRAV-001: Heavier Objects Fall Faster Fallacy,conceptual_misconception,High,Aristotelian intuition that weight determines fall speed.,,True,motion_diagram,A 10 kg iron cannonball and a 100 g wooden ball dropped simultaneously from height h inside an evacuated vacuum tube.,VacuumChamber | HeavyBall(10kg) | LightBall(100g) | Ground,"[""draw_vacuum_chamber()"", ""draw_falling_mass(label='10 kg', x=150, y=50)"", ""draw_falling_mass(label='0.1 kg', x=300, y=50)"", ""write_equation('g = G*M / R^2 (independent of falling mass)')""]",curated_per_literature,train,"In the absence of air resistance, how does the acceleration of a falling feather compare to that of a dropped bowling ball?","According to my working, The 10 kg iron ball hits first because heavier objects fall faster due to stronger gravity.","Both hit the ground at the exact same instant. Acceleration due to gravity g = G*M_earth / R^2 is independent of the falling object's mass m. While gravitational force is greater on the heavier object (F = mg), its inertial resistance to acceleration is proportionally greater by the exact same factor (a = F/m = g).","Topic: Free Fall & Acceleration due to Gravity | Question: In the absence of air resistance, how does the acceleration of a falling feather compare to that of a dropped bowling ball? | Student Response: According to my working, The 10 kg iron ball hits first because heavier objects fall faster due to stronger gravity.",MISC-GRAV-001: Heavier Objects Fall Faster Fallacy
RESP-00208,PHY-GRA-GRAV-02,GRAVITATION_FREE_FALL,Class 9,Gravitation,Free Fall & Acceleration due to Gravity,"In the absence of air resistance, how does the acceleration of a falling feather compare to that of a dropped bowling ball?","Both hit the ground at the exact same instant. Acceleration due to gravity g = G*M_earth / R^2 is independent of the falling object's mass m. While gravitational force is greater on the heavier object (F = mg), its inertial resistance to acceleration is proportionally greater by the exact same factor (a = F/m = g).","Looking at the diagram, The 10 kg iron ball hits first because heavier objects fall faster due to stronger gravity..",MISC-GRAV-001: Heavier Objects Fall Faster Fallacy,conceptual_misconception,High,Aristotelian intuition that weight determines fall speed.,,True,motion_diagram,A 10 kg iron cannonball and a 100 g wooden ball dropped simultaneously from height h inside an evacuated vacuum tube.,VacuumChamber | HeavyBall(10kg) | LightBall(100g) | Ground,"[""draw_vacuum_chamber()"", ""draw_falling_mass(label='10 kg', x=150, y=50)"", ""draw_falling_mass(label='0.1 kg', x=300, y=50)"", ""write_equation('g = G*M / R^2 (independent of falling mass)')""]",curated_per_literature,train,"In the absence of air resistance, how does the acceleration of a falling feather compare to that of a dropped bowling ball?","Looking at the diagram, The 10 kg iron ball hits first because heavier objects fall faster due to stronger gravity..","Both hit the ground at the exact same instant. Acceleration due to gravity g = G*M_earth / R^2 is independent of the falling object's mass m. While gravitational force is greater on the heavier object (F = mg), its inertial resistance to acceleration is proportionally greater by the exact same factor (a = F/m = g).","Topic: Free Fall & Acceleration due to Gravity | Question: In the absence of air resistance, how does the acceleration of a falling feather compare to that of a dropped bowling ball? | Student Response: Looking at the diagram, The 10 kg iron ball hits first because heavier objects fall faster due to stronger gravity..",MISC-GRAV-001: Heavier Objects Fall Faster Fallacy
RESP-00209,PHY-GRA-GRAV-02,GRAVITATION_FREE_FALL,Class 9,Gravitation,Free Fall & Acceleration due to Gravity,"In the absence of air resistance, how does the acceleration of a falling feather compare to that of a dropped bowling ball?","Both hit the ground at the exact same instant. Acceleration due to gravity g = G*M_earth / R^2 is independent of the falling object's mass m. While gravitational force is greater on the heavier object (F = mg), its inertial resistance to acceleration is proportionally greater by the exact same factor (a = F/m = g).",My answer is: The 10 kg iron ball hits first because heavier objects fall faster due to stronger gravity..,MISC-GRAV-001: Heavier Objects Fall Faster Fallacy,conceptual_misconception,High,Aristotelian intuition that weight determines fall speed.,,True,motion_diagram,A 10 kg iron cannonball and a 100 g wooden ball dropped simultaneously from height h inside an evacuated vacuum tube.,VacuumChamber | HeavyBall(10kg) | LightBall(100g) | Ground,"[""draw_vacuum_chamber()"", ""draw_falling_mass(label='10 kg', x=150, y=50)"", ""draw_falling_mass(label='0.1 kg', x=300, y=50)"", ""write_equation('g = G*M / R^2 (independent of falling mass)')""]",curated_per_literature,train,"In the absence of air resistance, how does the acceleration of a falling feather compare to that of a dropped bowling ball?",My answer is: The 10 kg iron ball hits first because heavier objects fall faster due to stronger gravity..,"Both hit the ground at the exact same instant. Acceleration due to gravity g = G*M_earth / R^2 is independent of the falling object's mass m. While gravitational force is greater on the heavier object (F = mg), its inertial resistance to acceleration is proportionally greater by the exact same factor (a = F/m = g).","Topic: Free Fall & Acceleration due to Gravity | Question: In the absence of air resistance, how does the acceleration of a falling feather compare to that of a dropped bowling ball? | Student Response: My answer is: The 10 kg iron ball hits first because heavier objects fall faster due to stronger gravity..",MISC-GRAV-001: Heavier Objects Fall Faster Fallacy
RESP-00210,PHY-GRA-GRAV-02,GRAVITATION_FREE_FALL,Class 9,Gravitation,Free Fall & Acceleration due to Gravity,"In the absence of air resistance, how does the acceleration of a falling feather compare to that of a dropped bowling ball?","Both hit the ground at the exact same instant. Acceleration due to gravity g = G*M_earth / R^2 is independent of the falling object's mass m. While gravitational force is greater on the heavier object (F = mg), its inertial resistance to acceleration is proportionally greater by the exact same factor (a = F/m = g).","From the formula, The heavy ball hits first because gravity pulls heavy things with more speed. as calculated.",MISC-GRAV-001: Heavier Objects Fall Faster Fallacy,conceptual_misconception,High,Conflates gravitational force with acceleration.,,True,motion_diagram,A 10 kg iron cannonball and a 100 g wooden ball dropped simultaneously from height h inside an evacuated vacuum tube.,VacuumChamber | HeavyBall(10kg) | LightBall(100g) | Ground,"[""draw_vacuum_chamber()"", ""draw_falling_mass(label='10 kg', x=150, y=50)"", ""draw_falling_mass(label='0.1 kg', x=300, y=50)"", ""write_equation('g = G*M / R^2 (independent of falling mass)')""]",curated_per_literature,train,"In the absence of air resistance, how does the acceleration of a falling feather compare to that of a dropped bowling ball?","From the formula, The heavy ball hits first because gravity pulls heavy things with more speed. as calculated.","Both hit the ground at the exact same instant. Acceleration due to gravity g = G*M_earth / R^2 is independent of the falling object's mass m. While gravitational force is greater on the heavier object (F = mg), its inertial resistance to acceleration is proportionally greater by the exact same factor (a = F/m = g).","Topic: Free Fall & Acceleration due to Gravity | Question: In the absence of air resistance, how does the acceleration of a falling feather compare to that of a dropped bowling ball? | Student Response: From the formula, The heavy ball hits first because gravity pulls heavy things with more speed. as calculated.",MISC-GRAV-001: Heavier Objects Fall Faster Fallacy
RESP-00211,PHY-GRA-GRAV-02,GRAVITATION_FREE_FALL,Class 9,Gravitation,Free Fall & Acceleration due to Gravity,"In the absence of air resistance, how does the acceleration of a falling feather compare to that of a dropped bowling ball?","Both hit the ground at the exact same instant. Acceleration due to gravity g = G*M_earth / R^2 is independent of the falling object's mass m. While gravitational force is greater on the heavier object (F = mg), its inertial resistance to acceleration is proportionally greater by the exact same factor (a = F/m = g).",Step 1: calculate values. The heavy ball hits first because gravity pulls heavy things with more speed. That is the answer.,MISC-GRAV-001: Heavier Objects Fall Faster Fallacy,conceptual_misconception,High,Conflates gravitational force with acceleration.,,True,motion_diagram,A 10 kg iron cannonball and a 100 g wooden ball dropped simultaneously from height h inside an evacuated vacuum tube.,VacuumChamber | HeavyBall(10kg) | LightBall(100g) | Ground,"[""draw_vacuum_chamber()"", ""draw_falling_mass(label='10 kg', x=150, y=50)"", ""draw_falling_mass(label='0.1 kg', x=300, y=50)"", ""write_equation('g = G*M / R^2 (independent of falling mass)')""]",curated_per_literature,train,"In the absence of air resistance, how does the acceleration of a falling feather compare to that of a dropped bowling ball?",Step 1: calculate values. The heavy ball hits first because gravity pulls heavy things with more speed. That is the answer.,"Both hit the ground at the exact same instant. Acceleration due to gravity g = G*M_earth / R^2 is independent of the falling object's mass m. While gravitational force is greater on the heavier object (F = mg), its inertial resistance to acceleration is proportionally greater by the exact same factor (a = F/m = g).","Topic: Free Fall & Acceleration due to Gravity | Question: In the absence of air resistance, how does the acceleration of a falling feather compare to that of a dropped bowling ball? | Student Response: Step 1: calculate values. The heavy ball hits first because gravity pulls heavy things with more speed. That is the answer.",MISC-GRAV-001: Heavier Objects Fall Faster Fallacy
RESP-00212,PHY-GRA-GRAV-02,GRAVITATION_FREE_FALL,Class 9,Gravitation,Free Fall & Acceleration due to Gravity,"In the absence of air resistance, how does the acceleration of a falling feather compare to that of a dropped bowling ball?","Both hit the ground at the exact same instant. Acceleration due to gravity g = G*M_earth / R^2 is independent of the falling object's mass m. While gravitational force is greater on the heavier object (F = mg), its inertial resistance to acceleration is proportionally greater by the exact same factor (a = F/m = g).",In class we learned that The heavy ball hits first because gravity pulls heavy things with more speed..,MISC-GRAV-001: Heavier Objects Fall Faster Fallacy,conceptual_misconception,High,Conflates gravitational force with acceleration.,,True,motion_diagram,A 10 kg iron cannonball and a 100 g wooden ball dropped simultaneously from height h inside an evacuated vacuum tube.,VacuumChamber | HeavyBall(10kg) | LightBall(100g) | Ground,"[""draw_vacuum_chamber()"", ""draw_falling_mass(label='10 kg', x=150, y=50)"", ""draw_falling_mass(label='0.1 kg', x=300, y=50)"", ""write_equation('g = G*M / R^2 (independent of falling mass)')""]",curated_per_literature,train,"In the absence of air resistance, how does the acceleration of a falling feather compare to that of a dropped bowling ball?",In class we learned that The heavy ball hits first because gravity pulls heavy things with more speed..,"Both hit the ground at the exact same instant. Acceleration due to gravity g = G*M_earth / R^2 is independent of the falling object's mass m. While gravitational force is greater on the heavier object (F = mg), its inertial resistance to acceleration is proportionally greater by the exact same factor (a = F/m = g).","Topic: Free Fall & Acceleration due to Gravity | Question: In the absence of air resistance, how does the acceleration of a falling feather compare to that of a dropped bowling ball? | Student Response: In class we learned that The heavy ball hits first because gravity pulls heavy things with more speed..",MISC-GRAV-001: Heavier Objects Fall Faster Fallacy
RESP-00213,PHY-GRA-GRAV-02,GRAVITATION_FREE_FALL,Class 9,Gravitation,Free Fall & Acceleration due to Gravity,"In the absence of air resistance, how does the acceleration of a falling feather compare to that of a dropped bowling ball?","Both hit the ground at the exact same instant. Acceleration due to gravity g = G*M_earth / R^2 is independent of the falling object's mass m. While gravitational force is greater on the heavier object (F = mg), its inertial resistance to acceleration is proportionally greater by the exact same factor (a = F/m = g).",The heavy ball hits first because gravity pulls heavy things with more speed.,MISC-GRAV-001: Heavier Objects Fall Faster Fallacy,conceptual_misconception,High,Conflates gravitational force with acceleration.,,True,motion_diagram,A 10 kg iron cannonball and a 100 g wooden ball dropped simultaneously from height h inside an evacuated vacuum tube.,VacuumChamber | HeavyBall(10kg) | LightBall(100g) | Ground,"[""draw_vacuum_chamber()"", ""draw_falling_mass(label='10 kg', x=150, y=50)"", ""draw_falling_mass(label='0.1 kg', x=300, y=50)"", ""write_equation('g = G*M / R^2 (independent of falling mass)')""]",curated_per_literature,train,"In the absence of air resistance, how does the acceleration of a falling feather compare to that of a dropped bowling ball?",The heavy ball hits first because gravity pulls heavy things with more speed.,"Both hit the ground at the exact same instant. Acceleration due to gravity g = G*M_earth / R^2 is independent of the falling object's mass m. While gravitational force is greater on the heavier object (F = mg), its inertial resistance to acceleration is proportionally greater by the exact same factor (a = F/m = g).","Topic: Free Fall & Acceleration due to Gravity | Question: In the absence of air resistance, how does the acceleration of a falling feather compare to that of a dropped bowling ball? | Student Response: The heavy ball hits first because gravity pulls heavy things with more speed.",MISC-GRAV-001: Heavier Objects Fall Faster Fallacy
RESP-00214,PHY-GRA-GRAV-02,GRAVITATION_FREE_FALL,Class 9,Gravitation,Free Fall & Acceleration due to Gravity,"In the absence of air resistance, how does the acceleration of a falling feather compare to that of a dropped bowling ball?","Both hit the ground at the exact same instant. Acceleration due to gravity g = G*M_earth / R^2 is independent of the falling object's mass m. While gravitational force is greater on the heavier object (F = mg), its inertial resistance to acceleration is proportionally greater by the exact same factor (a = F/m = g).","From the formula, The heavy ball hits first because gravity pulls heavy things with more speed. as calculated.",MISC-GRAV-001: Heavier Objects Fall Faster Fallacy,conceptual_misconception,High,Conflates gravitational force with acceleration.,,True,motion_diagram,A 10 kg iron cannonball and a 100 g wooden ball dropped simultaneously from height h inside an evacuated vacuum tube.,VacuumChamber | HeavyBall(10kg) | LightBall(100g) | Ground,"[""draw_vacuum_chamber()"", ""draw_falling_mass(label='10 kg', x=150, y=50)"", ""draw_falling_mass(label='0.1 kg', x=300, y=50)"", ""write_equation('g = G*M / R^2 (independent of falling mass)')""]",curated_per_literature,train,"In the absence of air resistance, how does the acceleration of a falling feather compare to that of a dropped bowling ball?","From the formula, The heavy ball hits first because gravity pulls heavy things with more speed. as calculated.","Both hit the ground at the exact same instant. Acceleration due to gravity g = G*M_earth / R^2 is independent of the falling object's mass m. While gravitational force is greater on the heavier object (F = mg), its inertial resistance to acceleration is proportionally greater by the exact same factor (a = F/m = g).","Topic: Free Fall & Acceleration due to Gravity | Question: In the absence of air resistance, how does the acceleration of a falling feather compare to that of a dropped bowling ball? | Student Response: From the formula, The heavy ball hits first because gravity pulls heavy things with more speed. as calculated.",MISC-GRAV-001: Heavier Objects Fall Faster Fallacy
RESP-00215,PHY-GRA-GRAV-02,GRAVITATION_FREE_FALL,Class 9,Gravitation,Free Fall & Acceleration due to Gravity,"In the absence of air resistance, how does the acceleration of a falling feather compare to that of a dropped bowling ball?","Both hit the ground at the exact same instant. Acceleration due to gravity g = G*M_earth / R^2 is independent of the falling object's mass m. While gravitational force is greater on the heavier object (F = mg), its inertial resistance to acceleration is proportionally greater by the exact same factor (a = F/m = g).","Based on physical laws, Both hit at the exact same time because acceleration due to gravity g is independent of the mass of the falling body in vacuum..",CORRECT: Scientifically Accurate Response,no_error,High,Correct mass-independent free fall principle.,,True,motion_diagram,A 10 kg iron cannonball and a 100 g wooden ball dropped simultaneously from height h inside an evacuated vacuum tube.,VacuumChamber | HeavyBall(10kg) | LightBall(100g) | Ground,"[""draw_vacuum_chamber()"", ""draw_falling_mass(label='10 kg', x=150, y=50)"", ""draw_falling_mass(label='0.1 kg', x=300, y=50)"", ""write_equation('g = G*M / R^2 (independent of falling mass)')""]",authored_clean_sample,train,"In the absence of air resistance, how does the acceleration of a falling feather compare to that of a dropped bowling ball?","Based on physical laws, Both hit at the exact same time because acceleration due to gravity g is independent of the mass of the falling body in vacuum..","Both hit the ground at the exact same instant. Acceleration due to gravity g = G*M_earth / R^2 is independent of the falling object's mass m. While gravitational force is greater on the heavier object (F = mg), its inertial resistance to acceleration is proportionally greater by the exact same factor (a = F/m = g).","Topic: Free Fall & Acceleration due to Gravity | Question: In the absence of air resistance, how does the acceleration of a falling feather compare to that of a dropped bowling ball? | Student Response: Based on physical laws, Both hit at the exact same time because acceleration due to gravity g is independent of the mass of the falling body in vacuum..",CORRECT: Scientifically Accurate Response
RESP-00216,PHY-GRA-GRAV-02,GRAVITATION_FREE_FALL,Class 9,Gravitation,Free Fall & Acceleration due to Gravity,"In the absence of air resistance, how does the acceleration of a falling feather compare to that of a dropped bowling ball?","Both hit the ground at the exact same instant. Acceleration due to gravity g = G*M_earth / R^2 is independent of the falling object's mass m. While gravitational force is greater on the heavier object (F = mg), its inertial resistance to acceleration is proportionally greater by the exact same factor (a = F/m = g).","According to my working, Both hit at the exact same time because acceleration due to gravity g is independent of the mass of the falling body in vacuum.",CORRECT: Scientifically Accurate Response,no_error,High,Correct mass-independent free fall principle.,,True,motion_diagram,A 10 kg iron cannonball and a 100 g wooden ball dropped simultaneously from height h inside an evacuated vacuum tube.,VacuumChamber | HeavyBall(10kg) | LightBall(100g) | Ground,"[""draw_vacuum_chamber()"", ""draw_falling_mass(label='10 kg', x=150, y=50)"", ""draw_falling_mass(label='0.1 kg', x=300, y=50)"", ""write_equation('g = G*M / R^2 (independent of falling mass)')""]",authored_clean_sample,train,"In the absence of air resistance, how does the acceleration of a falling feather compare to that of a dropped bowling ball?","According to my working, Both hit at the exact same time because acceleration due to gravity g is independent of the mass of the falling body in vacuum.","Both hit the ground at the exact same instant. Acceleration due to gravity g = G*M_earth / R^2 is independent of the falling object's mass m. While gravitational force is greater on the heavier object (F = mg), its inertial resistance to acceleration is proportionally greater by the exact same factor (a = F/m = g).","Topic: Free Fall & Acceleration due to Gravity | Question: In the absence of air resistance, how does the acceleration of a falling feather compare to that of a dropped bowling ball? | Student Response: According to my working, Both hit at the exact same time because acceleration due to gravity g is independent of the mass of the falling body in vacuum.",CORRECT: Scientifically Accurate Response
RESP-00217,PHY-GRA-GRAV-02,GRAVITATION_FREE_FALL,Class 9,Gravitation,Free Fall & Acceleration due to Gravity,"In the absence of air resistance, how does the acceleration of a falling feather compare to that of a dropped bowling ball?","Both hit the ground at the exact same instant. Acceleration due to gravity g = G*M_earth / R^2 is independent of the falling object's mass m. While gravitational force is greater on the heavier object (F = mg), its inertial resistance to acceleration is proportionally greater by the exact same factor (a = F/m = g).","Looking at the diagram, Both hit at the exact same time because acceleration due to gravity g is independent of the mass of the falling body in vacuum..",CORRECT: Scientifically Accurate Response,no_error,High,Correct mass-independent free fall principle.,,True,motion_diagram,A 10 kg iron cannonball and a 100 g wooden ball dropped simultaneously from height h inside an evacuated vacuum tube.,VacuumChamber | HeavyBall(10kg) | LightBall(100g) | Ground,"[""draw_vacuum_chamber()"", ""draw_falling_mass(label='10 kg', x=150, y=50)"", ""draw_falling_mass(label='0.1 kg', x=300, y=50)"", ""write_equation('g = G*M / R^2 (independent of falling mass)')""]",authored_clean_sample,train,"In the absence of air resistance, how does the acceleration of a falling feather compare to that of a dropped bowling ball?","Looking at the diagram, Both hit at the exact same time because acceleration due to gravity g is independent of the mass of the falling body in vacuum..","Both hit the ground at the exact same instant. Acceleration due to gravity g = G*M_earth / R^2 is independent of the falling object's mass m. While gravitational force is greater on the heavier object (F = mg), its inertial resistance to acceleration is proportionally greater by the exact same factor (a = F/m = g).","Topic: Free Fall & Acceleration due to Gravity | Question: In the absence of air resistance, how does the acceleration of a falling feather compare to that of a dropped bowling ball? | Student Response: Looking at the diagram, Both hit at the exact same time because acceleration due to gravity g is independent of the mass of the falling body in vacuum..",CORRECT: Scientifically Accurate Response
RESP-00218,PHY-GRA-GRAV-02,GRAVITATION_FREE_FALL,Class 9,Gravitation,Free Fall & Acceleration due to Gravity,"In the absence of air resistance, how does the acceleration of a falling feather compare to that of a dropped bowling ball?","Both hit the ground at the exact same instant. Acceleration due to gravity g = G*M_earth / R^2 is independent of the falling object's mass m. While gravitational force is greater on the heavier object (F = mg), its inertial resistance to acceleration is proportionally greater by the exact same factor (a = F/m = g).",My answer is: Both hit at the exact same time because acceleration due to gravity g is independent of the mass of the falling body in vacuum..,CORRECT: Scientifically Accurate Response,no_error,High,Correct mass-independent free fall principle.,,True,motion_diagram,A 10 kg iron cannonball and a 100 g wooden ball dropped simultaneously from height h inside an evacuated vacuum tube.,VacuumChamber | HeavyBall(10kg) | LightBall(100g) | Ground,"[""draw_vacuum_chamber()"", ""draw_falling_mass(label='10 kg', x=150, y=50)"", ""draw_falling_mass(label='0.1 kg', x=300, y=50)"", ""write_equation('g = G*M / R^2 (independent of falling mass)')""]",authored_clean_sample,train,"In the absence of air resistance, how does the acceleration of a falling feather compare to that of a dropped bowling ball?",My answer is: Both hit at the exact same time because acceleration due to gravity g is independent of the mass of the falling body in vacuum..,"Both hit the ground at the exact same instant. Acceleration due to gravity g = G*M_earth / R^2 is independent of the falling object's mass m. While gravitational force is greater on the heavier object (F = mg), its inertial resistance to acceleration is proportionally greater by the exact same factor (a = F/m = g).","Topic: Free Fall & Acceleration due to Gravity | Question: In the absence of air resistance, how does the acceleration of a falling feather compare to that of a dropped bowling ball? | Student Response: My answer is: Both hit at the exact same time because acceleration due to gravity g is independent of the mass of the falling body in vacuum..",CORRECT: Scientifically Accurate Response
RESP-00219,PHY-GRA-GRAV-02,GRAVITATION_FREE_FALL,Class 9,Gravitation,Free Fall & Acceleration due to Gravity,"In the absence of air resistance, how does the acceleration of a falling feather compare to that of a dropped bowling ball?","Both hit the ground at the exact same instant. Acceleration due to gravity g = G*M_earth / R^2 is independent of the falling object's mass m. While gravitational force is greater on the heavier object (F = mg), its inertial resistance to acceleration is proportionally greater by the exact same factor (a = F/m = g).","Based on physical laws, Both hit at the exact same time because acceleration due to gravity g is independent of the mass of the falling body in vacuum..",CORRECT: Scientifically Accurate Response,no_error,High,Correct mass-independent free fall principle.,,True,motion_diagram,A 10 kg iron cannonball and a 100 g wooden ball dropped simultaneously from height h inside an evacuated vacuum tube.,VacuumChamber | HeavyBall(10kg) | LightBall(100g) | Ground,"[""draw_vacuum_chamber()"", ""draw_falling_mass(label='10 kg', x=150, y=50)"", ""draw_falling_mass(label='0.1 kg', x=300, y=50)"", ""write_equation('g = G*M / R^2 (independent of falling mass)')""]",authored_clean_sample,train,"In the absence of air resistance, how does the acceleration of a falling feather compare to that of a dropped bowling ball?","Based on physical laws, Both hit at the exact same time because acceleration due to gravity g is independent of the mass of the falling body in vacuum..","Both hit the ground at the exact same instant. Acceleration due to gravity g = G*M_earth / R^2 is independent of the falling object's mass m. While gravitational force is greater on the heavier object (F = mg), its inertial resistance to acceleration is proportionally greater by the exact same factor (a = F/m = g).","Topic: Free Fall & Acceleration due to Gravity | Question: In the absence of air resistance, how does the acceleration of a falling feather compare to that of a dropped bowling ball? | Student Response: Based on physical laws, Both hit at the exact same time because acceleration due to gravity g is independent of the mass of the falling body in vacuum..",CORRECT: Scientifically Accurate Response
RESP-00220,PHY-GRA-GRAV-02,GRAVITATION_FREE_FALL,Class 9,Gravitation,Free Fall & Acceleration due to Gravity,"In the absence of air resistance, how does the acceleration of a falling feather compare to that of a dropped bowling ball?","Both hit the ground at the exact same instant. Acceleration due to gravity g = G*M_earth / R^2 is independent of the falling object's mass m. While gravitational force is greater on the heavier object (F = mg), its inertial resistance to acceleration is proportionally greater by the exact same factor (a = F/m = g).",Step 1: calculate values. The lighter ball hits first because it has less inertia. That is the answer.,CARELESS_CALCULATION_ERROR,calculation_slip,Medium,Inverted inertia reasoning.,,True,motion_diagram,A 10 kg iron cannonball and a 100 g wooden ball dropped simultaneously from height h inside an evacuated vacuum tube.,VacuumChamber | HeavyBall(10kg) | LightBall(100g) | Ground,"[""draw_vacuum_chamber()"", ""draw_falling_mass(label='10 kg', x=150, y=50)"", ""draw_falling_mass(label='0.1 kg', x=300, y=50)"", ""write_equation('g = G*M / R^2 (independent of falling mass)')""]",authored_clean_sample,train,"In the absence of air resistance, how does the acceleration of a falling feather compare to that of a dropped bowling ball?",Step 1: calculate values. The lighter ball hits first because it has less inertia. That is the answer.,"Both hit the ground at the exact same instant. Acceleration due to gravity g = G*M_earth / R^2 is independent of the falling object's mass m. While gravitational force is greater on the heavier object (F = mg), its inertial resistance to acceleration is proportionally greater by the exact same factor (a = F/m = g).","Topic: Free Fall & Acceleration due to Gravity | Question: In the absence of air resistance, how does the acceleration of a falling feather compare to that of a dropped bowling ball? | Student Response: Step 1: calculate values. The lighter ball hits first because it has less inertia. That is the answer.",CARELESS_CALCULATION_ERROR
RESP-00221,PHY-GRA-GRAV-02,GRAVITATION_FREE_FALL,Class 9,Gravitation,Free Fall & Acceleration due to Gravity,"In the absence of air resistance, how does the acceleration of a falling feather compare to that of a dropped bowling ball?","Both hit the ground at the exact same instant. Acceleration due to gravity g = G*M_earth / R^2 is independent of the falling object's mass m. While gravitational force is greater on the heavier object (F = mg), its inertial resistance to acceleration is proportionally greater by the exact same factor (a = F/m = g).",In class we learned that The lighter ball hits first because it has less inertia..,CARELESS_CALCULATION_ERROR,calculation_slip,Medium,Inverted inertia reasoning.,,True,motion_diagram,A 10 kg iron cannonball and a 100 g wooden ball dropped simultaneously from height h inside an evacuated vacuum tube.,VacuumChamber | HeavyBall(10kg) | LightBall(100g) | Ground,"[""draw_vacuum_chamber()"", ""draw_falling_mass(label='10 kg', x=150, y=50)"", ""draw_falling_mass(label='0.1 kg', x=300, y=50)"", ""write_equation('g = G*M / R^2 (independent of falling mass)')""]",authored_clean_sample,test,"In the absence of air resistance, how does the acceleration of a falling feather compare to that of a dropped bowling ball?",In class we learned that The lighter ball hits first because it has less inertia..,"Both hit the ground at the exact same instant. Acceleration due to gravity g = G*M_earth / R^2 is independent of the falling object's mass m. While gravitational force is greater on the heavier object (F = mg), its inertial resistance to acceleration is proportionally greater by the exact same factor (a = F/m = g).","Topic: Free Fall & Acceleration due to Gravity | Question: In the absence of air resistance, how does the acceleration of a falling feather compare to that of a dropped bowling ball? | Student Response: In class we learned that The lighter ball hits first because it has less inertia..",CARELESS_CALCULATION_ERROR
RESP-00222,PHY-GRA-GRAV-02,GRAVITATION_FREE_FALL,Class 9,Gravitation,Free Fall & Acceleration due to Gravity,"In the absence of air resistance, how does the acceleration of a falling feather compare to that of a dropped bowling ball?","Both hit the ground at the exact same instant. Acceleration due to gravity g = G*M_earth / R^2 is independent of the falling object's mass m. While gravitational force is greater on the heavier object (F = mg), its inertial resistance to acceleration is proportionally greater by the exact same factor (a = F/m = g).",The lighter ball hits first because it has less inertia.,CARELESS_CALCULATION_ERROR,calculation_slip,Medium,Inverted inertia reasoning.,,True,motion_diagram,A 10 kg iron cannonball and a 100 g wooden ball dropped simultaneously from height h inside an evacuated vacuum tube.,VacuumChamber | HeavyBall(10kg) | LightBall(100g) | Ground,"[""draw_vacuum_chamber()"", ""draw_falling_mass(label='10 kg', x=150, y=50)"", ""draw_falling_mass(label='0.1 kg', x=300, y=50)"", ""write_equation('g = G*M / R^2 (independent of falling mass)')""]",authored_clean_sample,test,"In the absence of air resistance, how does the acceleration of a falling feather compare to that of a dropped bowling ball?",The lighter ball hits first because it has less inertia.,"Both hit the ground at the exact same instant. Acceleration due to gravity g = G*M_earth / R^2 is independent of the falling object's mass m. While gravitational force is greater on the heavier object (F = mg), its inertial resistance to acceleration is proportionally greater by the exact same factor (a = F/m = g).","Topic: Free Fall & Acceleration due to Gravity | Question: In the absence of air resistance, how does the acceleration of a falling feather compare to that of a dropped bowling ball? | Student Response: The lighter ball hits first because it has less inertia.",CARELESS_CALCULATION_ERROR
RESP-00223,PHY-GRA-GRAV-03,GRAVITATION_FREE_FALL,Class 9,Gravitation,Free Fall & Acceleration due to Gravity,Why do all objects accelerate at the same rate g = 9.8 m/s^2 near Earth's surface during free fall?,"Both hit the ground at the exact same instant. Acceleration due to gravity g = G*M_earth / R^2 is independent of the falling object's mass m. While gravitational force is greater on the heavier object (F = mg), its inertial resistance to acceleration is proportionally greater by the exact same factor (a = F/m = g).","Based on physical laws, The 10 kg iron ball hits first because heavier objects fall faster due to stronger gravity..",MISC-GRAV-001: Heavier Objects Fall Faster Fallacy,conceptual_misconception,High,Aristotelian intuition that weight determines fall speed.,,True,motion_diagram,A 10 kg iron cannonball and a 100 g wooden ball dropped simultaneously from height h inside an evacuated vacuum tube.,VacuumChamber | HeavyBall(10kg) | LightBall(100g) | Ground,"[""draw_vacuum_chamber()"", ""draw_falling_mass(label='10 kg', x=150, y=50)"", ""draw_falling_mass(label='0.1 kg', x=300, y=50)"", ""write_equation('g = G*M / R^2 (independent of falling mass)')""]",curated_per_literature,test,Why do all objects accelerate at the same rate g = 9.8 m/s^2 near Earth's surface during free fall?,"Based on physical laws, The 10 kg iron ball hits first because heavier objects fall faster due to stronger gravity..","Both hit the ground at the exact same instant. Acceleration due to gravity g = G*M_earth / R^2 is independent of the falling object's mass m. While gravitational force is greater on the heavier object (F = mg), its inertial resistance to acceleration is proportionally greater by the exact same factor (a = F/m = g).","Topic: Free Fall & Acceleration due to Gravity | Question: Why do all objects accelerate at the same rate g = 9.8 m/s^2 near Earth's surface during free fall? | Student Response: Based on physical laws, The 10 kg iron ball hits first because heavier objects fall faster due to stronger gravity..",MISC-GRAV-001: Heavier Objects Fall Faster Fallacy
RESP-00224,PHY-GRA-GRAV-03,GRAVITATION_FREE_FALL,Class 9,Gravitation,Free Fall & Acceleration due to Gravity,Why do all objects accelerate at the same rate g = 9.8 m/s^2 near Earth's surface during free fall?,"Both hit the ground at the exact same instant. Acceleration due to gravity g = G*M_earth / R^2 is independent of the falling object's mass m. While gravitational force is greater on the heavier object (F = mg), its inertial resistance to acceleration is proportionally greater by the exact same factor (a = F/m = g).","According to my working, The 10 kg iron ball hits first because heavier objects fall faster due to stronger gravity.",MISC-GRAV-001: Heavier Objects Fall Faster Fallacy,conceptual_misconception,High,Aristotelian intuition that weight determines fall speed.,,True,motion_diagram,A 10 kg iron cannonball and a 100 g wooden ball dropped simultaneously from height h inside an evacuated vacuum tube.,VacuumChamber | HeavyBall(10kg) | LightBall(100g) | Ground,"[""draw_vacuum_chamber()"", ""draw_falling_mass(label='10 kg', x=150, y=50)"", ""draw_falling_mass(label='0.1 kg', x=300, y=50)"", ""write_equation('g = G*M / R^2 (independent of falling mass)')""]",curated_per_literature,val,Why do all objects accelerate at the same rate g = 9.8 m/s^2 near Earth's surface during free fall?,"According to my working, The 10 kg iron ball hits first because heavier objects fall faster due to stronger gravity.","Both hit the ground at the exact same instant. Acceleration due to gravity g = G*M_earth / R^2 is independent of the falling object's mass m. While gravitational force is greater on the heavier object (F = mg), its inertial resistance to acceleration is proportionally greater by the exact same factor (a = F/m = g).","Topic: Free Fall & Acceleration due to Gravity | Question: Why do all objects accelerate at the same rate g = 9.8 m/s^2 near Earth's surface during free fall? | Student Response: According to my working, The 10 kg iron ball hits first because heavier objects fall faster due to stronger gravity.",MISC-GRAV-001: Heavier Objects Fall Faster Fallacy
RESP-00225,PHY-GRA-GRAV-03,GRAVITATION_FREE_FALL,Class 9,Gravitation,Free Fall & Acceleration due to Gravity,Why do all objects accelerate at the same rate g = 9.8 m/s^2 near Earth's surface during free fall?,"Both hit the ground at the exact same instant. Acceleration due to gravity g = G*M_earth / R^2 is independent of the falling object's mass m. While gravitational force is greater on the heavier object (F = mg), its inertial resistance to acceleration is proportionally greater by the exact same factor (a = F/m = g).","Looking at the diagram, The 10 kg iron ball hits first because heavier objects fall faster due to stronger gravity..",MISC-GRAV-001: Heavier Objects Fall Faster Fallacy,conceptual_misconception,High,Aristotelian intuition that weight determines fall speed.,,True,motion_diagram,A 10 kg iron cannonball and a 100 g wooden ball dropped simultaneously from height h inside an evacuated vacuum tube.,VacuumChamber | HeavyBall(10kg) | LightBall(100g) | Ground,"[""draw_vacuum_chamber()"", ""draw_falling_mass(label='10 kg', x=150, y=50)"", ""draw_falling_mass(label='0.1 kg', x=300, y=50)"", ""write_equation('g = G*M / R^2 (independent of falling mass)')""]",curated_per_literature,val,Why do all objects accelerate at the same rate g = 9.8 m/s^2 near Earth's surface during free fall?,"Looking at the diagram, The 10 kg iron ball hits first because heavier objects fall faster due to stronger gravity..","Both hit the ground at the exact same instant. Acceleration due to gravity g = G*M_earth / R^2 is independent of the falling object's mass m. While gravitational force is greater on the heavier object (F = mg), its inertial resistance to acceleration is proportionally greater by the exact same factor (a = F/m = g).","Topic: Free Fall & Acceleration due to Gravity | Question: Why do all objects accelerate at the same rate g = 9.8 m/s^2 near Earth's surface during free fall? | Student Response: Looking at the diagram, The 10 kg iron ball hits first because heavier objects fall faster due to stronger gravity..",MISC-GRAV-001: Heavier Objects Fall Faster Fallacy
RESP-00226,PHY-GRA-GRAV-03,GRAVITATION_FREE_FALL,Class 9,Gravitation,Free Fall & Acceleration due to Gravity,Why do all objects accelerate at the same rate g = 9.8 m/s^2 near Earth's surface during free fall?,"Both hit the ground at the exact same instant. Acceleration due to gravity g = G*M_earth / R^2 is independent of the falling object's mass m. While gravitational force is greater on the heavier object (F = mg), its inertial resistance to acceleration is proportionally greater by the exact same factor (a = F/m = g).",My answer is: The 10 kg iron ball hits first because heavier objects fall faster due to stronger gravity..,MISC-GRAV-001: Heavier Objects Fall Faster Fallacy,conceptual_misconception,High,Aristotelian intuition that weight determines fall speed.,,True,motion_diagram,A 10 kg iron cannonball and a 100 g wooden ball dropped simultaneously from height h inside an evacuated vacuum tube.,VacuumChamber | HeavyBall(10kg) | LightBall(100g) | Ground,"[""draw_vacuum_chamber()"", ""draw_falling_mass(label='10 kg', x=150, y=50)"", ""draw_falling_mass(label='0.1 kg', x=300, y=50)"", ""write_equation('g = G*M / R^2 (independent of falling mass)')""]",curated_per_literature,val,Why do all objects accelerate at the same rate g = 9.8 m/s^2 near Earth's surface during free fall?,My answer is: The 10 kg iron ball hits first because heavier objects fall faster due to stronger gravity..,"Both hit the ground at the exact same instant. Acceleration due to gravity g = G*M_earth / R^2 is independent of the falling object's mass m. While gravitational force is greater on the heavier object (F = mg), its inertial resistance to acceleration is proportionally greater by the exact same factor (a = F/m = g).",Topic: Free Fall & Acceleration due to Gravity | Question: Why do all objects accelerate at the same rate g = 9.8 m/s^2 near Earth's surface during free fall? | Student Response: My answer is: The 10 kg iron ball hits first because heavier objects fall faster due to stronger gravity..,MISC-GRAV-001: Heavier Objects Fall Faster Fallacy
RESP-00227,PHY-GRA-GRAV-03,GRAVITATION_FREE_FALL,Class 9,Gravitation,Free Fall & Acceleration due to Gravity,Why do all objects accelerate at the same rate g = 9.8 m/s^2 near Earth's surface during free fall?,"Both hit the ground at the exact same instant. Acceleration due to gravity g = G*M_earth / R^2 is independent of the falling object's mass m. While gravitational force is greater on the heavier object (F = mg), its inertial resistance to acceleration is proportionally greater by the exact same factor (a = F/m = g).","Based on physical laws, The 10 kg iron ball hits first because heavier objects fall faster due to stronger gravity..",MISC-GRAV-001: Heavier Objects Fall Faster Fallacy,conceptual_misconception,High,Aristotelian intuition that weight determines fall speed.,,True,motion_diagram,A 10 kg iron cannonball and a 100 g wooden ball dropped simultaneously from height h inside an evacuated vacuum tube.,VacuumChamber | HeavyBall(10kg) | LightBall(100g) | Ground,"[""draw_vacuum_chamber()"", ""draw_falling_mass(label='10 kg', x=150, y=50)"", ""draw_falling_mass(label='0.1 kg', x=300, y=50)"", ""write_equation('g = G*M / R^2 (independent of falling mass)')""]",curated_per_literature,train,Why do all objects accelerate at the same rate g = 9.8 m/s^2 near Earth's surface during free fall?,"Based on physical laws, The 10 kg iron ball hits first because heavier objects fall faster due to stronger gravity..","Both hit the ground at the exact same instant. Acceleration due to gravity g = G*M_earth / R^2 is independent of the falling object's mass m. While gravitational force is greater on the heavier object (F = mg), its inertial resistance to acceleration is proportionally greater by the exact same factor (a = F/m = g).","Topic: Free Fall & Acceleration due to Gravity | Question: Why do all objects accelerate at the same rate g = 9.8 m/s^2 near Earth's surface during free fall? | Student Response: Based on physical laws, The 10 kg iron ball hits first because heavier objects fall faster due to stronger gravity..",MISC-GRAV-001: Heavier Objects Fall Faster Fallacy
RESP-00228,PHY-GRA-GRAV-03,GRAVITATION_FREE_FALL,Class 9,Gravitation,Free Fall & Acceleration due to Gravity,Why do all objects accelerate at the same rate g = 9.8 m/s^2 near Earth's surface during free fall?,"Both hit the ground at the exact same instant. Acceleration due to gravity g = G*M_earth / R^2 is independent of the falling object's mass m. While gravitational force is greater on the heavier object (F = mg), its inertial resistance to acceleration is proportionally greater by the exact same factor (a = F/m = g).",Step 1: calculate values. The heavy ball hits first because gravity pulls heavy things with more speed. That is the answer.,MISC-GRAV-001: Heavier Objects Fall Faster Fallacy,conceptual_misconception,High,Conflates gravitational force with acceleration.,,True,motion_diagram,A 10 kg iron cannonball and a 100 g wooden ball dropped simultaneously from height h inside an evacuated vacuum tube.,VacuumChamber | HeavyBall(10kg) | LightBall(100g) | Ground,"[""draw_vacuum_chamber()"", ""draw_falling_mass(label='10 kg', x=150, y=50)"", ""draw_falling_mass(label='0.1 kg', x=300, y=50)"", ""write_equation('g = G*M / R^2 (independent of falling mass)')""]",curated_per_literature,train,Why do all objects accelerate at the same rate g = 9.8 m/s^2 near Earth's surface during free fall?,Step 1: calculate values. The heavy ball hits first because gravity pulls heavy things with more speed. That is the answer.,"Both hit the ground at the exact same instant. Acceleration due to gravity g = G*M_earth / R^2 is independent of the falling object's mass m. While gravitational force is greater on the heavier object (F = mg), its inertial resistance to acceleration is proportionally greater by the exact same factor (a = F/m = g).",Topic: Free Fall & Acceleration due to Gravity | Question: Why do all objects accelerate at the same rate g = 9.8 m/s^2 near Earth's surface during free fall? | Student Response: Step 1: calculate values. The heavy ball hits first because gravity pulls heavy things with more speed. That is the answer.,MISC-GRAV-001: Heavier Objects Fall Faster Fallacy
RESP-00229,PHY-GRA-GRAV-03,GRAVITATION_FREE_FALL,Class 9,Gravitation,Free Fall & Acceleration due to Gravity,Why do all objects accelerate at the same rate g = 9.8 m/s^2 near Earth's surface during free fall?,"Both hit the ground at the exact same instant. Acceleration due to gravity g = G*M_earth / R^2 is independent of the falling object's mass m. While gravitational force is greater on the heavier object (F = mg), its inertial resistance to acceleration is proportionally greater by the exact same factor (a = F/m = g).",In class we learned that The heavy ball hits first because gravity pulls heavy things with more speed..,MISC-GRAV-001: Heavier Objects Fall Faster Fallacy,conceptual_misconception,High,Conflates gravitational force with acceleration.,,True,motion_diagram,A 10 kg iron cannonball and a 100 g wooden ball dropped simultaneously from height h inside an evacuated vacuum tube.,VacuumChamber | HeavyBall(10kg) | LightBall(100g) | Ground,"[""draw_vacuum_chamber()"", ""draw_falling_mass(label='10 kg', x=150, y=50)"", ""draw_falling_mass(label='0.1 kg', x=300, y=50)"", ""write_equation('g = G*M / R^2 (independent of falling mass)')""]",curated_per_literature,train,Why do all objects accelerate at the same rate g = 9.8 m/s^2 near Earth's surface during free fall?,In class we learned that The heavy ball hits first because gravity pulls heavy things with more speed..,"Both hit the ground at the exact same instant. Acceleration due to gravity g = G*M_earth / R^2 is independent of the falling object's mass m. While gravitational force is greater on the heavier object (F = mg), its inertial resistance to acceleration is proportionally greater by the exact same factor (a = F/m = g).",Topic: Free Fall & Acceleration due to Gravity | Question: Why do all objects accelerate at the same rate g = 9.8 m/s^2 near Earth's surface during free fall? | Student Response: In class we learned that The heavy ball hits first because gravity pulls heavy things with more speed..,MISC-GRAV-001: Heavier Objects Fall Faster Fallacy
RESP-00230,PHY-GRA-GRAV-03,GRAVITATION_FREE_FALL,Class 9,Gravitation,Free Fall & Acceleration due to Gravity,Why do all objects accelerate at the same rate g = 9.8 m/s^2 near Earth's surface during free fall?,"Both hit the ground at the exact same instant. Acceleration due to gravity g = G*M_earth / R^2 is independent of the falling object's mass m. While gravitational force is greater on the heavier object (F = mg), its inertial resistance to acceleration is proportionally greater by the exact same factor (a = F/m = g).",The heavy ball hits first because gravity pulls heavy things with more speed.,MISC-GRAV-001: Heavier Objects Fall Faster Fallacy,conceptual_misconception,High,Conflates gravitational force with acceleration.,,True,motion_diagram,A 10 kg iron cannonball and a 100 g wooden ball dropped simultaneously from height h inside an evacuated vacuum tube.,VacuumChamber | HeavyBall(10kg) | LightBall(100g) | Ground,"[""draw_vacuum_chamber()"", ""draw_falling_mass(label='10 kg', x=150, y=50)"", ""draw_falling_mass(label='0.1 kg', x=300, y=50)"", ""write_equation('g = G*M / R^2 (independent of falling mass)')""]",curated_per_literature,train,Why do all objects accelerate at the same rate g = 9.8 m/s^2 near Earth's surface during free fall?,The heavy ball hits first because gravity pulls heavy things with more speed.,"Both hit the ground at the exact same instant. Acceleration due to gravity g = G*M_earth / R^2 is independent of the falling object's mass m. While gravitational force is greater on the heavier object (F = mg), its inertial resistance to acceleration is proportionally greater by the exact same factor (a = F/m = g).",Topic: Free Fall & Acceleration due to Gravity | Question: Why do all objects accelerate at the same rate g = 9.8 m/s^2 near Earth's surface during free fall? | Student Response: The heavy ball hits first because gravity pulls heavy things with more speed.,MISC-GRAV-001: Heavier Objects Fall Faster Fallacy
RESP-00231,PHY-GRA-GRAV-03,GRAVITATION_FREE_FALL,Class 9,Gravitation,Free Fall & Acceleration due to Gravity,Why do all objects accelerate at the same rate g = 9.8 m/s^2 near Earth's surface during free fall?,"Both hit the ground at the exact same instant. Acceleration due to gravity g = G*M_earth / R^2 is independent of the falling object's mass m. While gravitational force is greater on the heavier object (F = mg), its inertial resistance to acceleration is proportionally greater by the exact same factor (a = F/m = g).","From the formula, The heavy ball hits first because gravity pulls heavy things with more speed. as calculated.",MISC-GRAV-001: Heavier Objects Fall Faster Fallacy,conceptual_misconception,High,Conflates gravitational force with acceleration.,,True,motion_diagram,A 10 kg iron cannonball and a 100 g wooden ball dropped simultaneously from height h inside an evacuated vacuum tube.,VacuumChamber | HeavyBall(10kg) | LightBall(100g) | Ground,"[""draw_vacuum_chamber()"", ""draw_falling_mass(label='10 kg', x=150, y=50)"", ""draw_falling_mass(label='0.1 kg', x=300, y=50)"", ""write_equation('g = G*M / R^2 (independent of falling mass)')""]",curated_per_literature,train,Why do all objects accelerate at the same rate g = 9.8 m/s^2 near Earth's surface during free fall?,"From the formula, The heavy ball hits first because gravity pulls heavy things with more speed. as calculated.","Both hit the ground at the exact same instant. Acceleration due to gravity g = G*M_earth / R^2 is independent of the falling object's mass m. While gravitational force is greater on the heavier object (F = mg), its inertial resistance to acceleration is proportionally greater by the exact same factor (a = F/m = g).","Topic: Free Fall & Acceleration due to Gravity | Question: Why do all objects accelerate at the same rate g = 9.8 m/s^2 near Earth's surface during free fall? | Student Response: From the formula, The heavy ball hits first because gravity pulls heavy things with more speed. as calculated.",MISC-GRAV-001: Heavier Objects Fall Faster Fallacy
RESP-00232,PHY-GRA-GRAV-03,GRAVITATION_FREE_FALL,Class 9,Gravitation,Free Fall & Acceleration due to Gravity,Why do all objects accelerate at the same rate g = 9.8 m/s^2 near Earth's surface during free fall?,"Both hit the ground at the exact same instant. Acceleration due to gravity g = G*M_earth / R^2 is independent of the falling object's mass m. While gravitational force is greater on the heavier object (F = mg), its inertial resistance to acceleration is proportionally greater by the exact same factor (a = F/m = g).",Step 1: calculate values. The heavy ball hits first because gravity pulls heavy things with more speed. That is the answer.,MISC-GRAV-001: Heavier Objects Fall Faster Fallacy,conceptual_misconception,High,Conflates gravitational force with acceleration.,,True,motion_diagram,A 10 kg iron cannonball and a 100 g wooden ball dropped simultaneously from height h inside an evacuated vacuum tube.,VacuumChamber | HeavyBall(10kg) | LightBall(100g) | Ground,"[""draw_vacuum_chamber()"", ""draw_falling_mass(label='10 kg', x=150, y=50)"", ""draw_falling_mass(label='0.1 kg', x=300, y=50)"", ""write_equation('g = G*M / R^2 (independent of falling mass)')""]",curated_per_literature,train,Why do all objects accelerate at the same rate g = 9.8 m/s^2 near Earth's surface during free fall?,Step 1: calculate values. The heavy ball hits first because gravity pulls heavy things with more speed. That is the answer.,"Both hit the ground at the exact same instant. Acceleration due to gravity g = G*M_earth / R^2 is independent of the falling object's mass m. While gravitational force is greater on the heavier object (F = mg), its inertial resistance to acceleration is proportionally greater by the exact same factor (a = F/m = g).",Topic: Free Fall & Acceleration due to Gravity | Question: Why do all objects accelerate at the same rate g = 9.8 m/s^2 near Earth's surface during free fall? | Student Response: Step 1: calculate values. The heavy ball hits first because gravity pulls heavy things with more speed. That is the answer.,MISC-GRAV-001: Heavier Objects Fall Faster Fallacy
RESP-00233,PHY-GRA-GRAV-03,GRAVITATION_FREE_FALL,Class 9,Gravitation,Free Fall & Acceleration due to Gravity,Why do all objects accelerate at the same rate g = 9.8 m/s^2 near Earth's surface during free fall?,"Both hit the ground at the exact same instant. Acceleration due to gravity g = G*M_earth / R^2 is independent of the falling object's mass m. While gravitational force is greater on the heavier object (F = mg), its inertial resistance to acceleration is proportionally greater by the exact same factor (a = F/m = g).","According to my working, Both hit at the exact same time because acceleration due to gravity g is independent of the mass of the falling body in vacuum.",CORRECT: Scientifically Accurate Response,no_error,High,Correct mass-independent free fall principle.,,True,motion_diagram,A 10 kg iron cannonball and a 100 g wooden ball dropped simultaneously from height h inside an evacuated vacuum tube.,VacuumChamber | HeavyBall(10kg) | LightBall(100g) | Ground,"[""draw_vacuum_chamber()"", ""draw_falling_mass(label='10 kg', x=150, y=50)"", ""draw_falling_mass(label='0.1 kg', x=300, y=50)"", ""write_equation('g = G*M / R^2 (independent of falling mass)')""]",authored_clean_sample,train,Why do all objects accelerate at the same rate g = 9.8 m/s^2 near Earth's surface during free fall?,"According to my working, Both hit at the exact same time because acceleration due to gravity g is independent of the mass of the falling body in vacuum.","Both hit the ground at the exact same instant. Acceleration due to gravity g = G*M_earth / R^2 is independent of the falling object's mass m. While gravitational force is greater on the heavier object (F = mg), its inertial resistance to acceleration is proportionally greater by the exact same factor (a = F/m = g).","Topic: Free Fall & Acceleration due to Gravity | Question: Why do all objects accelerate at the same rate g = 9.8 m/s^2 near Earth's surface during free fall? | Student Response: According to my working, Both hit at the exact same time because acceleration due to gravity g is independent of the mass of the falling body in vacuum.",CORRECT: Scientifically Accurate Response
RESP-00234,PHY-GRA-GRAV-03,GRAVITATION_FREE_FALL,Class 9,Gravitation,Free Fall & Acceleration due to Gravity,Why do all objects accelerate at the same rate g = 9.8 m/s^2 near Earth's surface during free fall?,"Both hit the ground at the exact same instant. Acceleration due to gravity g = G*M_earth / R^2 is independent of the falling object's mass m. While gravitational force is greater on the heavier object (F = mg), its inertial resistance to acceleration is proportionally greater by the exact same factor (a = F/m = g).","Looking at the diagram, Both hit at the exact same time because acceleration due to gravity g is independent of the mass of the falling body in vacuum..",CORRECT: Scientifically Accurate Response,no_error,High,Correct mass-independent free fall principle.,,True,motion_diagram,A 10 kg iron cannonball and a 100 g wooden ball dropped simultaneously from height h inside an evacuated vacuum tube.,VacuumChamber | HeavyBall(10kg) | LightBall(100g) | Ground,"[""draw_vacuum_chamber()"", ""draw_falling_mass(label='10 kg', x=150, y=50)"", ""draw_falling_mass(label='0.1 kg', x=300, y=50)"", ""write_equation('g = G*M / R^2 (independent of falling mass)')""]",authored_clean_sample,train,Why do all objects accelerate at the same rate g = 9.8 m/s^2 near Earth's surface during free fall?,"Looking at the diagram, Both hit at the exact same time because acceleration due to gravity g is independent of the mass of the falling body in vacuum..","Both hit the ground at the exact same instant. Acceleration due to gravity g = G*M_earth / R^2 is independent of the falling object's mass m. While gravitational force is greater on the heavier object (F = mg), its inertial resistance to acceleration is proportionally greater by the exact same factor (a = F/m = g).","Topic: Free Fall & Acceleration due to Gravity | Question: Why do all objects accelerate at the same rate g = 9.8 m/s^2 near Earth's surface during free fall? | Student Response: Looking at the diagram, Both hit at the exact same time because acceleration due to gravity g is independent of the mass of the falling body in vacuum..",CORRECT: Scientifically Accurate Response
RESP-00235,PHY-GRA-GRAV-03,GRAVITATION_FREE_FALL,Class 9,Gravitation,Free Fall & Acceleration due to Gravity,Why do all objects accelerate at the same rate g = 9.8 m/s^2 near Earth's surface during free fall?,"Both hit the ground at the exact same instant. Acceleration due to gravity g = G*M_earth / R^2 is independent of the falling object's mass m. While gravitational force is greater on the heavier object (F = mg), its inertial resistance to acceleration is proportionally greater by the exact same factor (a = F/m = g).",My answer is: Both hit at the exact same time because acceleration due to gravity g is independent of the mass of the falling body in vacuum..,CORRECT: Scientifically Accurate Response,no_error,High,Correct mass-independent free fall principle.,,True,motion_diagram,A 10 kg iron cannonball and a 100 g wooden ball dropped simultaneously from height h inside an evacuated vacuum tube.,VacuumChamber | HeavyBall(10kg) | LightBall(100g) | Ground,"[""draw_vacuum_chamber()"", ""draw_falling_mass(label='10 kg', x=150, y=50)"", ""draw_falling_mass(label='0.1 kg', x=300, y=50)"", ""write_equation('g = G*M / R^2 (independent of falling mass)')""]",authored_clean_sample,train,Why do all objects accelerate at the same rate g = 9.8 m/s^2 near Earth's surface during free fall?,My answer is: Both hit at the exact same time because acceleration due to gravity g is independent of the mass of the falling body in vacuum..,"Both hit the ground at the exact same instant. Acceleration due to gravity g = G*M_earth / R^2 is independent of the falling object's mass m. While gravitational force is greater on the heavier object (F = mg), its inertial resistance to acceleration is proportionally greater by the exact same factor (a = F/m = g).",Topic: Free Fall & Acceleration due to Gravity | Question: Why do all objects accelerate at the same rate g = 9.8 m/s^2 near Earth's surface during free fall? | Student Response: My answer is: Both hit at the exact same time because acceleration due to gravity g is independent of the mass of the falling body in vacuum..,CORRECT: Scientifically Accurate Response
RESP-00236,PHY-GRA-GRAV-03,GRAVITATION_FREE_FALL,Class 9,Gravitation,Free Fall & Acceleration due to Gravity,Why do all objects accelerate at the same rate g = 9.8 m/s^2 near Earth's surface during free fall?,"Both hit the ground at the exact same instant. Acceleration due to gravity g = G*M_earth / R^2 is independent of the falling object's mass m. While gravitational force is greater on the heavier object (F = mg), its inertial resistance to acceleration is proportionally greater by the exact same factor (a = F/m = g).","Based on physical laws, Both hit at the exact same time because acceleration due to gravity g is independent of the mass of the falling body in vacuum..",CORRECT: Scientifically Accurate Response,no_error,High,Correct mass-independent free fall principle.,,True,motion_diagram,A 10 kg iron cannonball and a 100 g wooden ball dropped simultaneously from height h inside an evacuated vacuum tube.,VacuumChamber | HeavyBall(10kg) | LightBall(100g) | Ground,"[""draw_vacuum_chamber()"", ""draw_falling_mass(label='10 kg', x=150, y=50)"", ""draw_falling_mass(label='0.1 kg', x=300, y=50)"", ""write_equation('g = G*M / R^2 (independent of falling mass)')""]",authored_clean_sample,train,Why do all objects accelerate at the same rate g = 9.8 m/s^2 near Earth's surface during free fall?,"Based on physical laws, Both hit at the exact same time because acceleration due to gravity g is independent of the mass of the falling body in vacuum..","Both hit the ground at the exact same instant. Acceleration due to gravity g = G*M_earth / R^2 is independent of the falling object's mass m. While gravitational force is greater on the heavier object (F = mg), its inertial resistance to acceleration is proportionally greater by the exact same factor (a = F/m = g).","Topic: Free Fall & Acceleration due to Gravity | Question: Why do all objects accelerate at the same rate g = 9.8 m/s^2 near Earth's surface during free fall? | Student Response: Based on physical laws, Both hit at the exact same time because acceleration due to gravity g is independent of the mass of the falling body in vacuum..",CORRECT: Scientifically Accurate Response
RESP-00237,PHY-GRA-GRAV-03,GRAVITATION_FREE_FALL,Class 9,Gravitation,Free Fall & Acceleration due to Gravity,Why do all objects accelerate at the same rate g = 9.8 m/s^2 near Earth's surface during free fall?,"Both hit the ground at the exact same instant. Acceleration due to gravity g = G*M_earth / R^2 is independent of the falling object's mass m. While gravitational force is greater on the heavier object (F = mg), its inertial resistance to acceleration is proportionally greater by the exact same factor (a = F/m = g).","According to my working, Both hit at the exact same time because acceleration due to gravity g is independent of the mass of the falling body in vacuum.",CORRECT: Scientifically Accurate Response,no_error,High,Correct mass-independent free fall principle.,,True,motion_diagram,A 10 kg iron cannonball and a 100 g wooden ball dropped simultaneously from height h inside an evacuated vacuum tube.,VacuumChamber | HeavyBall(10kg) | LightBall(100g) | Ground,"[""draw_vacuum_chamber()"", ""draw_falling_mass(label='10 kg', x=150, y=50)"", ""draw_falling_mass(label='0.1 kg', x=300, y=50)"", ""write_equation('g = G*M / R^2 (independent of falling mass)')""]",authored_clean_sample,train,Why do all objects accelerate at the same rate g = 9.8 m/s^2 near Earth's surface during free fall?,"According to my working, Both hit at the exact same time because acceleration due to gravity g is independent of the mass of the falling body in vacuum.","Both hit the ground at the exact same instant. Acceleration due to gravity g = G*M_earth / R^2 is independent of the falling object's mass m. While gravitational force is greater on the heavier object (F = mg), its inertial resistance to acceleration is proportionally greater by the exact same factor (a = F/m = g).","Topic: Free Fall & Acceleration due to Gravity | Question: Why do all objects accelerate at the same rate g = 9.8 m/s^2 near Earth's surface during free fall? | Student Response: According to my working, Both hit at the exact same time because acceleration due to gravity g is independent of the mass of the falling body in vacuum.",CORRECT: Scientifically Accurate Response
RESP-00238,PHY-GRA-GRAV-03,GRAVITATION_FREE_FALL,Class 9,Gravitation,Free Fall & Acceleration due to Gravity,Why do all objects accelerate at the same rate g = 9.8 m/s^2 near Earth's surface during free fall?,"Both hit the ground at the exact same instant. Acceleration due to gravity g = G*M_earth / R^2 is independent of the falling object's mass m. While gravitational force is greater on the heavier object (F = mg), its inertial resistance to acceleration is proportionally greater by the exact same factor (a = F/m = g).",In class we learned that The lighter ball hits first because it has less inertia..,CARELESS_CALCULATION_ERROR,calculation_slip,Medium,Inverted inertia reasoning.,,True,motion_diagram,A 10 kg iron cannonball and a 100 g wooden ball dropped simultaneously from height h inside an evacuated vacuum tube.,VacuumChamber | HeavyBall(10kg) | LightBall(100g) | Ground,"[""draw_vacuum_chamber()"", ""draw_falling_mass(label='10 kg', x=150, y=50)"", ""draw_falling_mass(label='0.1 kg', x=300, y=50)"", ""write_equation('g = G*M / R^2 (independent of falling mass)')""]",authored_clean_sample,train,Why do all objects accelerate at the same rate g = 9.8 m/s^2 near Earth's surface during free fall?,In class we learned that The lighter ball hits first because it has less inertia..,"Both hit the ground at the exact same instant. Acceleration due to gravity g = G*M_earth / R^2 is independent of the falling object's mass m. While gravitational force is greater on the heavier object (F = mg), its inertial resistance to acceleration is proportionally greater by the exact same factor (a = F/m = g).",Topic: Free Fall & Acceleration due to Gravity | Question: Why do all objects accelerate at the same rate g = 9.8 m/s^2 near Earth's surface during free fall? | Student Response: In class we learned that The lighter ball hits first because it has less inertia..,CARELESS_CALCULATION_ERROR
RESP-00239,PHY-GRA-GRAV-03,GRAVITATION_FREE_FALL,Class 9,Gravitation,Free Fall & Acceleration due to Gravity,Why do all objects accelerate at the same rate g = 9.8 m/s^2 near Earth's surface during free fall?,"Both hit the ground at the exact same instant. Acceleration due to gravity g = G*M_earth / R^2 is independent of the falling object's mass m. While gravitational force is greater on the heavier object (F = mg), its inertial resistance to acceleration is proportionally greater by the exact same factor (a = F/m = g).",The lighter ball hits first because it has less inertia.,CARELESS_CALCULATION_ERROR,calculation_slip,Medium,Inverted inertia reasoning.,,True,motion_diagram,A 10 kg iron cannonball and a 100 g wooden ball dropped simultaneously from height h inside an evacuated vacuum tube.,VacuumChamber | HeavyBall(10kg) | LightBall(100g) | Ground,"[""draw_vacuum_chamber()"", ""draw_falling_mass(label='10 kg', x=150, y=50)"", ""draw_falling_mass(label='0.1 kg', x=300, y=50)"", ""write_equation('g = G*M / R^2 (independent of falling mass)')""]",authored_clean_sample,train,Why do all objects accelerate at the same rate g = 9.8 m/s^2 near Earth's surface during free fall?,The lighter ball hits first because it has less inertia.,"Both hit the ground at the exact same instant. Acceleration due to gravity g = G*M_earth / R^2 is independent of the falling object's mass m. While gravitational force is greater on the heavier object (F = mg), its inertial resistance to acceleration is proportionally greater by the exact same factor (a = F/m = g).",Topic: Free Fall & Acceleration due to Gravity | Question: Why do all objects accelerate at the same rate g = 9.8 m/s^2 near Earth's surface during free fall? | Student Response: The lighter ball hits first because it has less inertia.,CARELESS_CALCULATION_ERROR
RESP-00240,PHY-GRA-GRAV-03,GRAVITATION_FREE_FALL,Class 9,Gravitation,Free Fall & Acceleration due to Gravity,Why do all objects accelerate at the same rate g = 9.8 m/s^2 near Earth's surface during free fall?,"Both hit the ground at the exact same instant. Acceleration due to gravity g = G*M_earth / R^2 is independent of the falling object's mass m. While gravitational force is greater on the heavier object (F = mg), its inertial resistance to acceleration is proportionally greater by the exact same factor (a = F/m = g).","From the formula, The lighter ball hits first because it has less inertia. as calculated.",CARELESS_CALCULATION_ERROR,calculation_slip,Medium,Inverted inertia reasoning.,,True,motion_diagram,A 10 kg iron cannonball and a 100 g wooden ball dropped simultaneously from height h inside an evacuated vacuum tube.,VacuumChamber | HeavyBall(10kg) | LightBall(100g) | Ground,"[""draw_vacuum_chamber()"", ""draw_falling_mass(label='10 kg', x=150, y=50)"", ""draw_falling_mass(label='0.1 kg', x=300, y=50)"", ""write_equation('g = G*M / R^2 (independent of falling mass)')""]",authored_clean_sample,train,Why do all objects accelerate at the same rate g = 9.8 m/s^2 near Earth's surface during free fall?,"From the formula, The lighter ball hits first because it has less inertia. as calculated.","Both hit the ground at the exact same instant. Acceleration due to gravity g = G*M_earth / R^2 is independent of the falling object's mass m. While gravitational force is greater on the heavier object (F = mg), its inertial resistance to acceleration is proportionally greater by the exact same factor (a = F/m = g).","Topic: Free Fall & Acceleration due to Gravity | Question: Why do all objects accelerate at the same rate g = 9.8 m/s^2 near Earth's surface during free fall? | Student Response: From the formula, The lighter ball hits first because it has less inertia. as calculated.",CARELESS_CALCULATION_ERROR
RESP-00241,PHY-ELE-SERI-01,SERIES_CIRCUIT_CONSERVATION,Class 10,Electricity,Current Conservation in Series Circuit,"In the shown circuit, a 6V battery powers two identical lamps L1 and L2 in series. What are the readings on ammeters A1, A2, and A3?","A1 = A2 = A3. In a single series loop, charge is strictly conserved. Resistors cause potential drop, but current is identical throughout.","According to my working, A1 is 1.2A, A2 is 0.8A, A3 is 0.4A because each bulb consumes current to glow.",MISC-ELEC-001: Current Attenuation / Consumption Model,conceptual_misconception,High,Current attenuation model.,MISC-ELEC-004,True,circuit_schematic,"Series circuit with 6V battery, ammeters A1, A2, A3 and identical lamps L1, L2.",Battery(6V) | Ammeter(A1) | Lamp(L1) | Ammeter(A2) | Lamp(L2) | Ammeter(A3),"[""draw_battery(voltage=6)"", ""draw_ammeter(label='A1')"", ""draw_lamp(label='L1')"", ""draw_ammeter(label='A2')"", ""draw_lamp(label='L2')"", ""draw_ammeter(label='A3')""]",curated_per_literature,test,"In the shown circuit, a 6V battery powers two identical lamps L1 and L2 in series. What are the readings on ammeters A1, A2, and A3?","According to my working, A1 is 1.2A, A2 is 0.8A, A3 is 0.4A because each bulb consumes current to glow.","A1 = A2 = A3. In a single series loop, charge is strictly conserved. Resistors cause potential drop, but current is identical throughout.","Topic: Current Conservation in Series Circuit | Question: In the shown circuit, a 6V battery powers two identical lamps L1 and L2 in series. What are the readings on ammeters A1, A2, and A3? | Student Response: According to my working, A1 is 1.2A, A2 is 0.8A, A3 is 0.4A because each bulb consumes current to glow.",MISC-ELEC-001: Current Attenuation / Consumption Model
RESP-00242,PHY-ELE-SERI-01,SERIES_CIRCUIT_CONSERVATION,Class 10,Electricity,Current Conservation in Series Circuit,"In the shown circuit, a 6V battery powers two identical lamps L1 and L2 in series. What are the readings on ammeters A1, A2, and A3?","A1 = A2 = A3. In a single series loop, charge is strictly conserved. Resistors cause potential drop, but current is identical throughout.","Looking at the diagram, A1 is 1.2A, A2 is 0.8A, A3 is 0.4A because each bulb consumes current to glow..",MISC-ELEC-001: Current Attenuation / Consumption Model,conceptual_misconception,High,Current attenuation model.,MISC-ELEC-004,True,circuit_schematic,"Series circuit with 6V battery, ammeters A1, A2, A3 and identical lamps L1, L2.",Battery(6V) | Ammeter(A1) | Lamp(L1) | Ammeter(A2) | Lamp(L2) | Ammeter(A3),"[""draw_battery(voltage=6)"", ""draw_ammeter(label='A1')"", ""draw_lamp(label='L1')"", ""draw_ammeter(label='A2')"", ""draw_lamp(label='L2')"", ""draw_ammeter(label='A3')""]",curated_per_literature,test,"In the shown circuit, a 6V battery powers two identical lamps L1 and L2 in series. What are the readings on ammeters A1, A2, and A3?","Looking at the diagram, A1 is 1.2A, A2 is 0.8A, A3 is 0.4A because each bulb consumes current to glow..","A1 = A2 = A3. In a single series loop, charge is strictly conserved. Resistors cause potential drop, but current is identical throughout.","Topic: Current Conservation in Series Circuit | Question: In the shown circuit, a 6V battery powers two identical lamps L1 and L2 in series. What are the readings on ammeters A1, A2, and A3? | Student Response: Looking at the diagram, A1 is 1.2A, A2 is 0.8A, A3 is 0.4A because each bulb consumes current to glow..",MISC-ELEC-001: Current Attenuation / Consumption Model
RESP-00243,PHY-ELE-SERI-01,SERIES_CIRCUIT_CONSERVATION,Class 10,Electricity,Current Conservation in Series Circuit,"In the shown circuit, a 6V battery powers two identical lamps L1 and L2 in series. What are the readings on ammeters A1, A2, and A3?","A1 = A2 = A3. In a single series loop, charge is strictly conserved. Resistors cause potential drop, but current is identical throughout.","My answer is: A1 is 1.2A, A2 is 0.8A, A3 is 0.4A because each bulb consumes current to glow..",MISC-ELEC-001: Current Attenuation / Consumption Model,conceptual_misconception,High,Current attenuation model.,MISC-ELEC-004,True,circuit_schematic,"Series circuit with 6V battery, ammeters A1, A2, A3 and identical lamps L1, L2.",Battery(6V) | Ammeter(A1) | Lamp(L1) | Ammeter(A2) | Lamp(L2) | Ammeter(A3),"[""draw_battery(voltage=6)"", ""draw_ammeter(label='A1')"", ""draw_lamp(label='L1')"", ""draw_ammeter(label='A2')"", ""draw_lamp(label='L2')"", ""draw_ammeter(label='A3')""]",curated_per_literature,test,"In the shown circuit, a 6V battery powers two identical lamps L1 and L2 in series. What are the readings on ammeters A1, A2, and A3?","My answer is: A1 is 1.2A, A2 is 0.8A, A3 is 0.4A because each bulb consumes current to glow..","A1 = A2 = A3. In a single series loop, charge is strictly conserved. Resistors cause potential drop, but current is identical throughout.","Topic: Current Conservation in Series Circuit | Question: In the shown circuit, a 6V battery powers two identical lamps L1 and L2 in series. What are the readings on ammeters A1, A2, and A3? | Student Response: My answer is: A1 is 1.2A, A2 is 0.8A, A3 is 0.4A because each bulb consumes current to glow..",MISC-ELEC-001: Current Attenuation / Consumption Model
RESP-00244,PHY-ELE-SERI-01,SERIES_CIRCUIT_CONSERVATION,Class 10,Electricity,Current Conservation in Series Circuit,"In the shown circuit, a 6V battery powers two identical lamps L1 and L2 in series. What are the readings on ammeters A1, A2, and A3?","A1 = A2 = A3. In a single series loop, charge is strictly conserved. Resistors cause potential drop, but current is identical throughout.","Based on physical laws, A1 is 1.2A, A2 is 0.8A, A3 is 0.4A because each bulb consumes current to glow..",MISC-ELEC-001: Current Attenuation / Consumption Model,conceptual_misconception,High,Current attenuation model.,MISC-ELEC-004,True,circuit_schematic,"Series circuit with 6V battery, ammeters A1, A2, A3 and identical lamps L1, L2.",Battery(6V) | Ammeter(A1) | Lamp(L1) | Ammeter(A2) | Lamp(L2) | Ammeter(A3),"[""draw_battery(voltage=6)"", ""draw_ammeter(label='A1')"", ""draw_lamp(label='L1')"", ""draw_ammeter(label='A2')"", ""draw_lamp(label='L2')"", ""draw_ammeter(label='A3')""]",curated_per_literature,val,"In the shown circuit, a 6V battery powers two identical lamps L1 and L2 in series. What are the readings on ammeters A1, A2, and A3?","Based on physical laws, A1 is 1.2A, A2 is 0.8A, A3 is 0.4A because each bulb consumes current to glow..","A1 = A2 = A3. In a single series loop, charge is strictly conserved. Resistors cause potential drop, but current is identical throughout.","Topic: Current Conservation in Series Circuit | Question: In the shown circuit, a 6V battery powers two identical lamps L1 and L2 in series. What are the readings on ammeters A1, A2, and A3? | Student Response: Based on physical laws, A1 is 1.2A, A2 is 0.8A, A3 is 0.4A because each bulb consumes current to glow..",MISC-ELEC-001: Current Attenuation / Consumption Model
RESP-00245,PHY-ELE-SERI-01,SERIES_CIRCUIT_CONSERVATION,Class 10,Electricity,Current Conservation in Series Circuit,"In the shown circuit, a 6V battery powers two identical lamps L1 and L2 in series. What are the readings on ammeters A1, A2, and A3?","A1 = A2 = A3. In a single series loop, charge is strictly conserved. Resistors cause potential drop, but current is identical throughout.","According to my working, A1 is 1.2A, A2 is 0.8A, A3 is 0.4A because each bulb consumes current to glow.",MISC-ELEC-001: Current Attenuation / Consumption Model,conceptual_misconception,High,Current attenuation model.,MISC-ELEC-004,True,circuit_schematic,"Series circuit with 6V battery, ammeters A1, A2, A3 and identical lamps L1, L2.",Battery(6V) | Ammeter(A1) | Lamp(L1) | Ammeter(A2) | Lamp(L2) | Ammeter(A3),"[""draw_battery(voltage=6)"", ""draw_ammeter(label='A1')"", ""draw_lamp(label='L1')"", ""draw_ammeter(label='A2')"", ""draw_lamp(label='L2')"", ""draw_ammeter(label='A3')""]",curated_per_literature,val,"In the shown circuit, a 6V battery powers two identical lamps L1 and L2 in series. What are the readings on ammeters A1, A2, and A3?","According to my working, A1 is 1.2A, A2 is 0.8A, A3 is 0.4A because each bulb consumes current to glow.","A1 = A2 = A3. In a single series loop, charge is strictly conserved. Resistors cause potential drop, but current is identical throughout.","Topic: Current Conservation in Series Circuit | Question: In the shown circuit, a 6V battery powers two identical lamps L1 and L2 in series. What are the readings on ammeters A1, A2, and A3? | Student Response: According to my working, A1 is 1.2A, A2 is 0.8A, A3 is 0.4A because each bulb consumes current to glow.",MISC-ELEC-001: Current Attenuation / Consumption Model
RESP-00246,PHY-ELE-SERI-01,SERIES_CIRCUIT_CONSERVATION,Class 10,Electricity,Current Conservation in Series Circuit,"In the shown circuit, a 6V battery powers two identical lamps L1 and L2 in series. What are the readings on ammeters A1, A2, and A3?","A1 = A2 = A3. In a single series loop, charge is strictly conserved. Resistors cause potential drop, but current is identical throughout.",In class we learned that Current decreases along the loop as it is used up..,MISC-ELEC-001: Current Attenuation / Consumption Model,conceptual_misconception,High,Sequential depletion heuristic.,MISC-ELEC-004,True,circuit_schematic,"Series circuit with 6V battery, ammeters A1, A2, A3 and identical lamps L1, L2.",Battery(6V) | Ammeter(A1) | Lamp(L1) | Ammeter(A2) | Lamp(L2) | Ammeter(A3),"[""draw_battery(voltage=6)"", ""draw_ammeter(label='A1')"", ""draw_lamp(label='L1')"", ""draw_ammeter(label='A2')"", ""draw_lamp(label='L2')"", ""draw_ammeter(label='A3')""]",curated_per_literature,val,"In the shown circuit, a 6V battery powers two identical lamps L1 and L2 in series. What are the readings on ammeters A1, A2, and A3?",In class we learned that Current decreases along the loop as it is used up..,"A1 = A2 = A3. In a single series loop, charge is strictly conserved. Resistors cause potential drop, but current is identical throughout.","Topic: Current Conservation in Series Circuit | Question: In the shown circuit, a 6V battery powers two identical lamps L1 and L2 in series. What are the readings on ammeters A1, A2, and A3? | Student Response: In class we learned that Current decreases along the loop as it is used up..",MISC-ELEC-001: Current Attenuation / Consumption Model
RESP-00247,PHY-ELE-SERI-01,SERIES_CIRCUIT_CONSERVATION,Class 10,Electricity,Current Conservation in Series Circuit,"In the shown circuit, a 6V battery powers two identical lamps L1 and L2 in series. What are the readings on ammeters A1, A2, and A3?","A1 = A2 = A3. In a single series loop, charge is strictly conserved. Resistors cause potential drop, but current is identical throughout.",Current decreases along the loop as it is used up.,MISC-ELEC-001: Current Attenuation / Consumption Model,conceptual_misconception,High,Sequential depletion heuristic.,MISC-ELEC-004,True,circuit_schematic,"Series circuit with 6V battery, ammeters A1, A2, A3 and identical lamps L1, L2.",Battery(6V) | Ammeter(A1) | Lamp(L1) | Ammeter(A2) | Lamp(L2) | Ammeter(A3),"[""draw_battery(voltage=6)"", ""draw_ammeter(label='A1')"", ""draw_lamp(label='L1')"", ""draw_ammeter(label='A2')"", ""draw_lamp(label='L2')"", ""draw_ammeter(label='A3')""]",curated_per_literature,train,"In the shown circuit, a 6V battery powers two identical lamps L1 and L2 in series. What are the readings on ammeters A1, A2, and A3?",Current decreases along the loop as it is used up.,"A1 = A2 = A3. In a single series loop, charge is strictly conserved. Resistors cause potential drop, but current is identical throughout.","Topic: Current Conservation in Series Circuit | Question: In the shown circuit, a 6V battery powers two identical lamps L1 and L2 in series. What are the readings on ammeters A1, A2, and A3? | Student Response: Current decreases along the loop as it is used up.",MISC-ELEC-001: Current Attenuation / Consumption Model
RESP-00248,PHY-ELE-SERI-01,SERIES_CIRCUIT_CONSERVATION,Class 10,Electricity,Current Conservation in Series Circuit,"In the shown circuit, a 6V battery powers two identical lamps L1 and L2 in series. What are the readings on ammeters A1, A2, and A3?","A1 = A2 = A3. In a single series loop, charge is strictly conserved. Resistors cause potential drop, but current is identical throughout.","From the formula, Current decreases along the loop as it is used up. as calculated.",MISC-ELEC-001: Current Attenuation / Consumption Model,conceptual_misconception,High,Sequential depletion heuristic.,MISC-ELEC-004,True,circuit_schematic,"Series circuit with 6V battery, ammeters A1, A2, A3 and identical lamps L1, L2.",Battery(6V) | Ammeter(A1) | Lamp(L1) | Ammeter(A2) | Lamp(L2) | Ammeter(A3),"[""draw_battery(voltage=6)"", ""draw_ammeter(label='A1')"", ""draw_lamp(label='L1')"", ""draw_ammeter(label='A2')"", ""draw_lamp(label='L2')"", ""draw_ammeter(label='A3')""]",curated_per_literature,train,"In the shown circuit, a 6V battery powers two identical lamps L1 and L2 in series. What are the readings on ammeters A1, A2, and A3?","From the formula, Current decreases along the loop as it is used up. as calculated.","A1 = A2 = A3. In a single series loop, charge is strictly conserved. Resistors cause potential drop, but current is identical throughout.","Topic: Current Conservation in Series Circuit | Question: In the shown circuit, a 6V battery powers two identical lamps L1 and L2 in series. What are the readings on ammeters A1, A2, and A3? | Student Response: From the formula, Current decreases along the loop as it is used up. as calculated.",MISC-ELEC-001: Current Attenuation / Consumption Model
RESP-00249,PHY-ELE-SERI-01,SERIES_CIRCUIT_CONSERVATION,Class 10,Electricity,Current Conservation in Series Circuit,"In the shown circuit, a 6V battery powers two identical lamps L1 and L2 in series. What are the readings on ammeters A1, A2, and A3?","A1 = A2 = A3. In a single series loop, charge is strictly conserved. Resistors cause potential drop, but current is identical throughout.",Step 1: calculate values. Current decreases along the loop as it is used up. That is the answer.,MISC-ELEC-001: Current Attenuation / Consumption Model,conceptual_misconception,High,Sequential depletion heuristic.,MISC-ELEC-004,True,circuit_schematic,"Series circuit with 6V battery, ammeters A1, A2, A3 and identical lamps L1, L2.",Battery(6V) | Ammeter(A1) | Lamp(L1) | Ammeter(A2) | Lamp(L2) | Ammeter(A3),"[""draw_battery(voltage=6)"", ""draw_ammeter(label='A1')"", ""draw_lamp(label='L1')"", ""draw_ammeter(label='A2')"", ""draw_lamp(label='L2')"", ""draw_ammeter(label='A3')""]",curated_per_literature,train,"In the shown circuit, a 6V battery powers two identical lamps L1 and L2 in series. What are the readings on ammeters A1, A2, and A3?",Step 1: calculate values. Current decreases along the loop as it is used up. That is the answer.,"A1 = A2 = A3. In a single series loop, charge is strictly conserved. Resistors cause potential drop, but current is identical throughout.","Topic: Current Conservation in Series Circuit | Question: In the shown circuit, a 6V battery powers two identical lamps L1 and L2 in series. What are the readings on ammeters A1, A2, and A3? | Student Response: Step 1: calculate values. Current decreases along the loop as it is used up. That is the answer.",MISC-ELEC-001: Current Attenuation / Consumption Model
RESP-00250,PHY-ELE-SERI-01,SERIES_CIRCUIT_CONSERVATION,Class 10,Electricity,Current Conservation in Series Circuit,"In the shown circuit, a 6V battery powers two identical lamps L1 and L2 in series. What are the readings on ammeters A1, A2, and A3?","A1 = A2 = A3. In a single series loop, charge is strictly conserved. Resistors cause potential drop, but current is identical throughout.",In class we learned that Current decreases along the loop as it is used up..,MISC-ELEC-001: Current Attenuation / Consumption Model,conceptual_misconception,High,Sequential depletion heuristic.,MISC-ELEC-004,True,circuit_schematic,"Series circuit with 6V battery, ammeters A1, A2, A3 and identical lamps L1, L2.",Battery(6V) | Ammeter(A1) | Lamp(L1) | Ammeter(A2) | Lamp(L2) | Ammeter(A3),"[""draw_battery(voltage=6)"", ""draw_ammeter(label='A1')"", ""draw_lamp(label='L1')"", ""draw_ammeter(label='A2')"", ""draw_lamp(label='L2')"", ""draw_ammeter(label='A3')""]",curated_per_literature,train,"In the shown circuit, a 6V battery powers two identical lamps L1 and L2 in series. What are the readings on ammeters A1, A2, and A3?",In class we learned that Current decreases along the loop as it is used up..,"A1 = A2 = A3. In a single series loop, charge is strictly conserved. Resistors cause potential drop, but current is identical throughout.","Topic: Current Conservation in Series Circuit | Question: In the shown circuit, a 6V battery powers two identical lamps L1 and L2 in series. What are the readings on ammeters A1, A2, and A3? | Student Response: In class we learned that Current decreases along the loop as it is used up..",MISC-ELEC-001: Current Attenuation / Consumption Model
RESP-00251,PHY-ELE-SERI-01,SERIES_CIRCUIT_CONSERVATION,Class 10,Electricity,Current Conservation in Series Circuit,"In the shown circuit, a 6V battery powers two identical lamps L1 and L2 in series. What are the readings on ammeters A1, A2, and A3?","A1 = A2 = A3. In a single series loop, charge is strictly conserved. Resistors cause potential drop, but current is identical throughout.","Looking at the diagram, A1 = A2 = A3. Electric charge is conserved; current is uniform everywhere in series..",CORRECT: Scientifically Accurate Response,no_error,High,Conservation of charge.,,True,circuit_schematic,"Series circuit with 6V battery, ammeters A1, A2, A3 and identical lamps L1, L2.",Battery(6V) | Ammeter(A1) | Lamp(L1) | Ammeter(A2) | Lamp(L2) | Ammeter(A3),"[""draw_battery(voltage=6)"", ""draw_ammeter(label='A1')"", ""draw_lamp(label='L1')"", ""draw_ammeter(label='A2')"", ""draw_lamp(label='L2')"", ""draw_ammeter(label='A3')""]",authored_clean_sample,train,"In the shown circuit, a 6V battery powers two identical lamps L1 and L2 in series. What are the readings on ammeters A1, A2, and A3?","Looking at the diagram, A1 = A2 = A3. Electric charge is conserved; current is uniform everywhere in series..","A1 = A2 = A3. In a single series loop, charge is strictly conserved. Resistors cause potential drop, but current is identical throughout.","Topic: Current Conservation in Series Circuit | Question: In the shown circuit, a 6V battery powers two identical lamps L1 and L2 in series. What are the readings on ammeters A1, A2, and A3? | Student Response: Looking at the diagram, A1 = A2 = A3. Electric charge is conserved; current is uniform everywhere in series..",CORRECT: Scientifically Accurate Response
RESP-00252,PHY-ELE-SERI-01,SERIES_CIRCUIT_CONSERVATION,Class 10,Electricity,Current Conservation in Series Circuit,"In the shown circuit, a 6V battery powers two identical lamps L1 and L2 in series. What are the readings on ammeters A1, A2, and A3?","A1 = A2 = A3. In a single series loop, charge is strictly conserved. Resistors cause potential drop, but current is identical throughout.",My answer is: A1 = A2 = A3. Electric charge is conserved; current is uniform everywhere in series..,CORRECT: Scientifically Accurate Response,no_error,High,Conservation of charge.,,True,circuit_schematic,"Series circuit with 6V battery, ammeters A1, A2, A3 and identical lamps L1, L2.",Battery(6V) | Ammeter(A1) | Lamp(L1) | Ammeter(A2) | Lamp(L2) | Ammeter(A3),"[""draw_battery(voltage=6)"", ""draw_ammeter(label='A1')"", ""draw_lamp(label='L1')"", ""draw_ammeter(label='A2')"", ""draw_lamp(label='L2')"", ""draw_ammeter(label='A3')""]",authored_clean_sample,train,"In the shown circuit, a 6V battery powers two identical lamps L1 and L2 in series. What are the readings on ammeters A1, A2, and A3?",My answer is: A1 = A2 = A3. Electric charge is conserved; current is uniform everywhere in series..,"A1 = A2 = A3. In a single series loop, charge is strictly conserved. Resistors cause potential drop, but current is identical throughout.","Topic: Current Conservation in Series Circuit | Question: In the shown circuit, a 6V battery powers two identical lamps L1 and L2 in series. What are the readings on ammeters A1, A2, and A3? | Student Response: My answer is: A1 = A2 = A3. Electric charge is conserved; current is uniform everywhere in series..",CORRECT: Scientifically Accurate Response
RESP-00253,PHY-ELE-SERI-01,SERIES_CIRCUIT_CONSERVATION,Class 10,Electricity,Current Conservation in Series Circuit,"In the shown circuit, a 6V battery powers two identical lamps L1 and L2 in series. What are the readings on ammeters A1, A2, and A3?","A1 = A2 = A3. In a single series loop, charge is strictly conserved. Resistors cause potential drop, but current is identical throughout.","Based on physical laws, A1 = A2 = A3. Electric charge is conserved; current is uniform everywhere in series..",CORRECT: Scientifically Accurate Response,no_error,High,Conservation of charge.,,True,circuit_schematic,"Series circuit with 6V battery, ammeters A1, A2, A3 and identical lamps L1, L2.",Battery(6V) | Ammeter(A1) | Lamp(L1) | Ammeter(A2) | Lamp(L2) | Ammeter(A3),"[""draw_battery(voltage=6)"", ""draw_ammeter(label='A1')"", ""draw_lamp(label='L1')"", ""draw_ammeter(label='A2')"", ""draw_lamp(label='L2')"", ""draw_ammeter(label='A3')""]",authored_clean_sample,train,"In the shown circuit, a 6V battery powers two identical lamps L1 and L2 in series. What are the readings on ammeters A1, A2, and A3?","Based on physical laws, A1 = A2 = A3. Electric charge is conserved; current is uniform everywhere in series..","A1 = A2 = A3. In a single series loop, charge is strictly conserved. Resistors cause potential drop, but current is identical throughout.","Topic: Current Conservation in Series Circuit | Question: In the shown circuit, a 6V battery powers two identical lamps L1 and L2 in series. What are the readings on ammeters A1, A2, and A3? | Student Response: Based on physical laws, A1 = A2 = A3. Electric charge is conserved; current is uniform everywhere in series..",CORRECT: Scientifically Accurate Response
RESP-00254,PHY-ELE-SERI-01,SERIES_CIRCUIT_CONSERVATION,Class 10,Electricity,Current Conservation in Series Circuit,"In the shown circuit, a 6V battery powers two identical lamps L1 and L2 in series. What are the readings on ammeters A1, A2, and A3?","A1 = A2 = A3. In a single series loop, charge is strictly conserved. Resistors cause potential drop, but current is identical throughout.","According to my working, A1 = A2 = A3. Electric charge is conserved; current is uniform everywhere in series.",CORRECT: Scientifically Accurate Response,no_error,High,Conservation of charge.,,True,circuit_schematic,"Series circuit with 6V battery, ammeters A1, A2, A3 and identical lamps L1, L2.",Battery(6V) | Ammeter(A1) | Lamp(L1) | Ammeter(A2) | Lamp(L2) | Ammeter(A3),"[""draw_battery(voltage=6)"", ""draw_ammeter(label='A1')"", ""draw_lamp(label='L1')"", ""draw_ammeter(label='A2')"", ""draw_lamp(label='L2')"", ""draw_ammeter(label='A3')""]",authored_clean_sample,train,"In the shown circuit, a 6V battery powers two identical lamps L1 and L2 in series. What are the readings on ammeters A1, A2, and A3?","According to my working, A1 = A2 = A3. Electric charge is conserved; current is uniform everywhere in series.","A1 = A2 = A3. In a single series loop, charge is strictly conserved. Resistors cause potential drop, but current is identical throughout.","Topic: Current Conservation in Series Circuit | Question: In the shown circuit, a 6V battery powers two identical lamps L1 and L2 in series. What are the readings on ammeters A1, A2, and A3? | Student Response: According to my working, A1 = A2 = A3. Electric charge is conserved; current is uniform everywhere in series.",CORRECT: Scientifically Accurate Response
RESP-00255,PHY-ELE-SERI-01,SERIES_CIRCUIT_CONSERVATION,Class 10,Electricity,Current Conservation in Series Circuit,"In the shown circuit, a 6V battery powers two identical lamps L1 and L2 in series. What are the readings on ammeters A1, A2, and A3?","A1 = A2 = A3. In a single series loop, charge is strictly conserved. Resistors cause potential drop, but current is identical throughout.","Looking at the diagram, A1 = A2 = A3. Electric charge is conserved; current is uniform everywhere in series..",CORRECT: Scientifically Accurate Response,no_error,High,Conservation of charge.,,True,circuit_schematic,"Series circuit with 6V battery, ammeters A1, A2, A3 and identical lamps L1, L2.",Battery(6V) | Ammeter(A1) | Lamp(L1) | Ammeter(A2) | Lamp(L2) | Ammeter(A3),"[""draw_battery(voltage=6)"", ""draw_ammeter(label='A1')"", ""draw_lamp(label='L1')"", ""draw_ammeter(label='A2')"", ""draw_lamp(label='L2')"", ""draw_ammeter(label='A3')""]",authored_clean_sample,train,"In the shown circuit, a 6V battery powers two identical lamps L1 and L2 in series. What are the readings on ammeters A1, A2, and A3?","Looking at the diagram, A1 = A2 = A3. Electric charge is conserved; current is uniform everywhere in series..","A1 = A2 = A3. In a single series loop, charge is strictly conserved. Resistors cause potential drop, but current is identical throughout.","Topic: Current Conservation in Series Circuit | Question: In the shown circuit, a 6V battery powers two identical lamps L1 and L2 in series. What are the readings on ammeters A1, A2, and A3? | Student Response: Looking at the diagram, A1 = A2 = A3. Electric charge is conserved; current is uniform everywhere in series..",CORRECT: Scientifically Accurate Response
RESP-00256,PHY-ELE-SERI-01,SERIES_CIRCUIT_CONSERVATION,Class 10,Electricity,Current Conservation in Series Circuit,"In the shown circuit, a 6V battery powers two identical lamps L1 and L2 in series. What are the readings on ammeters A1, A2, and A3?","A1 = A2 = A3. In a single series loop, charge is strictly conserved. Resistors cause potential drop, but current is identical throughout.",A1 = 6V.,UNIT_CONVERSION_ERROR,unit_error,High,Used Volts for Ammeters.,,True,circuit_schematic,"Series circuit with 6V battery, ammeters A1, A2, A3 and identical lamps L1, L2.",Battery(6V) | Ammeter(A1) | Lamp(L1) | Ammeter(A2) | Lamp(L2) | Ammeter(A3),"[""draw_battery(voltage=6)"", ""draw_ammeter(label='A1')"", ""draw_lamp(label='L1')"", ""draw_ammeter(label='A2')"", ""draw_lamp(label='L2')"", ""draw_ammeter(label='A3')""]",authored_clean_sample,train,"In the shown circuit, a 6V battery powers two identical lamps L1 and L2 in series. What are the readings on ammeters A1, A2, and A3?",A1 = 6V.,"A1 = A2 = A3. In a single series loop, charge is strictly conserved. Resistors cause potential drop, but current is identical throughout.","Topic: Current Conservation in Series Circuit | Question: In the shown circuit, a 6V battery powers two identical lamps L1 and L2 in series. What are the readings on ammeters A1, A2, and A3? | Student Response: A1 = 6V.",UNIT_CONVERSION_ERROR
RESP-00257,PHY-ELE-SERI-01,SERIES_CIRCUIT_CONSERVATION,Class 10,Electricity,Current Conservation in Series Circuit,"In the shown circuit, a 6V battery powers two identical lamps L1 and L2 in series. What are the readings on ammeters A1, A2, and A3?","A1 = A2 = A3. In a single series loop, charge is strictly conserved. Resistors cause potential drop, but current is identical throughout.","From the formula, A1 = 6V. as calculated.",UNIT_CONVERSION_ERROR,unit_error,High,Used Volts for Ammeters.,,True,circuit_schematic,"Series circuit with 6V battery, ammeters A1, A2, A3 and identical lamps L1, L2.",Battery(6V) | Ammeter(A1) | Lamp(L1) | Ammeter(A2) | Lamp(L2) | Ammeter(A3),"[""draw_battery(voltage=6)"", ""draw_ammeter(label='A1')"", ""draw_lamp(label='L1')"", ""draw_ammeter(label='A2')"", ""draw_lamp(label='L2')"", ""draw_ammeter(label='A3')""]",authored_clean_sample,train,"In the shown circuit, a 6V battery powers two identical lamps L1 and L2 in series. What are the readings on ammeters A1, A2, and A3?","From the formula, A1 = 6V. as calculated.","A1 = A2 = A3. In a single series loop, charge is strictly conserved. Resistors cause potential drop, but current is identical throughout.","Topic: Current Conservation in Series Circuit | Question: In the shown circuit, a 6V battery powers two identical lamps L1 and L2 in series. What are the readings on ammeters A1, A2, and A3? | Student Response: From the formula, A1 = 6V. as calculated.",UNIT_CONVERSION_ERROR
RESP-00258,PHY-ELE-SERI-01,SERIES_CIRCUIT_CONSERVATION,Class 10,Electricity,Current Conservation in Series Circuit,"In the shown circuit, a 6V battery powers two identical lamps L1 and L2 in series. What are the readings on ammeters A1, A2, and A3?","A1 = A2 = A3. In a single series loop, charge is strictly conserved. Resistors cause potential drop, but current is identical throughout.",Step 1: calculate values. A1 = 6V. That is the answer.,UNIT_CONVERSION_ERROR,unit_error,High,Used Volts for Ammeters.,,True,circuit_schematic,"Series circuit with 6V battery, ammeters A1, A2, A3 and identical lamps L1, L2.",Battery(6V) | Ammeter(A1) | Lamp(L1) | Ammeter(A2) | Lamp(L2) | Ammeter(A3),"[""draw_battery(voltage=6)"", ""draw_ammeter(label='A1')"", ""draw_lamp(label='L1')"", ""draw_ammeter(label='A2')"", ""draw_lamp(label='L2')"", ""draw_ammeter(label='A3')""]",authored_clean_sample,train,"In the shown circuit, a 6V battery powers two identical lamps L1 and L2 in series. What are the readings on ammeters A1, A2, and A3?",Step 1: calculate values. A1 = 6V. That is the answer.,"A1 = A2 = A3. In a single series loop, charge is strictly conserved. Resistors cause potential drop, but current is identical throughout.","Topic: Current Conservation in Series Circuit | Question: In the shown circuit, a 6V battery powers two identical lamps L1 and L2 in series. What are the readings on ammeters A1, A2, and A3? | Student Response: Step 1: calculate values. A1 = 6V. That is the answer.",UNIT_CONVERSION_ERROR
RESP-00259,PHY-ELE-SERI-02,SERIES_CIRCUIT_CONSERVATION,Class 10,Electricity,Current Conservation in Series Circuit,Three identical resistors are connected in series with a 12V battery and three ammeters. How does current before the first resistor compare to current after the third resistor?,"A1 = A2 = A3. In a single series loop, charge is strictly conserved. Resistors cause potential drop, but current is identical throughout.","Looking at the diagram, A1 is 1.2A, A2 is 0.8A, A3 is 0.4A because each bulb consumes current to glow..",MISC-ELEC-001: Current Attenuation / Consumption Model,conceptual_misconception,High,Current attenuation model.,MISC-ELEC-004,True,circuit_schematic,"Series circuit with 6V battery, ammeters A1, A2, A3 and identical lamps L1, L2.",Battery(6V) | Ammeter(A1) | Lamp(L1) | Ammeter(A2) | Lamp(L2) | Ammeter(A3),"[""draw_battery(voltage=6)"", ""draw_ammeter(label='A1')"", ""draw_lamp(label='L1')"", ""draw_ammeter(label='A2')"", ""draw_lamp(label='L2')"", ""draw_ammeter(label='A3')""]",curated_per_literature,train,Three identical resistors are connected in series with a 12V battery and three ammeters. How does current before the first resistor compare to current after the third resistor?,"Looking at the diagram, A1 is 1.2A, A2 is 0.8A, A3 is 0.4A because each bulb consumes current to glow..","A1 = A2 = A3. In a single series loop, charge is strictly conserved. Resistors cause potential drop, but current is identical throughout.","Topic: Current Conservation in Series Circuit | Question: Three identical resistors are connected in series with a 12V battery and three ammeters. How does current before the first resistor compare to current after the third resistor? | Student Response: Looking at the diagram, A1 is 1.2A, A2 is 0.8A, A3 is 0.4A because each bulb consumes current to glow..",MISC-ELEC-001: Current Attenuation / Consumption Model
RESP-00260,PHY-ELE-SERI-02,SERIES_CIRCUIT_CONSERVATION,Class 10,Electricity,Current Conservation in Series Circuit,Three identical resistors are connected in series with a 12V battery and three ammeters. How does current before the first resistor compare to current after the third resistor?,"A1 = A2 = A3. In a single series loop, charge is strictly conserved. Resistors cause potential drop, but current is identical throughout.","My answer is: A1 is 1.2A, A2 is 0.8A, A3 is 0.4A because each bulb consumes current to glow..",MISC-ELEC-001: Current Attenuation / Consumption Model,conceptual_misconception,High,Current attenuation model.,MISC-ELEC-004,True,circuit_schematic,"Series circuit with 6V battery, ammeters A1, A2, A3 and identical lamps L1, L2.",Battery(6V) | Ammeter(A1) | Lamp(L1) | Ammeter(A2) | Lamp(L2) | Ammeter(A3),"[""draw_battery(voltage=6)"", ""draw_ammeter(label='A1')"", ""draw_lamp(label='L1')"", ""draw_ammeter(label='A2')"", ""draw_lamp(label='L2')"", ""draw_ammeter(label='A3')""]",curated_per_literature,train,Three identical resistors are connected in series with a 12V battery and three ammeters. How does current before the first resistor compare to current after the third resistor?,"My answer is: A1 is 1.2A, A2 is 0.8A, A3 is 0.4A because each bulb consumes current to glow..","A1 = A2 = A3. In a single series loop, charge is strictly conserved. Resistors cause potential drop, but current is identical throughout.","Topic: Current Conservation in Series Circuit | Question: Three identical resistors are connected in series with a 12V battery and three ammeters. How does current before the first resistor compare to current after the third resistor? | Student Response: My answer is: A1 is 1.2A, A2 is 0.8A, A3 is 0.4A because each bulb consumes current to glow..",MISC-ELEC-001: Current Attenuation / Consumption Model
RESP-00261,PHY-ELE-SERI-02,SERIES_CIRCUIT_CONSERVATION,Class 10,Electricity,Current Conservation in Series Circuit,Three identical resistors are connected in series with a 12V battery and three ammeters. How does current before the first resistor compare to current after the third resistor?,"A1 = A2 = A3. In a single series loop, charge is strictly conserved. Resistors cause potential drop, but current is identical throughout.","Based on physical laws, A1 is 1.2A, A2 is 0.8A, A3 is 0.4A because each bulb consumes current to glow..",MISC-ELEC-001: Current Attenuation / Consumption Model,conceptual_misconception,High,Current attenuation model.,MISC-ELEC-004,True,circuit_schematic,"Series circuit with 6V battery, ammeters A1, A2, A3 and identical lamps L1, L2.",Battery(6V) | Ammeter(A1) | Lamp(L1) | Ammeter(A2) | Lamp(L2) | Ammeter(A3),"[""draw_battery(voltage=6)"", ""draw_ammeter(label='A1')"", ""draw_lamp(label='L1')"", ""draw_ammeter(label='A2')"", ""draw_lamp(label='L2')"", ""draw_ammeter(label='A3')""]",curated_per_literature,test,Three identical resistors are connected in series with a 12V battery and three ammeters. How does current before the first resistor compare to current after the third resistor?,"Based on physical laws, A1 is 1.2A, A2 is 0.8A, A3 is 0.4A because each bulb consumes current to glow..","A1 = A2 = A3. In a single series loop, charge is strictly conserved. Resistors cause potential drop, but current is identical throughout.","Topic: Current Conservation in Series Circuit | Question: Three identical resistors are connected in series with a 12V battery and three ammeters. How does current before the first resistor compare to current after the third resistor? | Student Response: Based on physical laws, A1 is 1.2A, A2 is 0.8A, A3 is 0.4A because each bulb consumes current to glow..",MISC-ELEC-001: Current Attenuation / Consumption Model
RESP-00262,PHY-ELE-SERI-02,SERIES_CIRCUIT_CONSERVATION,Class 10,Electricity,Current Conservation in Series Circuit,Three identical resistors are connected in series with a 12V battery and three ammeters. How does current before the first resistor compare to current after the third resistor?,"A1 = A2 = A3. In a single series loop, charge is strictly conserved. Resistors cause potential drop, but current is identical throughout.","According to my working, A1 is 1.2A, A2 is 0.8A, A3 is 0.4A because each bulb consumes current to glow.",MISC-ELEC-001: Current Attenuation / Consumption Model,conceptual_misconception,High,Current attenuation model.,MISC-ELEC-004,True,circuit_schematic,"Series circuit with 6V battery, ammeters A1, A2, A3 and identical lamps L1, L2.",Battery(6V) | Ammeter(A1) | Lamp(L1) | Ammeter(A2) | Lamp(L2) | Ammeter(A3),"[""draw_battery(voltage=6)"", ""draw_ammeter(label='A1')"", ""draw_lamp(label='L1')"", ""draw_ammeter(label='A2')"", ""draw_lamp(label='L2')"", ""draw_ammeter(label='A3')""]",curated_per_literature,test,Three identical resistors are connected in series with a 12V battery and three ammeters. How does current before the first resistor compare to current after the third resistor?,"According to my working, A1 is 1.2A, A2 is 0.8A, A3 is 0.4A because each bulb consumes current to glow.","A1 = A2 = A3. In a single series loop, charge is strictly conserved. Resistors cause potential drop, but current is identical throughout.","Topic: Current Conservation in Series Circuit | Question: Three identical resistors are connected in series with a 12V battery and three ammeters. How does current before the first resistor compare to current after the third resistor? | Student Response: According to my working, A1 is 1.2A, A2 is 0.8A, A3 is 0.4A because each bulb consumes current to glow.",MISC-ELEC-001: Current Attenuation / Consumption Model
RESP-00263,PHY-ELE-SERI-02,SERIES_CIRCUIT_CONSERVATION,Class 10,Electricity,Current Conservation in Series Circuit,Three identical resistors are connected in series with a 12V battery and three ammeters. How does current before the first resistor compare to current after the third resistor?,"A1 = A2 = A3. In a single series loop, charge is strictly conserved. Resistors cause potential drop, but current is identical throughout.","Looking at the diagram, A1 is 1.2A, A2 is 0.8A, A3 is 0.4A because each bulb consumes current to glow..",MISC-ELEC-001: Current Attenuation / Consumption Model,conceptual_misconception,High,Current attenuation model.,MISC-ELEC-004,True,circuit_schematic,"Series circuit with 6V battery, ammeters A1, A2, A3 and identical lamps L1, L2.",Battery(6V) | Ammeter(A1) | Lamp(L1) | Ammeter(A2) | Lamp(L2) | Ammeter(A3),"[""draw_battery(voltage=6)"", ""draw_ammeter(label='A1')"", ""draw_lamp(label='L1')"", ""draw_ammeter(label='A2')"", ""draw_lamp(label='L2')"", ""draw_ammeter(label='A3')""]",curated_per_literature,test,Three identical resistors are connected in series with a 12V battery and three ammeters. How does current before the first resistor compare to current after the third resistor?,"Looking at the diagram, A1 is 1.2A, A2 is 0.8A, A3 is 0.4A because each bulb consumes current to glow..","A1 = A2 = A3. In a single series loop, charge is strictly conserved. Resistors cause potential drop, but current is identical throughout.","Topic: Current Conservation in Series Circuit | Question: Three identical resistors are connected in series with a 12V battery and three ammeters. How does current before the first resistor compare to current after the third resistor? | Student Response: Looking at the diagram, A1 is 1.2A, A2 is 0.8A, A3 is 0.4A because each bulb consumes current to glow..",MISC-ELEC-001: Current Attenuation / Consumption Model
RESP-00264,PHY-ELE-SERI-02,SERIES_CIRCUIT_CONSERVATION,Class 10,Electricity,Current Conservation in Series Circuit,Three identical resistors are connected in series with a 12V battery and three ammeters. How does current before the first resistor compare to current after the third resistor?,"A1 = A2 = A3. In a single series loop, charge is strictly conserved. Resistors cause potential drop, but current is identical throughout.",Current decreases along the loop as it is used up.,MISC-ELEC-001: Current Attenuation / Consumption Model,conceptual_misconception,High,Sequential depletion heuristic.,MISC-ELEC-004,True,circuit_schematic,"Series circuit with 6V battery, ammeters A1, A2, A3 and identical lamps L1, L2.",Battery(6V) | Ammeter(A1) | Lamp(L1) | Ammeter(A2) | Lamp(L2) | Ammeter(A3),"[""draw_battery(voltage=6)"", ""draw_ammeter(label='A1')"", ""draw_lamp(label='L1')"", ""draw_ammeter(label='A2')"", ""draw_lamp(label='L2')"", ""draw_ammeter(label='A3')""]",curated_per_literature,val,Three identical resistors are connected in series with a 12V battery and three ammeters. How does current before the first resistor compare to current after the third resistor?,Current decreases along the loop as it is used up.,"A1 = A2 = A3. In a single series loop, charge is strictly conserved. Resistors cause potential drop, but current is identical throughout.",Topic: Current Conservation in Series Circuit | Question: Three identical resistors are connected in series with a 12V battery and three ammeters. How does current before the first resistor compare to current after the third resistor? | Student Response: Current decreases along the loop as it is used up.,MISC-ELEC-001: Current Attenuation / Consumption Model
RESP-00265,PHY-ELE-SERI-02,SERIES_CIRCUIT_CONSERVATION,Class 10,Electricity,Current Conservation in Series Circuit,Three identical resistors are connected in series with a 12V battery and three ammeters. How does current before the first resistor compare to current after the third resistor?,"A1 = A2 = A3. In a single series loop, charge is strictly conserved. Resistors cause potential drop, but current is identical throughout.","From the formula, Current decreases along the loop as it is used up. as calculated.",MISC-ELEC-001: Current Attenuation / Consumption Model,conceptual_misconception,High,Sequential depletion heuristic.,MISC-ELEC-004,True,circuit_schematic,"Series circuit with 6V battery, ammeters A1, A2, A3 and identical lamps L1, L2.",Battery(6V) | Ammeter(A1) | Lamp(L1) | Ammeter(A2) | Lamp(L2) | Ammeter(A3),"[""draw_battery(voltage=6)"", ""draw_ammeter(label='A1')"", ""draw_lamp(label='L1')"", ""draw_ammeter(label='A2')"", ""draw_lamp(label='L2')"", ""draw_ammeter(label='A3')""]",curated_per_literature,val,Three identical resistors are connected in series with a 12V battery and three ammeters. How does current before the first resistor compare to current after the third resistor?,"From the formula, Current decreases along the loop as it is used up. as calculated.","A1 = A2 = A3. In a single series loop, charge is strictly conserved. Resistors cause potential drop, but current is identical throughout.","Topic: Current Conservation in Series Circuit | Question: Three identical resistors are connected in series with a 12V battery and three ammeters. How does current before the first resistor compare to current after the third resistor? | Student Response: From the formula, Current decreases along the loop as it is used up. as calculated.",MISC-ELEC-001: Current Attenuation / Consumption Model
RESP-00266,PHY-ELE-SERI-02,SERIES_CIRCUIT_CONSERVATION,Class 10,Electricity,Current Conservation in Series Circuit,Three identical resistors are connected in series with a 12V battery and three ammeters. How does current before the first resistor compare to current after the third resistor?,"A1 = A2 = A3. In a single series loop, charge is strictly conserved. Resistors cause potential drop, but current is identical throughout.",Step 1: calculate values. Current decreases along the loop as it is used up. That is the answer.,MISC-ELEC-001: Current Attenuation / Consumption Model,conceptual_misconception,High,Sequential depletion heuristic.,MISC-ELEC-004,True,circuit_schematic,"Series circuit with 6V battery, ammeters A1, A2, A3 and identical lamps L1, L2.",Battery(6V) | Ammeter(A1) | Lamp(L1) | Ammeter(A2) | Lamp(L2) | Ammeter(A3),"[""draw_battery(voltage=6)"", ""draw_ammeter(label='A1')"", ""draw_lamp(label='L1')"", ""draw_ammeter(label='A2')"", ""draw_lamp(label='L2')"", ""draw_ammeter(label='A3')""]",curated_per_literature,val,Three identical resistors are connected in series with a 12V battery and three ammeters. How does current before the first resistor compare to current after the third resistor?,Step 1: calculate values. Current decreases along the loop as it is used up. That is the answer.,"A1 = A2 = A3. In a single series loop, charge is strictly conserved. Resistors cause potential drop, but current is identical throughout.",Topic: Current Conservation in Series Circuit | Question: Three identical resistors are connected in series with a 12V battery and three ammeters. How does current before the first resistor compare to current after the third resistor? | Student Response: Step 1: calculate values. Current decreases along the loop as it is used up. That is the answer.,MISC-ELEC-001: Current Attenuation / Consumption Model
RESP-00267,PHY-ELE-SERI-02,SERIES_CIRCUIT_CONSERVATION,Class 10,Electricity,Current Conservation in Series Circuit,Three identical resistors are connected in series with a 12V battery and three ammeters. How does current before the first resistor compare to current after the third resistor?,"A1 = A2 = A3. In a single series loop, charge is strictly conserved. Resistors cause potential drop, but current is identical throughout.",In class we learned that Current decreases along the loop as it is used up..,MISC-ELEC-001: Current Attenuation / Consumption Model,conceptual_misconception,High,Sequential depletion heuristic.,MISC-ELEC-004,True,circuit_schematic,"Series circuit with 6V battery, ammeters A1, A2, A3 and identical lamps L1, L2.",Battery(6V) | Ammeter(A1) | Lamp(L1) | Ammeter(A2) | Lamp(L2) | Ammeter(A3),"[""draw_battery(voltage=6)"", ""draw_ammeter(label='A1')"", ""draw_lamp(label='L1')"", ""draw_ammeter(label='A2')"", ""draw_lamp(label='L2')"", ""draw_ammeter(label='A3')""]",curated_per_literature,train,Three identical resistors are connected in series with a 12V battery and three ammeters. How does current before the first resistor compare to current after the third resistor?,In class we learned that Current decreases along the loop as it is used up..,"A1 = A2 = A3. In a single series loop, charge is strictly conserved. Resistors cause potential drop, but current is identical throughout.",Topic: Current Conservation in Series Circuit | Question: Three identical resistors are connected in series with a 12V battery and three ammeters. How does current before the first resistor compare to current after the third resistor? | Student Response: In class we learned that Current decreases along the loop as it is used up..,MISC-ELEC-001: Current Attenuation / Consumption Model
RESP-00268,PHY-ELE-SERI-02,SERIES_CIRCUIT_CONSERVATION,Class 10,Electricity,Current Conservation in Series Circuit,Three identical resistors are connected in series with a 12V battery and three ammeters. How does current before the first resistor compare to current after the third resistor?,"A1 = A2 = A3. In a single series loop, charge is strictly conserved. Resistors cause potential drop, but current is identical throughout.",Current decreases along the loop as it is used up.,MISC-ELEC-001: Current Attenuation / Consumption Model,conceptual_misconception,High,Sequential depletion heuristic.,MISC-ELEC-004,True,circuit_schematic,"Series circuit with 6V battery, ammeters A1, A2, A3 and identical lamps L1, L2.",Battery(6V) | Ammeter(A1) | Lamp(L1) | Ammeter(A2) | Lamp(L2) | Ammeter(A3),"[""draw_battery(voltage=6)"", ""draw_ammeter(label='A1')"", ""draw_lamp(label='L1')"", ""draw_ammeter(label='A2')"", ""draw_lamp(label='L2')"", ""draw_ammeter(label='A3')""]",curated_per_literature,train,Three identical resistors are connected in series with a 12V battery and three ammeters. How does current before the first resistor compare to current after the third resistor?,Current decreases along the loop as it is used up.,"A1 = A2 = A3. In a single series loop, charge is strictly conserved. Resistors cause potential drop, but current is identical throughout.",Topic: Current Conservation in Series Circuit | Question: Three identical resistors are connected in series with a 12V battery and three ammeters. How does current before the first resistor compare to current after the third resistor? | Student Response: Current decreases along the loop as it is used up.,MISC-ELEC-001: Current Attenuation / Consumption Model
RESP-00269,PHY-ELE-SERI-02,SERIES_CIRCUIT_CONSERVATION,Class 10,Electricity,Current Conservation in Series Circuit,Three identical resistors are connected in series with a 12V battery and three ammeters. How does current before the first resistor compare to current after the third resistor?,"A1 = A2 = A3. In a single series loop, charge is strictly conserved. Resistors cause potential drop, but current is identical throughout.",My answer is: A1 = A2 = A3. Electric charge is conserved; current is uniform everywhere in series..,CORRECT: Scientifically Accurate Response,no_error,High,Conservation of charge.,,True,circuit_schematic,"Series circuit with 6V battery, ammeters A1, A2, A3 and identical lamps L1, L2.",Battery(6V) | Ammeter(A1) | Lamp(L1) | Ammeter(A2) | Lamp(L2) | Ammeter(A3),"[""draw_battery(voltage=6)"", ""draw_ammeter(label='A1')"", ""draw_lamp(label='L1')"", ""draw_ammeter(label='A2')"", ""draw_lamp(label='L2')"", ""draw_ammeter(label='A3')""]",authored_clean_sample,train,Three identical resistors are connected in series with a 12V battery and three ammeters. How does current before the first resistor compare to current after the third resistor?,My answer is: A1 = A2 = A3. Electric charge is conserved; current is uniform everywhere in series..,"A1 = A2 = A3. In a single series loop, charge is strictly conserved. Resistors cause potential drop, but current is identical throughout.",Topic: Current Conservation in Series Circuit | Question: Three identical resistors are connected in series with a 12V battery and three ammeters. How does current before the first resistor compare to current after the third resistor? | Student Response: My answer is: A1 = A2 = A3. Electric charge is conserved; current is uniform everywhere in series..,CORRECT: Scientifically Accurate Response
RESP-00270,PHY-ELE-SERI-02,SERIES_CIRCUIT_CONSERVATION,Class 10,Electricity,Current Conservation in Series Circuit,Three identical resistors are connected in series with a 12V battery and three ammeters. How does current before the first resistor compare to current after the third resistor?,"A1 = A2 = A3. In a single series loop, charge is strictly conserved. Resistors cause potential drop, but current is identical throughout.","Based on physical laws, A1 = A2 = A3. Electric charge is conserved; current is uniform everywhere in series..",CORRECT: Scientifically Accurate Response,no_error,High,Conservation of charge.,,True,circuit_schematic,"Series circuit with 6V battery, ammeters A1, A2, A3 and identical lamps L1, L2.",Battery(6V) | Ammeter(A1) | Lamp(L1) | Ammeter(A2) | Lamp(L2) | Ammeter(A3),"[""draw_battery(voltage=6)"", ""draw_ammeter(label='A1')"", ""draw_lamp(label='L1')"", ""draw_ammeter(label='A2')"", ""draw_lamp(label='L2')"", ""draw_ammeter(label='A3')""]",authored_clean_sample,train,Three identical resistors are connected in series with a 12V battery and three ammeters. How does current before the first resistor compare to current after the third resistor?,"Based on physical laws, A1 = A2 = A3. Electric charge is conserved; current is uniform everywhere in series..","A1 = A2 = A3. In a single series loop, charge is strictly conserved. Resistors cause potential drop, but current is identical throughout.","Topic: Current Conservation in Series Circuit | Question: Three identical resistors are connected in series with a 12V battery and three ammeters. How does current before the first resistor compare to current after the third resistor? | Student Response: Based on physical laws, A1 = A2 = A3. Electric charge is conserved; current is uniform everywhere in series..",CORRECT: Scientifically Accurate Response
RESP-00271,PHY-ELE-SERI-02,SERIES_CIRCUIT_CONSERVATION,Class 10,Electricity,Current Conservation in Series Circuit,Three identical resistors are connected in series with a 12V battery and three ammeters. How does current before the first resistor compare to current after the third resistor?,"A1 = A2 = A3. In a single series loop, charge is strictly conserved. Resistors cause potential drop, but current is identical throughout.","According to my working, A1 = A2 = A3. Electric charge is conserved; current is uniform everywhere in series.",CORRECT: Scientifically Accurate Response,no_error,High,Conservation of charge.,,True,circuit_schematic,"Series circuit with 6V battery, ammeters A1, A2, A3 and identical lamps L1, L2.",Battery(6V) | Ammeter(A1) | Lamp(L1) | Ammeter(A2) | Lamp(L2) | Ammeter(A3),"[""draw_battery(voltage=6)"", ""draw_ammeter(label='A1')"", ""draw_lamp(label='L1')"", ""draw_ammeter(label='A2')"", ""draw_lamp(label='L2')"", ""draw_ammeter(label='A3')""]",authored_clean_sample,train,Three identical resistors are connected in series with a 12V battery and three ammeters. How does current before the first resistor compare to current after the third resistor?,"According to my working, A1 = A2 = A3. Electric charge is conserved; current is uniform everywhere in series.","A1 = A2 = A3. In a single series loop, charge is strictly conserved. Resistors cause potential drop, but current is identical throughout.","Topic: Current Conservation in Series Circuit | Question: Three identical resistors are connected in series with a 12V battery and three ammeters. How does current before the first resistor compare to current after the third resistor? | Student Response: According to my working, A1 = A2 = A3. Electric charge is conserved; current is uniform everywhere in series.",CORRECT: Scientifically Accurate Response
RESP-00272,PHY-ELE-SERI-02,SERIES_CIRCUIT_CONSERVATION,Class 10,Electricity,Current Conservation in Series Circuit,Three identical resistors are connected in series with a 12V battery and three ammeters. How does current before the first resistor compare to current after the third resistor?,"A1 = A2 = A3. In a single series loop, charge is strictly conserved. Resistors cause potential drop, but current is identical throughout.","Looking at the diagram, A1 = A2 = A3. Electric charge is conserved; current is uniform everywhere in series..",CORRECT: Scientifically Accurate Response,no_error,High,Conservation of charge.,,True,circuit_schematic,"Series circuit with 6V battery, ammeters A1, A2, A3 and identical lamps L1, L2.",Battery(6V) | Ammeter(A1) | Lamp(L1) | Ammeter(A2) | Lamp(L2) | Ammeter(A3),"[""draw_battery(voltage=6)"", ""draw_ammeter(label='A1')"", ""draw_lamp(label='L1')"", ""draw_ammeter(label='A2')"", ""draw_lamp(label='L2')"", ""draw_ammeter(label='A3')""]",authored_clean_sample,train,Three identical resistors are connected in series with a 12V battery and three ammeters. How does current before the first resistor compare to current after the third resistor?,"Looking at the diagram, A1 = A2 = A3. Electric charge is conserved; current is uniform everywhere in series..","A1 = A2 = A3. In a single series loop, charge is strictly conserved. Resistors cause potential drop, but current is identical throughout.","Topic: Current Conservation in Series Circuit | Question: Three identical resistors are connected in series with a 12V battery and three ammeters. How does current before the first resistor compare to current after the third resistor? | Student Response: Looking at the diagram, A1 = A2 = A3. Electric charge is conserved; current is uniform everywhere in series..",CORRECT: Scientifically Accurate Response
RESP-00273,PHY-ELE-SERI-02,SERIES_CIRCUIT_CONSERVATION,Class 10,Electricity,Current Conservation in Series Circuit,Three identical resistors are connected in series with a 12V battery and three ammeters. How does current before the first resistor compare to current after the third resistor?,"A1 = A2 = A3. In a single series loop, charge is strictly conserved. Resistors cause potential drop, but current is identical throughout.",My answer is: A1 = A2 = A3. Electric charge is conserved; current is uniform everywhere in series..,CORRECT: Scientifically Accurate Response,no_error,High,Conservation of charge.,,True,circuit_schematic,"Series circuit with 6V battery, ammeters A1, A2, A3 and identical lamps L1, L2.",Battery(6V) | Ammeter(A1) | Lamp(L1) | Ammeter(A2) | Lamp(L2) | Ammeter(A3),"[""draw_battery(voltage=6)"", ""draw_ammeter(label='A1')"", ""draw_lamp(label='L1')"", ""draw_ammeter(label='A2')"", ""draw_lamp(label='L2')"", ""draw_ammeter(label='A3')""]",authored_clean_sample,train,Three identical resistors are connected in series with a 12V battery and three ammeters. How does current before the first resistor compare to current after the third resistor?,My answer is: A1 = A2 = A3. Electric charge is conserved; current is uniform everywhere in series..,"A1 = A2 = A3. In a single series loop, charge is strictly conserved. Resistors cause potential drop, but current is identical throughout.",Topic: Current Conservation in Series Circuit | Question: Three identical resistors are connected in series with a 12V battery and three ammeters. How does current before the first resistor compare to current after the third resistor? | Student Response: My answer is: A1 = A2 = A3. Electric charge is conserved; current is uniform everywhere in series..,CORRECT: Scientifically Accurate Response
RESP-00274,PHY-ELE-SERI-02,SERIES_CIRCUIT_CONSERVATION,Class 10,Electricity,Current Conservation in Series Circuit,Three identical resistors are connected in series with a 12V battery and three ammeters. How does current before the first resistor compare to current after the third resistor?,"A1 = A2 = A3. In a single series loop, charge is strictly conserved. Resistors cause potential drop, but current is identical throughout.","From the formula, A1 = 6V. as calculated.",UNIT_CONVERSION_ERROR,unit_error,High,Used Volts for Ammeters.,,True,circuit_schematic,"Series circuit with 6V battery, ammeters A1, A2, A3 and identical lamps L1, L2.",Battery(6V) | Ammeter(A1) | Lamp(L1) | Ammeter(A2) | Lamp(L2) | Ammeter(A3),"[""draw_battery(voltage=6)"", ""draw_ammeter(label='A1')"", ""draw_lamp(label='L1')"", ""draw_ammeter(label='A2')"", ""draw_lamp(label='L2')"", ""draw_ammeter(label='A3')""]",authored_clean_sample,train,Three identical resistors are connected in series with a 12V battery and three ammeters. How does current before the first resistor compare to current after the third resistor?,"From the formula, A1 = 6V. as calculated.","A1 = A2 = A3. In a single series loop, charge is strictly conserved. Resistors cause potential drop, but current is identical throughout.","Topic: Current Conservation in Series Circuit | Question: Three identical resistors are connected in series with a 12V battery and three ammeters. How does current before the first resistor compare to current after the third resistor? | Student Response: From the formula, A1 = 6V. as calculated.",UNIT_CONVERSION_ERROR
RESP-00275,PHY-ELE-SERI-02,SERIES_CIRCUIT_CONSERVATION,Class 10,Electricity,Current Conservation in Series Circuit,Three identical resistors are connected in series with a 12V battery and three ammeters. How does current before the first resistor compare to current after the third resistor?,"A1 = A2 = A3. In a single series loop, charge is strictly conserved. Resistors cause potential drop, but current is identical throughout.",Step 1: calculate values. A1 = 6V. That is the answer.,UNIT_CONVERSION_ERROR,unit_error,High,Used Volts for Ammeters.,,True,circuit_schematic,"Series circuit with 6V battery, ammeters A1, A2, A3 and identical lamps L1, L2.",Battery(6V) | Ammeter(A1) | Lamp(L1) | Ammeter(A2) | Lamp(L2) | Ammeter(A3),"[""draw_battery(voltage=6)"", ""draw_ammeter(label='A1')"", ""draw_lamp(label='L1')"", ""draw_ammeter(label='A2')"", ""draw_lamp(label='L2')"", ""draw_ammeter(label='A3')""]",authored_clean_sample,train,Three identical resistors are connected in series with a 12V battery and three ammeters. How does current before the first resistor compare to current after the third resistor?,Step 1: calculate values. A1 = 6V. That is the answer.,"A1 = A2 = A3. In a single series loop, charge is strictly conserved. Resistors cause potential drop, but current is identical throughout.",Topic: Current Conservation in Series Circuit | Question: Three identical resistors are connected in series with a 12V battery and three ammeters. How does current before the first resistor compare to current after the third resistor? | Student Response: Step 1: calculate values. A1 = 6V. That is the answer.,UNIT_CONVERSION_ERROR
RESP-00276,PHY-ELE-SERI-02,SERIES_CIRCUIT_CONSERVATION,Class 10,Electricity,Current Conservation in Series Circuit,Three identical resistors are connected in series with a 12V battery and three ammeters. How does current before the first resistor compare to current after the third resistor?,"A1 = A2 = A3. In a single series loop, charge is strictly conserved. Resistors cause potential drop, but current is identical throughout.",In class we learned that A1 = 6V..,UNIT_CONVERSION_ERROR,unit_error,High,Used Volts for Ammeters.,,True,circuit_schematic,"Series circuit with 6V battery, ammeters A1, A2, A3 and identical lamps L1, L2.",Battery(6V) | Ammeter(A1) | Lamp(L1) | Ammeter(A2) | Lamp(L2) | Ammeter(A3),"[""draw_battery(voltage=6)"", ""draw_ammeter(label='A1')"", ""draw_lamp(label='L1')"", ""draw_ammeter(label='A2')"", ""draw_lamp(label='L2')"", ""draw_ammeter(label='A3')""]",authored_clean_sample,train,Three identical resistors are connected in series with a 12V battery and three ammeters. How does current before the first resistor compare to current after the third resistor?,In class we learned that A1 = 6V..,"A1 = A2 = A3. In a single series loop, charge is strictly conserved. Resistors cause potential drop, but current is identical throughout.",Topic: Current Conservation in Series Circuit | Question: Three identical resistors are connected in series with a 12V battery and three ammeters. How does current before the first resistor compare to current after the third resistor? | Student Response: In class we learned that A1 = 6V..,UNIT_CONVERSION_ERROR
RESP-00277,PHY-ELE-PARA-01,PARALLEL_BATTERY_DELIVERY,Class 10,Electricity,Parallel Resistor Combination & Battery Delivery,"A 12V battery powers a 6-ohm resistor R1. When a 3-ohm resistor R2 is connected in parallel, what happens to the total current drawn from the battery?",1/R_p = 1/6 + 1/3 = 1/2 => R_p = 2 ohms. Total current I = 12/2 = 6A (increases from 2A to 6A).,My answer is: Total current stays 2A. A 12V battery always outputs a fixed constant current..,MISC-ELEC-002: Battery as Constant Current Source,conceptual_misconception,High,Constant current battery fallacy.,,True,circuit_schematic,Parallel circuit: 12V battery powering 6-ohm and 3-ohm parallel branches.,Battery(12V) | Branch1(6_ohm) | Branch2(3_ohm),"[""draw_battery(voltage=12)"", ""draw_parallel_branches(r1=6, r2=3)"", ""write_equation('1/R_p = 1/R1 + 1/R2')""]",curated_per_literature,train,"A 12V battery powers a 6-ohm resistor R1. When a 3-ohm resistor R2 is connected in parallel, what happens to the total current drawn from the battery?",My answer is: Total current stays 2A. A 12V battery always outputs a fixed constant current..,1/R_p = 1/6 + 1/3 = 1/2 => R_p = 2 ohms. Total current I = 12/2 = 6A (increases from 2A to 6A).,"Topic: Parallel Resistor Combination & Battery Delivery | Question: A 12V battery powers a 6-ohm resistor R1. When a 3-ohm resistor R2 is connected in parallel, what happens to the total current drawn from the battery? | Student Response: My answer is: Total current stays 2A. A 12V battery always outputs a fixed constant current..",MISC-ELEC-002: Battery as Constant Current Source
RESP-00278,PHY-ELE-PARA-01,PARALLEL_BATTERY_DELIVERY,Class 10,Electricity,Parallel Resistor Combination & Battery Delivery,"A 12V battery powers a 6-ohm resistor R1. When a 3-ohm resistor R2 is connected in parallel, what happens to the total current drawn from the battery?",1/R_p = 1/6 + 1/3 = 1/2 => R_p = 2 ohms. Total current I = 12/2 = 6A (increases from 2A to 6A).,"Based on physical laws, Total current stays 2A. A 12V battery always outputs a fixed constant current..",MISC-ELEC-002: Battery as Constant Current Source,conceptual_misconception,High,Constant current battery fallacy.,,True,circuit_schematic,Parallel circuit: 12V battery powering 6-ohm and 3-ohm parallel branches.,Battery(12V) | Branch1(6_ohm) | Branch2(3_ohm),"[""draw_battery(voltage=12)"", ""draw_parallel_branches(r1=6, r2=3)"", ""write_equation('1/R_p = 1/R1 + 1/R2')""]",curated_per_literature,train,"A 12V battery powers a 6-ohm resistor R1. When a 3-ohm resistor R2 is connected in parallel, what happens to the total current drawn from the battery?","Based on physical laws, Total current stays 2A. A 12V battery always outputs a fixed constant current..",1/R_p = 1/6 + 1/3 = 1/2 => R_p = 2 ohms. Total current I = 12/2 = 6A (increases from 2A to 6A).,"Topic: Parallel Resistor Combination & Battery Delivery | Question: A 12V battery powers a 6-ohm resistor R1. When a 3-ohm resistor R2 is connected in parallel, what happens to the total current drawn from the battery? | Student Response: Based on physical laws, Total current stays 2A. A 12V battery always outputs a fixed constant current..",MISC-ELEC-002: Battery as Constant Current Source
RESP-00279,PHY-ELE-PARA-01,PARALLEL_BATTERY_DELIVERY,Class 10,Electricity,Parallel Resistor Combination & Battery Delivery,"A 12V battery powers a 6-ohm resistor R1. When a 3-ohm resistor R2 is connected in parallel, what happens to the total current drawn from the battery?",1/R_p = 1/6 + 1/3 = 1/2 => R_p = 2 ohms. Total current I = 12/2 = 6A (increases from 2A to 6A).,"According to my working, Total current stays 2A. A 12V battery always outputs a fixed constant current.",MISC-ELEC-002: Battery as Constant Current Source,conceptual_misconception,High,Constant current battery fallacy.,,True,circuit_schematic,Parallel circuit: 12V battery powering 6-ohm and 3-ohm parallel branches.,Battery(12V) | Branch1(6_ohm) | Branch2(3_ohm),"[""draw_battery(voltage=12)"", ""draw_parallel_branches(r1=6, r2=3)"", ""write_equation('1/R_p = 1/R1 + 1/R2')""]",curated_per_literature,train,"A 12V battery powers a 6-ohm resistor R1. When a 3-ohm resistor R2 is connected in parallel, what happens to the total current drawn from the battery?","According to my working, Total current stays 2A. A 12V battery always outputs a fixed constant current.",1/R_p = 1/6 + 1/3 = 1/2 => R_p = 2 ohms. Total current I = 12/2 = 6A (increases from 2A to 6A).,"Topic: Parallel Resistor Combination & Battery Delivery | Question: A 12V battery powers a 6-ohm resistor R1. When a 3-ohm resistor R2 is connected in parallel, what happens to the total current drawn from the battery? | Student Response: According to my working, Total current stays 2A. A 12V battery always outputs a fixed constant current.",MISC-ELEC-002: Battery as Constant Current Source
RESP-00280,PHY-ELE-PARA-01,PARALLEL_BATTERY_DELIVERY,Class 10,Electricity,Parallel Resistor Combination & Battery Delivery,"A 12V battery powers a 6-ohm resistor R1. When a 3-ohm resistor R2 is connected in parallel, what happens to the total current drawn from the battery?",1/R_p = 1/6 + 1/3 = 1/2 => R_p = 2 ohms. Total current I = 12/2 = 6A (increases from 2A to 6A).,"Looking at the diagram, Total current stays 2A. A 12V battery always outputs a fixed constant current..",MISC-ELEC-002: Battery as Constant Current Source,conceptual_misconception,High,Constant current battery fallacy.,,True,circuit_schematic,Parallel circuit: 12V battery powering 6-ohm and 3-ohm parallel branches.,Battery(12V) | Branch1(6_ohm) | Branch2(3_ohm),"[""draw_battery(voltage=12)"", ""draw_parallel_branches(r1=6, r2=3)"", ""write_equation('1/R_p = 1/R1 + 1/R2')""]",curated_per_literature,train,"A 12V battery powers a 6-ohm resistor R1. When a 3-ohm resistor R2 is connected in parallel, what happens to the total current drawn from the battery?","Looking at the diagram, Total current stays 2A. A 12V battery always outputs a fixed constant current..",1/R_p = 1/6 + 1/3 = 1/2 => R_p = 2 ohms. Total current I = 12/2 = 6A (increases from 2A to 6A).,"Topic: Parallel Resistor Combination & Battery Delivery | Question: A 12V battery powers a 6-ohm resistor R1. When a 3-ohm resistor R2 is connected in parallel, what happens to the total current drawn from the battery? | Student Response: Looking at the diagram, Total current stays 2A. A 12V battery always outputs a fixed constant current..",MISC-ELEC-002: Battery as Constant Current Source
RESP-00281,PHY-ELE-PARA-01,PARALLEL_BATTERY_DELIVERY,Class 10,Electricity,Parallel Resistor Combination & Battery Delivery,"A 12V battery powers a 6-ohm resistor R1. When a 3-ohm resistor R2 is connected in parallel, what happens to the total current drawn from the battery?",1/R_p = 1/6 + 1/3 = 1/2 => R_p = 2 ohms. Total current I = 12/2 = 6A (increases from 2A to 6A).,My answer is: Total current stays 2A. A 12V battery always outputs a fixed constant current..,MISC-ELEC-002: Battery as Constant Current Source,conceptual_misconception,High,Constant current battery fallacy.,,True,circuit_schematic,Parallel circuit: 12V battery powering 6-ohm and 3-ohm parallel branches.,Battery(12V) | Branch1(6_ohm) | Branch2(3_ohm),"[""draw_battery(voltage=12)"", ""draw_parallel_branches(r1=6, r2=3)"", ""write_equation('1/R_p = 1/R1 + 1/R2')""]",curated_per_literature,test,"A 12V battery powers a 6-ohm resistor R1. When a 3-ohm resistor R2 is connected in parallel, what happens to the total current drawn from the battery?",My answer is: Total current stays 2A. A 12V battery always outputs a fixed constant current..,1/R_p = 1/6 + 1/3 = 1/2 => R_p = 2 ohms. Total current I = 12/2 = 6A (increases from 2A to 6A).,"Topic: Parallel Resistor Combination & Battery Delivery | Question: A 12V battery powers a 6-ohm resistor R1. When a 3-ohm resistor R2 is connected in parallel, what happens to the total current drawn from the battery? | Student Response: My answer is: Total current stays 2A. A 12V battery always outputs a fixed constant current..",MISC-ELEC-002: Battery as Constant Current Source
RESP-00282,PHY-ELE-PARA-01,PARALLEL_BATTERY_DELIVERY,Class 10,Electricity,Parallel Resistor Combination & Battery Delivery,"A 12V battery powers a 6-ohm resistor R1. When a 3-ohm resistor R2 is connected in parallel, what happens to the total current drawn from the battery?",1/R_p = 1/6 + 1/3 = 1/2 => R_p = 2 ohms. Total current I = 12/2 = 6A (increases from 2A to 6A).,"From the formula, Total resistance becomes 6 + 3 = 9 ohms, so current decreases to 1.33A. as calculated.",MISC-ELEC-005: Parallel Resistance Addition Fallacy,conceptual_misconception,High,Series addition for parallel resistors.,,True,circuit_schematic,Parallel circuit: 12V battery powering 6-ohm and 3-ohm parallel branches.,Battery(12V) | Branch1(6_ohm) | Branch2(3_ohm),"[""draw_battery(voltage=12)"", ""draw_parallel_branches(r1=6, r2=3)"", ""write_equation('1/R_p = 1/R1 + 1/R2')""]",curated_per_literature,test,"A 12V battery powers a 6-ohm resistor R1. When a 3-ohm resistor R2 is connected in parallel, what happens to the total current drawn from the battery?","From the formula, Total resistance becomes 6 + 3 = 9 ohms, so current decreases to 1.33A. as calculated.",1/R_p = 1/6 + 1/3 = 1/2 => R_p = 2 ohms. Total current I = 12/2 = 6A (increases from 2A to 6A).,"Topic: Parallel Resistor Combination & Battery Delivery | Question: A 12V battery powers a 6-ohm resistor R1. When a 3-ohm resistor R2 is connected in parallel, what happens to the total current drawn from the battery? | Student Response: From the formula, Total resistance becomes 6 + 3 = 9 ohms, so current decreases to 1.33A. as calculated.",MISC-ELEC-005: Parallel Resistance Addition Fallacy
RESP-00283,PHY-ELE-PARA-01,PARALLEL_BATTERY_DELIVERY,Class 10,Electricity,Parallel Resistor Combination & Battery Delivery,"A 12V battery powers a 6-ohm resistor R1. When a 3-ohm resistor R2 is connected in parallel, what happens to the total current drawn from the battery?",1/R_p = 1/6 + 1/3 = 1/2 => R_p = 2 ohms. Total current I = 12/2 = 6A (increases from 2A to 6A).,"Step 1: calculate values. Total resistance becomes 6 + 3 = 9 ohms, so current decreases to 1.33A. That is the answer.",MISC-ELEC-005: Parallel Resistance Addition Fallacy,conceptual_misconception,High,Series addition for parallel resistors.,,True,circuit_schematic,Parallel circuit: 12V battery powering 6-ohm and 3-ohm parallel branches.,Battery(12V) | Branch1(6_ohm) | Branch2(3_ohm),"[""draw_battery(voltage=12)"", ""draw_parallel_branches(r1=6, r2=3)"", ""write_equation('1/R_p = 1/R1 + 1/R2')""]",curated_per_literature,test,"A 12V battery powers a 6-ohm resistor R1. When a 3-ohm resistor R2 is connected in parallel, what happens to the total current drawn from the battery?","Step 1: calculate values. Total resistance becomes 6 + 3 = 9 ohms, so current decreases to 1.33A. That is the answer.",1/R_p = 1/6 + 1/3 = 1/2 => R_p = 2 ohms. Total current I = 12/2 = 6A (increases from 2A to 6A).,"Topic: Parallel Resistor Combination & Battery Delivery | Question: A 12V battery powers a 6-ohm resistor R1. When a 3-ohm resistor R2 is connected in parallel, what happens to the total current drawn from the battery? | Student Response: Step 1: calculate values. Total resistance becomes 6 + 3 = 9 ohms, so current decreases to 1.33A. That is the answer.",MISC-ELEC-005: Parallel Resistance Addition Fallacy
RESP-00284,PHY-ELE-PARA-01,PARALLEL_BATTERY_DELIVERY,Class 10,Electricity,Parallel Resistor Combination & Battery Delivery,"A 12V battery powers a 6-ohm resistor R1. When a 3-ohm resistor R2 is connected in parallel, what happens to the total current drawn from the battery?",1/R_p = 1/6 + 1/3 = 1/2 => R_p = 2 ohms. Total current I = 12/2 = 6A (increases from 2A to 6A).,"In class we learned that Total resistance becomes 6 + 3 = 9 ohms, so current decreases to 1.33A..",MISC-ELEC-005: Parallel Resistance Addition Fallacy,conceptual_misconception,High,Series addition for parallel resistors.,,True,circuit_schematic,Parallel circuit: 12V battery powering 6-ohm and 3-ohm parallel branches.,Battery(12V) | Branch1(6_ohm) | Branch2(3_ohm),"[""draw_battery(voltage=12)"", ""draw_parallel_branches(r1=6, r2=3)"", ""write_equation('1/R_p = 1/R1 + 1/R2')""]",curated_per_literature,val,"A 12V battery powers a 6-ohm resistor R1. When a 3-ohm resistor R2 is connected in parallel, what happens to the total current drawn from the battery?","In class we learned that Total resistance becomes 6 + 3 = 9 ohms, so current decreases to 1.33A..",1/R_p = 1/6 + 1/3 = 1/2 => R_p = 2 ohms. Total current I = 12/2 = 6A (increases from 2A to 6A).,"Topic: Parallel Resistor Combination & Battery Delivery | Question: A 12V battery powers a 6-ohm resistor R1. When a 3-ohm resistor R2 is connected in parallel, what happens to the total current drawn from the battery? | Student Response: In class we learned that Total resistance becomes 6 + 3 = 9 ohms, so current decreases to 1.33A..",MISC-ELEC-005: Parallel Resistance Addition Fallacy
RESP-00285,PHY-ELE-PARA-01,PARALLEL_BATTERY_DELIVERY,Class 10,Electricity,Parallel Resistor Combination & Battery Delivery,"A 12V battery powers a 6-ohm resistor R1. When a 3-ohm resistor R2 is connected in parallel, what happens to the total current drawn from the battery?",1/R_p = 1/6 + 1/3 = 1/2 => R_p = 2 ohms. Total current I = 12/2 = 6A (increases from 2A to 6A).,"Total resistance becomes 6 + 3 = 9 ohms, so current decreases to 1.33A.",MISC-ELEC-005: Parallel Resistance Addition Fallacy,conceptual_misconception,High,Series addition for parallel resistors.,,True,circuit_schematic,Parallel circuit: 12V battery powering 6-ohm and 3-ohm parallel branches.,Battery(12V) | Branch1(6_ohm) | Branch2(3_ohm),"[""draw_battery(voltage=12)"", ""draw_parallel_branches(r1=6, r2=3)"", ""write_equation('1/R_p = 1/R1 + 1/R2')""]",curated_per_literature,val,"A 12V battery powers a 6-ohm resistor R1. When a 3-ohm resistor R2 is connected in parallel, what happens to the total current drawn from the battery?","Total resistance becomes 6 + 3 = 9 ohms, so current decreases to 1.33A.",1/R_p = 1/6 + 1/3 = 1/2 => R_p = 2 ohms. Total current I = 12/2 = 6A (increases from 2A to 6A).,"Topic: Parallel Resistor Combination & Battery Delivery | Question: A 12V battery powers a 6-ohm resistor R1. When a 3-ohm resistor R2 is connected in parallel, what happens to the total current drawn from the battery? | Student Response: Total resistance becomes 6 + 3 = 9 ohms, so current decreases to 1.33A.",MISC-ELEC-005: Parallel Resistance Addition Fallacy
RESP-00286,PHY-ELE-PARA-01,PARALLEL_BATTERY_DELIVERY,Class 10,Electricity,Parallel Resistor Combination & Battery Delivery,"A 12V battery powers a 6-ohm resistor R1. When a 3-ohm resistor R2 is connected in parallel, what happens to the total current drawn from the battery?",1/R_p = 1/6 + 1/3 = 1/2 => R_p = 2 ohms. Total current I = 12/2 = 6A (increases from 2A to 6A).,"From the formula, Total resistance becomes 6 + 3 = 9 ohms, so current decreases to 1.33A. as calculated.",MISC-ELEC-005: Parallel Resistance Addition Fallacy,conceptual_misconception,High,Series addition for parallel resistors.,,True,circuit_schematic,Parallel circuit: 12V battery powering 6-ohm and 3-ohm parallel branches.,Battery(12V) | Branch1(6_ohm) | Branch2(3_ohm),"[""draw_battery(voltage=12)"", ""draw_parallel_branches(r1=6, r2=3)"", ""write_equation('1/R_p = 1/R1 + 1/R2')""]",curated_per_literature,val,"A 12V battery powers a 6-ohm resistor R1. When a 3-ohm resistor R2 is connected in parallel, what happens to the total current drawn from the battery?","From the formula, Total resistance becomes 6 + 3 = 9 ohms, so current decreases to 1.33A. as calculated.",1/R_p = 1/6 + 1/3 = 1/2 => R_p = 2 ohms. Total current I = 12/2 = 6A (increases from 2A to 6A).,"Topic: Parallel Resistor Combination & Battery Delivery | Question: A 12V battery powers a 6-ohm resistor R1. When a 3-ohm resistor R2 is connected in parallel, what happens to the total current drawn from the battery? | Student Response: From the formula, Total resistance becomes 6 + 3 = 9 ohms, so current decreases to 1.33A. as calculated.",MISC-ELEC-005: Parallel Resistance Addition Fallacy
RESP-00287,PHY-ELE-PARA-01,PARALLEL_BATTERY_DELIVERY,Class 10,Electricity,Parallel Resistor Combination & Battery Delivery,"A 12V battery powers a 6-ohm resistor R1. When a 3-ohm resistor R2 is connected in parallel, what happens to the total current drawn from the battery?",1/R_p = 1/6 + 1/3 = 1/2 => R_p = 2 ohms. Total current I = 12/2 = 6A (increases from 2A to 6A).,"Based on physical laws, R_p = 2 ohms, total current increases from 2A to 6A..",CORRECT: Scientifically Accurate Response,no_error,High,Accurate parallel circuit calculation.,,True,circuit_schematic,Parallel circuit: 12V battery powering 6-ohm and 3-ohm parallel branches.,Battery(12V) | Branch1(6_ohm) | Branch2(3_ohm),"[""draw_battery(voltage=12)"", ""draw_parallel_branches(r1=6, r2=3)"", ""write_equation('1/R_p = 1/R1 + 1/R2')""]",authored_clean_sample,train,"A 12V battery powers a 6-ohm resistor R1. When a 3-ohm resistor R2 is connected in parallel, what happens to the total current drawn from the battery?","Based on physical laws, R_p = 2 ohms, total current increases from 2A to 6A..",1/R_p = 1/6 + 1/3 = 1/2 => R_p = 2 ohms. Total current I = 12/2 = 6A (increases from 2A to 6A).,"Topic: Parallel Resistor Combination & Battery Delivery | Question: A 12V battery powers a 6-ohm resistor R1. When a 3-ohm resistor R2 is connected in parallel, what happens to the total current drawn from the battery? | Student Response: Based on physical laws, R_p = 2 ohms, total current increases from 2A to 6A..",CORRECT: Scientifically Accurate Response
RESP-00288,PHY-ELE-PARA-01,PARALLEL_BATTERY_DELIVERY,Class 10,Electricity,Parallel Resistor Combination & Battery Delivery,"A 12V battery powers a 6-ohm resistor R1. When a 3-ohm resistor R2 is connected in parallel, what happens to the total current drawn from the battery?",1/R_p = 1/6 + 1/3 = 1/2 => R_p = 2 ohms. Total current I = 12/2 = 6A (increases from 2A to 6A).,"According to my working, R_p = 2 ohms, total current increases from 2A to 6A.",CORRECT: Scientifically Accurate Response,no_error,High,Accurate parallel circuit calculation.,,True,circuit_schematic,Parallel circuit: 12V battery powering 6-ohm and 3-ohm parallel branches.,Battery(12V) | Branch1(6_ohm) | Branch2(3_ohm),"[""draw_battery(voltage=12)"", ""draw_parallel_branches(r1=6, r2=3)"", ""write_equation('1/R_p = 1/R1 + 1/R2')""]",authored_clean_sample,train,"A 12V battery powers a 6-ohm resistor R1. When a 3-ohm resistor R2 is connected in parallel, what happens to the total current drawn from the battery?","According to my working, R_p = 2 ohms, total current increases from 2A to 6A.",1/R_p = 1/6 + 1/3 = 1/2 => R_p = 2 ohms. Total current I = 12/2 = 6A (increases from 2A to 6A).,"Topic: Parallel Resistor Combination & Battery Delivery | Question: A 12V battery powers a 6-ohm resistor R1. When a 3-ohm resistor R2 is connected in parallel, what happens to the total current drawn from the battery? | Student Response: According to my working, R_p = 2 ohms, total current increases from 2A to 6A.",CORRECT: Scientifically Accurate Response
RESP-00289,PHY-ELE-PARA-01,PARALLEL_BATTERY_DELIVERY,Class 10,Electricity,Parallel Resistor Combination & Battery Delivery,"A 12V battery powers a 6-ohm resistor R1. When a 3-ohm resistor R2 is connected in parallel, what happens to the total current drawn from the battery?",1/R_p = 1/6 + 1/3 = 1/2 => R_p = 2 ohms. Total current I = 12/2 = 6A (increases from 2A to 6A).,"Looking at the diagram, R_p = 2 ohms, total current increases from 2A to 6A..",CORRECT: Scientifically Accurate Response,no_error,High,Accurate parallel circuit calculation.,,True,circuit_schematic,Parallel circuit: 12V battery powering 6-ohm and 3-ohm parallel branches.,Battery(12V) | Branch1(6_ohm) | Branch2(3_ohm),"[""draw_battery(voltage=12)"", ""draw_parallel_branches(r1=6, r2=3)"", ""write_equation('1/R_p = 1/R1 + 1/R2')""]",authored_clean_sample,train,"A 12V battery powers a 6-ohm resistor R1. When a 3-ohm resistor R2 is connected in parallel, what happens to the total current drawn from the battery?","Looking at the diagram, R_p = 2 ohms, total current increases from 2A to 6A..",1/R_p = 1/6 + 1/3 = 1/2 => R_p = 2 ohms. Total current I = 12/2 = 6A (increases from 2A to 6A).,"Topic: Parallel Resistor Combination & Battery Delivery | Question: A 12V battery powers a 6-ohm resistor R1. When a 3-ohm resistor R2 is connected in parallel, what happens to the total current drawn from the battery? | Student Response: Looking at the diagram, R_p = 2 ohms, total current increases from 2A to 6A..",CORRECT: Scientifically Accurate Response
RESP-00290,PHY-ELE-PARA-01,PARALLEL_BATTERY_DELIVERY,Class 10,Electricity,Parallel Resistor Combination & Battery Delivery,"A 12V battery powers a 6-ohm resistor R1. When a 3-ohm resistor R2 is connected in parallel, what happens to the total current drawn from the battery?",1/R_p = 1/6 + 1/3 = 1/2 => R_p = 2 ohms. Total current I = 12/2 = 6A (increases from 2A to 6A).,"My answer is: R_p = 2 ohms, total current increases from 2A to 6A..",CORRECT: Scientifically Accurate Response,no_error,High,Accurate parallel circuit calculation.,,True,circuit_schematic,Parallel circuit: 12V battery powering 6-ohm and 3-ohm parallel branches.,Battery(12V) | Branch1(6_ohm) | Branch2(3_ohm),"[""draw_battery(voltage=12)"", ""draw_parallel_branches(r1=6, r2=3)"", ""write_equation('1/R_p = 1/R1 + 1/R2')""]",authored_clean_sample,train,"A 12V battery powers a 6-ohm resistor R1. When a 3-ohm resistor R2 is connected in parallel, what happens to the total current drawn from the battery?","My answer is: R_p = 2 ohms, total current increases from 2A to 6A..",1/R_p = 1/6 + 1/3 = 1/2 => R_p = 2 ohms. Total current I = 12/2 = 6A (increases from 2A to 6A).,"Topic: Parallel Resistor Combination & Battery Delivery | Question: A 12V battery powers a 6-ohm resistor R1. When a 3-ohm resistor R2 is connected in parallel, what happens to the total current drawn from the battery? | Student Response: My answer is: R_p = 2 ohms, total current increases from 2A to 6A..",CORRECT: Scientifically Accurate Response
RESP-00291,PHY-ELE-PARA-01,PARALLEL_BATTERY_DELIVERY,Class 10,Electricity,Parallel Resistor Combination & Battery Delivery,"A 12V battery powers a 6-ohm resistor R1. When a 3-ohm resistor R2 is connected in parallel, what happens to the total current drawn from the battery?",1/R_p = 1/6 + 1/3 = 1/2 => R_p = 2 ohms. Total current I = 12/2 = 6A (increases from 2A to 6A).,"Based on physical laws, R_p = 2 ohms, total current increases from 2A to 6A..",CORRECT: Scientifically Accurate Response,no_error,High,Accurate parallel circuit calculation.,,True,circuit_schematic,Parallel circuit: 12V battery powering 6-ohm and 3-ohm parallel branches.,Battery(12V) | Branch1(6_ohm) | Branch2(3_ohm),"[""draw_battery(voltage=12)"", ""draw_parallel_branches(r1=6, r2=3)"", ""write_equation('1/R_p = 1/R1 + 1/R2')""]",authored_clean_sample,train,"A 12V battery powers a 6-ohm resistor R1. When a 3-ohm resistor R2 is connected in parallel, what happens to the total current drawn from the battery?","Based on physical laws, R_p = 2 ohms, total current increases from 2A to 6A..",1/R_p = 1/6 + 1/3 = 1/2 => R_p = 2 ohms. Total current I = 12/2 = 6A (increases from 2A to 6A).,"Topic: Parallel Resistor Combination & Battery Delivery | Question: A 12V battery powers a 6-ohm resistor R1. When a 3-ohm resistor R2 is connected in parallel, what happens to the total current drawn from the battery? | Student Response: Based on physical laws, R_p = 2 ohms, total current increases from 2A to 6A..",CORRECT: Scientifically Accurate Response
RESP-00292,PHY-ELE-PARA-02,PARALLEL_BATTERY_DELIVERY,Class 10,Electricity,Parallel Resistor Combination & Battery Delivery,"If another appliance is added in parallel in a house, what happens to total mains current?",1/R_p = 1/6 + 1/3 = 1/2 => R_p = 2 ohms. Total current I = 12/2 = 6A (increases from 2A to 6A).,Step 1: calculate values. Total current stays 2A. A 12V battery always outputs a fixed constant current. That is the answer.,MISC-ELEC-002: Battery as Constant Current Source,conceptual_misconception,High,Constant current battery fallacy.,,True,circuit_schematic,Parallel circuit: 12V battery powering 6-ohm and 3-ohm parallel branches.,Battery(12V) | Branch1(6_ohm) | Branch2(3_ohm),"[""draw_battery(voltage=12)"", ""draw_parallel_branches(r1=6, r2=3)"", ""write_equation('1/R_p = 1/R1 + 1/R2')""]",curated_per_literature,train,"If another appliance is added in parallel in a house, what happens to total mains current?",Step 1: calculate values. Total current stays 2A. A 12V battery always outputs a fixed constant current. That is the answer.,1/R_p = 1/6 + 1/3 = 1/2 => R_p = 2 ohms. Total current I = 12/2 = 6A (increases from 2A to 6A).,"Topic: Parallel Resistor Combination & Battery Delivery | Question: If another appliance is added in parallel in a house, what happens to total mains current? | Student Response: Step 1: calculate values. Total current stays 2A. A 12V battery always outputs a fixed constant current. That is the answer.",MISC-ELEC-002: Battery as Constant Current Source
RESP-00293,PHY-ELE-PARA-02,PARALLEL_BATTERY_DELIVERY,Class 10,Electricity,Parallel Resistor Combination & Battery Delivery,"If another appliance is added in parallel in a house, what happens to total mains current?",1/R_p = 1/6 + 1/3 = 1/2 => R_p = 2 ohms. Total current I = 12/2 = 6A (increases from 2A to 6A).,In class we learned that Total current stays 2A. A 12V battery always outputs a fixed constant current..,MISC-ELEC-002: Battery as Constant Current Source,conceptual_misconception,High,Constant current battery fallacy.,,True,circuit_schematic,Parallel circuit: 12V battery powering 6-ohm and 3-ohm parallel branches.,Battery(12V) | Branch1(6_ohm) | Branch2(3_ohm),"[""draw_battery(voltage=12)"", ""draw_parallel_branches(r1=6, r2=3)"", ""write_equation('1/R_p = 1/R1 + 1/R2')""]",curated_per_literature,train,"If another appliance is added in parallel in a house, what happens to total mains current?",In class we learned that Total current stays 2A. A 12V battery always outputs a fixed constant current..,1/R_p = 1/6 + 1/3 = 1/2 => R_p = 2 ohms. Total current I = 12/2 = 6A (increases from 2A to 6A).,"Topic: Parallel Resistor Combination & Battery Delivery | Question: If another appliance is added in parallel in a house, what happens to total mains current? | Student Response: In class we learned that Total current stays 2A. A 12V battery always outputs a fixed constant current..",MISC-ELEC-002: Battery as Constant Current Source
RESP-00294,PHY-ELE-PARA-02,PARALLEL_BATTERY_DELIVERY,Class 10,Electricity,Parallel Resistor Combination & Battery Delivery,"If another appliance is added in parallel in a house, what happens to total mains current?",1/R_p = 1/6 + 1/3 = 1/2 => R_p = 2 ohms. Total current I = 12/2 = 6A (increases from 2A to 6A).,Total current stays 2A. A 12V battery always outputs a fixed constant current.,MISC-ELEC-002: Battery as Constant Current Source,conceptual_misconception,High,Constant current battery fallacy.,,True,circuit_schematic,Parallel circuit: 12V battery powering 6-ohm and 3-ohm parallel branches.,Battery(12V) | Branch1(6_ohm) | Branch2(3_ohm),"[""draw_battery(voltage=12)"", ""draw_parallel_branches(r1=6, r2=3)"", ""write_equation('1/R_p = 1/R1 + 1/R2')""]",curated_per_literature,train,"If another appliance is added in parallel in a house, what happens to total mains current?",Total current stays 2A. A 12V battery always outputs a fixed constant current.,1/R_p = 1/6 + 1/3 = 1/2 => R_p = 2 ohms. Total current I = 12/2 = 6A (increases from 2A to 6A).,"Topic: Parallel Resistor Combination & Battery Delivery | Question: If another appliance is added in parallel in a house, what happens to total mains current? | Student Response: Total current stays 2A. A 12V battery always outputs a fixed constant current.",MISC-ELEC-002: Battery as Constant Current Source
RESP-00295,PHY-ELE-PARA-02,PARALLEL_BATTERY_DELIVERY,Class 10,Electricity,Parallel Resistor Combination & Battery Delivery,"If another appliance is added in parallel in a house, what happens to total mains current?",1/R_p = 1/6 + 1/3 = 1/2 => R_p = 2 ohms. Total current I = 12/2 = 6A (increases from 2A to 6A).,"From the formula, Total current stays 2A. A 12V battery always outputs a fixed constant current. as calculated.",MISC-ELEC-002: Battery as Constant Current Source,conceptual_misconception,High,Constant current battery fallacy.,,True,circuit_schematic,Parallel circuit: 12V battery powering 6-ohm and 3-ohm parallel branches.,Battery(12V) | Branch1(6_ohm) | Branch2(3_ohm),"[""draw_battery(voltage=12)"", ""draw_parallel_branches(r1=6, r2=3)"", ""write_equation('1/R_p = 1/R1 + 1/R2')""]",curated_per_literature,train,"If another appliance is added in parallel in a house, what happens to total mains current?","From the formula, Total current stays 2A. A 12V battery always outputs a fixed constant current. as calculated.",1/R_p = 1/6 + 1/3 = 1/2 => R_p = 2 ohms. Total current I = 12/2 = 6A (increases from 2A to 6A).,"Topic: Parallel Resistor Combination & Battery Delivery | Question: If another appliance is added in parallel in a house, what happens to total mains current? | Student Response: From the formula, Total current stays 2A. A 12V battery always outputs a fixed constant current. as calculated.",MISC-ELEC-002: Battery as Constant Current Source
RESP-00296,PHY-ELE-PARA-02,PARALLEL_BATTERY_DELIVERY,Class 10,Electricity,Parallel Resistor Combination & Battery Delivery,"If another appliance is added in parallel in a house, what happens to total mains current?",1/R_p = 1/6 + 1/3 = 1/2 => R_p = 2 ohms. Total current I = 12/2 = 6A (increases from 2A to 6A).,Step 1: calculate values. Total current stays 2A. A 12V battery always outputs a fixed constant current. That is the answer.,MISC-ELEC-002: Battery as Constant Current Source,conceptual_misconception,High,Constant current battery fallacy.,,True,circuit_schematic,Parallel circuit: 12V battery powering 6-ohm and 3-ohm parallel branches.,Battery(12V) | Branch1(6_ohm) | Branch2(3_ohm),"[""draw_battery(voltage=12)"", ""draw_parallel_branches(r1=6, r2=3)"", ""write_equation('1/R_p = 1/R1 + 1/R2')""]",curated_per_literature,train,"If another appliance is added in parallel in a house, what happens to total mains current?",Step 1: calculate values. Total current stays 2A. A 12V battery always outputs a fixed constant current. That is the answer.,1/R_p = 1/6 + 1/3 = 1/2 => R_p = 2 ohms. Total current I = 12/2 = 6A (increases from 2A to 6A).,"Topic: Parallel Resistor Combination & Battery Delivery | Question: If another appliance is added in parallel in a house, what happens to total mains current? | Student Response: Step 1: calculate values. Total current stays 2A. A 12V battery always outputs a fixed constant current. That is the answer.",MISC-ELEC-002: Battery as Constant Current Source
RESP-00297,PHY-ELE-PARA-02,PARALLEL_BATTERY_DELIVERY,Class 10,Electricity,Parallel Resistor Combination & Battery Delivery,"If another appliance is added in parallel in a house, what happens to total mains current?",1/R_p = 1/6 + 1/3 = 1/2 => R_p = 2 ohms. Total current I = 12/2 = 6A (increases from 2A to 6A).,"According to my working, Total resistance becomes 6 + 3 = 9 ohms, so current decreases to 1.33A.",MISC-ELEC-005: Parallel Resistance Addition Fallacy,conceptual_misconception,High,Series addition for parallel resistors.,,True,circuit_schematic,Parallel circuit: 12V battery powering 6-ohm and 3-ohm parallel branches.,Battery(12V) | Branch1(6_ohm) | Branch2(3_ohm),"[""draw_battery(voltage=12)"", ""draw_parallel_branches(r1=6, r2=3)"", ""write_equation('1/R_p = 1/R1 + 1/R2')""]",curated_per_literature,train,"If another appliance is added in parallel in a house, what happens to total mains current?","According to my working, Total resistance becomes 6 + 3 = 9 ohms, so current decreases to 1.33A.",1/R_p = 1/6 + 1/3 = 1/2 => R_p = 2 ohms. Total current I = 12/2 = 6A (increases from 2A to 6A).,"Topic: Parallel Resistor Combination & Battery Delivery | Question: If another appliance is added in parallel in a house, what happens to total mains current? | Student Response: According to my working, Total resistance becomes 6 + 3 = 9 ohms, so current decreases to 1.33A.",MISC-ELEC-005: Parallel Resistance Addition Fallacy
RESP-00298,PHY-ELE-PARA-02,PARALLEL_BATTERY_DELIVERY,Class 10,Electricity,Parallel Resistor Combination & Battery Delivery,"If another appliance is added in parallel in a house, what happens to total mains current?",1/R_p = 1/6 + 1/3 = 1/2 => R_p = 2 ohms. Total current I = 12/2 = 6A (increases from 2A to 6A).,"Looking at the diagram, Total resistance becomes 6 + 3 = 9 ohms, so current decreases to 1.33A..",MISC-ELEC-005: Parallel Resistance Addition Fallacy,conceptual_misconception,High,Series addition for parallel resistors.,,True,circuit_schematic,Parallel circuit: 12V battery powering 6-ohm and 3-ohm parallel branches.,Battery(12V) | Branch1(6_ohm) | Branch2(3_ohm),"[""draw_battery(voltage=12)"", ""draw_parallel_branches(r1=6, r2=3)"", ""write_equation('1/R_p = 1/R1 + 1/R2')""]",curated_per_literature,train,"If another appliance is added in parallel in a house, what happens to total mains current?","Looking at the diagram, Total resistance becomes 6 + 3 = 9 ohms, so current decreases to 1.33A..",1/R_p = 1/6 + 1/3 = 1/2 => R_p = 2 ohms. Total current I = 12/2 = 6A (increases from 2A to 6A).,"Topic: Parallel Resistor Combination & Battery Delivery | Question: If another appliance is added in parallel in a house, what happens to total mains current? | Student Response: Looking at the diagram, Total resistance becomes 6 + 3 = 9 ohms, so current decreases to 1.33A..",MISC-ELEC-005: Parallel Resistance Addition Fallacy
RESP-00299,PHY-ELE-PARA-02,PARALLEL_BATTERY_DELIVERY,Class 10,Electricity,Parallel Resistor Combination & Battery Delivery,"If another appliance is added in parallel in a house, what happens to total mains current?",1/R_p = 1/6 + 1/3 = 1/2 => R_p = 2 ohms. Total current I = 12/2 = 6A (increases from 2A to 6A).,"My answer is: Total resistance becomes 6 + 3 = 9 ohms, so current decreases to 1.33A..",MISC-ELEC-005: Parallel Resistance Addition Fallacy,conceptual_misconception,High,Series addition for parallel resistors.,,True,circuit_schematic,Parallel circuit: 12V battery powering 6-ohm and 3-ohm parallel branches.,Battery(12V) | Branch1(6_ohm) | Branch2(3_ohm),"[""draw_battery(voltage=12)"", ""draw_parallel_branches(r1=6, r2=3)"", ""write_equation('1/R_p = 1/R1 + 1/R2')""]",curated_per_literature,train,"If another appliance is added in parallel in a house, what happens to total mains current?","My answer is: Total resistance becomes 6 + 3 = 9 ohms, so current decreases to 1.33A..",1/R_p = 1/6 + 1/3 = 1/2 => R_p = 2 ohms. Total current I = 12/2 = 6A (increases from 2A to 6A).,"Topic: Parallel Resistor Combination & Battery Delivery | Question: If another appliance is added in parallel in a house, what happens to total mains current? | Student Response: My answer is: Total resistance becomes 6 + 3 = 9 ohms, so current decreases to 1.33A..",MISC-ELEC-005: Parallel Resistance Addition Fallacy
RESP-00300,PHY-ELE-PARA-02,PARALLEL_BATTERY_DELIVERY,Class 10,Electricity,Parallel Resistor Combination & Battery Delivery,"If another appliance is added in parallel in a house, what happens to total mains current?",1/R_p = 1/6 + 1/3 = 1/2 => R_p = 2 ohms. Total current I = 12/2 = 6A (increases from 2A to 6A).,"Based on physical laws, Total resistance becomes 6 + 3 = 9 ohms, so current decreases to 1.33A..",MISC-ELEC-005: Parallel Resistance Addition Fallacy,conceptual_misconception,High,Series addition for parallel resistors.,,True,circuit_schematic,Parallel circuit: 12V battery powering 6-ohm and 3-ohm parallel branches.,Battery(12V) | Branch1(6_ohm) | Branch2(3_ohm),"[""draw_battery(voltage=12)"", ""draw_parallel_branches(r1=6, r2=3)"", ""write_equation('1/R_p = 1/R1 + 1/R2')""]",curated_per_literature,train,"If another appliance is added in parallel in a house, what happens to total mains current?","Based on physical laws, Total resistance becomes 6 + 3 = 9 ohms, so current decreases to 1.33A..",1/R_p = 1/6 + 1/3 = 1/2 => R_p = 2 ohms. Total current I = 12/2 = 6A (increases from 2A to 6A).,"Topic: Parallel Resistor Combination & Battery Delivery | Question: If another appliance is added in parallel in a house, what happens to total mains current? | Student Response: Based on physical laws, Total resistance becomes 6 + 3 = 9 ohms, so current decreases to 1.33A..",MISC-ELEC-005: Parallel Resistance Addition Fallacy
RESP-00301,PHY-ELE-PARA-02,PARALLEL_BATTERY_DELIVERY,Class 10,Electricity,Parallel Resistor Combination & Battery Delivery,"If another appliance is added in parallel in a house, what happens to total mains current?",1/R_p = 1/6 + 1/3 = 1/2 => R_p = 2 ohms. Total current I = 12/2 = 6A (increases from 2A to 6A).,"According to my working, Total resistance becomes 6 + 3 = 9 ohms, so current decreases to 1.33A.",MISC-ELEC-005: Parallel Resistance Addition Fallacy,conceptual_misconception,High,Series addition for parallel resistors.,,True,circuit_schematic,Parallel circuit: 12V battery powering 6-ohm and 3-ohm parallel branches.,Battery(12V) | Branch1(6_ohm) | Branch2(3_ohm),"[""draw_battery(voltage=12)"", ""draw_parallel_branches(r1=6, r2=3)"", ""write_equation('1/R_p = 1/R1 + 1/R2')""]",curated_per_literature,test,"If another appliance is added in parallel in a house, what happens to total mains current?","According to my working, Total resistance becomes 6 + 3 = 9 ohms, so current decreases to 1.33A.",1/R_p = 1/6 + 1/3 = 1/2 => R_p = 2 ohms. Total current I = 12/2 = 6A (increases from 2A to 6A).,"Topic: Parallel Resistor Combination & Battery Delivery | Question: If another appliance is added in parallel in a house, what happens to total mains current? | Student Response: According to my working, Total resistance becomes 6 + 3 = 9 ohms, so current decreases to 1.33A.",MISC-ELEC-005: Parallel Resistance Addition Fallacy
RESP-00302,PHY-ELE-PARA-02,PARALLEL_BATTERY_DELIVERY,Class 10,Electricity,Parallel Resistor Combination & Battery Delivery,"If another appliance is added in parallel in a house, what happens to total mains current?",1/R_p = 1/6 + 1/3 = 1/2 => R_p = 2 ohms. Total current I = 12/2 = 6A (increases from 2A to 6A).,"In class we learned that R_p = 2 ohms, total current increases from 2A to 6A..",CORRECT: Scientifically Accurate Response,no_error,High,Accurate parallel circuit calculation.,,True,circuit_schematic,Parallel circuit: 12V battery powering 6-ohm and 3-ohm parallel branches.,Battery(12V) | Branch1(6_ohm) | Branch2(3_ohm),"[""draw_battery(voltage=12)"", ""draw_parallel_branches(r1=6, r2=3)"", ""write_equation('1/R_p = 1/R1 + 1/R2')""]",authored_clean_sample,test,"If another appliance is added in parallel in a house, what happens to total mains current?","In class we learned that R_p = 2 ohms, total current increases from 2A to 6A..",1/R_p = 1/6 + 1/3 = 1/2 => R_p = 2 ohms. Total current I = 12/2 = 6A (increases from 2A to 6A).,"Topic: Parallel Resistor Combination & Battery Delivery | Question: If another appliance is added in parallel in a house, what happens to total mains current? | Student Response: In class we learned that R_p = 2 ohms, total current increases from 2A to 6A..",CORRECT: Scientifically Accurate Response
RESP-00303,PHY-ELE-PARA-02,PARALLEL_BATTERY_DELIVERY,Class 10,Electricity,Parallel Resistor Combination & Battery Delivery,"If another appliance is added in parallel in a house, what happens to total mains current?",1/R_p = 1/6 + 1/3 = 1/2 => R_p = 2 ohms. Total current I = 12/2 = 6A (increases from 2A to 6A).,"R_p = 2 ohms, total current increases from 2A to 6A.",CORRECT: Scientifically Accurate Response,no_error,High,Accurate parallel circuit calculation.,,True,circuit_schematic,Parallel circuit: 12V battery powering 6-ohm and 3-ohm parallel branches.,Battery(12V) | Branch1(6_ohm) | Branch2(3_ohm),"[""draw_battery(voltage=12)"", ""draw_parallel_branches(r1=6, r2=3)"", ""write_equation('1/R_p = 1/R1 + 1/R2')""]",authored_clean_sample,test,"If another appliance is added in parallel in a house, what happens to total mains current?","R_p = 2 ohms, total current increases from 2A to 6A.",1/R_p = 1/6 + 1/3 = 1/2 => R_p = 2 ohms. Total current I = 12/2 = 6A (increases from 2A to 6A).,"Topic: Parallel Resistor Combination & Battery Delivery | Question: If another appliance is added in parallel in a house, what happens to total mains current? | Student Response: R_p = 2 ohms, total current increases from 2A to 6A.",CORRECT: Scientifically Accurate Response
RESP-00304,PHY-ELE-PARA-02,PARALLEL_BATTERY_DELIVERY,Class 10,Electricity,Parallel Resistor Combination & Battery Delivery,"If another appliance is added in parallel in a house, what happens to total mains current?",1/R_p = 1/6 + 1/3 = 1/2 => R_p = 2 ohms. Total current I = 12/2 = 6A (increases from 2A to 6A).,"From the formula, R_p = 2 ohms, total current increases from 2A to 6A. as calculated.",CORRECT: Scientifically Accurate Response,no_error,High,Accurate parallel circuit calculation.,,True,circuit_schematic,Parallel circuit: 12V battery powering 6-ohm and 3-ohm parallel branches.,Battery(12V) | Branch1(6_ohm) | Branch2(3_ohm),"[""draw_battery(voltage=12)"", ""draw_parallel_branches(r1=6, r2=3)"", ""write_equation('1/R_p = 1/R1 + 1/R2')""]",authored_clean_sample,val,"If another appliance is added in parallel in a house, what happens to total mains current?","From the formula, R_p = 2 ohms, total current increases from 2A to 6A. as calculated.",1/R_p = 1/6 + 1/3 = 1/2 => R_p = 2 ohms. Total current I = 12/2 = 6A (increases from 2A to 6A).,"Topic: Parallel Resistor Combination & Battery Delivery | Question: If another appliance is added in parallel in a house, what happens to total mains current? | Student Response: From the formula, R_p = 2 ohms, total current increases from 2A to 6A. as calculated.",CORRECT: Scientifically Accurate Response
RESP-00305,PHY-ELE-PARA-02,PARALLEL_BATTERY_DELIVERY,Class 10,Electricity,Parallel Resistor Combination & Battery Delivery,"If another appliance is added in parallel in a house, what happens to total mains current?",1/R_p = 1/6 + 1/3 = 1/2 => R_p = 2 ohms. Total current I = 12/2 = 6A (increases from 2A to 6A).,"Step 1: calculate values. R_p = 2 ohms, total current increases from 2A to 6A. That is the answer.",CORRECT: Scientifically Accurate Response,no_error,High,Accurate parallel circuit calculation.,,True,circuit_schematic,Parallel circuit: 12V battery powering 6-ohm and 3-ohm parallel branches.,Battery(12V) | Branch1(6_ohm) | Branch2(3_ohm),"[""draw_battery(voltage=12)"", ""draw_parallel_branches(r1=6, r2=3)"", ""write_equation('1/R_p = 1/R1 + 1/R2')""]",authored_clean_sample,val,"If another appliance is added in parallel in a house, what happens to total mains current?","Step 1: calculate values. R_p = 2 ohms, total current increases from 2A to 6A. That is the answer.",1/R_p = 1/6 + 1/3 = 1/2 => R_p = 2 ohms. Total current I = 12/2 = 6A (increases from 2A to 6A).,"Topic: Parallel Resistor Combination & Battery Delivery | Question: If another appliance is added in parallel in a house, what happens to total mains current? | Student Response: Step 1: calculate values. R_p = 2 ohms, total current increases from 2A to 6A. That is the answer.",CORRECT: Scientifically Accurate Response
RESP-00306,PHY-ELE-PARA-02,PARALLEL_BATTERY_DELIVERY,Class 10,Electricity,Parallel Resistor Combination & Battery Delivery,"If another appliance is added in parallel in a house, what happens to total mains current?",1/R_p = 1/6 + 1/3 = 1/2 => R_p = 2 ohms. Total current I = 12/2 = 6A (increases from 2A to 6A).,"In class we learned that R_p = 2 ohms, total current increases from 2A to 6A..",CORRECT: Scientifically Accurate Response,no_error,High,Accurate parallel circuit calculation.,,True,circuit_schematic,Parallel circuit: 12V battery powering 6-ohm and 3-ohm parallel branches.,Battery(12V) | Branch1(6_ohm) | Branch2(3_ohm),"[""draw_battery(voltage=12)"", ""draw_parallel_branches(r1=6, r2=3)"", ""write_equation('1/R_p = 1/R1 + 1/R2')""]",authored_clean_sample,val,"If another appliance is added in parallel in a house, what happens to total mains current?","In class we learned that R_p = 2 ohms, total current increases from 2A to 6A..",1/R_p = 1/6 + 1/3 = 1/2 => R_p = 2 ohms. Total current I = 12/2 = 6A (increases from 2A to 6A).,"Topic: Parallel Resistor Combination & Battery Delivery | Question: If another appliance is added in parallel in a house, what happens to total mains current? | Student Response: In class we learned that R_p = 2 ohms, total current increases from 2A to 6A..",CORRECT: Scientifically Accurate Response
RESP-00307,PHY-LIG-LENS-01,LENS_APERTURE_IMAGE,Class 10,Light – Reflection and Refraction,Image Formation by Convex Lens Aperture,"A convex lens forms a sharp image of a candle flame on a screen. If the bottom half of the lens is covered with black cardboard, describe the image on the screen.","The complete image of the entire candle remains intact at the same position, but brightness is halved because all points emit rays to the open upper half.","Looking at the diagram, The bottom half of the flame image completely disappears from the screen..",MISC-OPT-001: Half-Lens Blocking Fallacy,conceptual_misconception,High,Half-lens blocking fallacy.,,True,ray_diagram,Convex lens with candle at 2F. Lower half covered with black card. Rays pass through top half to screen.,ConvexLens | BlackCard(lower_half) | Object(Candle) | Screen,"[""draw_convex_lens()"", ""draw_cover(lower_half=True)"", ""draw_rays_from_object_through_top_half()""]",curated_per_literature,train,"A convex lens forms a sharp image of a candle flame on a screen. If the bottom half of the lens is covered with black cardboard, describe the image on the screen.","Looking at the diagram, The bottom half of the flame image completely disappears from the screen..","The complete image of the entire candle remains intact at the same position, but brightness is halved because all points emit rays to the open upper half.","Topic: Image Formation by Convex Lens Aperture | Question: A convex lens forms a sharp image of a candle flame on a screen. If the bottom half of the lens is covered with black cardboard, describe the image on the screen. | Student Response: Looking at the diagram, The bottom half of the flame image completely disappears from the screen..",MISC-OPT-001: Half-Lens Blocking Fallacy
RESP-00308,PHY-LIG-LENS-01,LENS_APERTURE_IMAGE,Class 10,Light – Reflection and Refraction,Image Formation by Convex Lens Aperture,"A convex lens forms a sharp image of a candle flame on a screen. If the bottom half of the lens is covered with black cardboard, describe the image on the screen.","The complete image of the entire candle remains intact at the same position, but brightness is halved because all points emit rays to the open upper half.",My answer is: The bottom half of the flame image completely disappears from the screen..,MISC-OPT-001: Half-Lens Blocking Fallacy,conceptual_misconception,High,Half-lens blocking fallacy.,,True,ray_diagram,Convex lens with candle at 2F. Lower half covered with black card. Rays pass through top half to screen.,ConvexLens | BlackCard(lower_half) | Object(Candle) | Screen,"[""draw_convex_lens()"", ""draw_cover(lower_half=True)"", ""draw_rays_from_object_through_top_half()""]",curated_per_literature,train,"A convex lens forms a sharp image of a candle flame on a screen. If the bottom half of the lens is covered with black cardboard, describe the image on the screen.",My answer is: The bottom half of the flame image completely disappears from the screen..,"The complete image of the entire candle remains intact at the same position, but brightness is halved because all points emit rays to the open upper half.","Topic: Image Formation by Convex Lens Aperture | Question: A convex lens forms a sharp image of a candle flame on a screen. If the bottom half of the lens is covered with black cardboard, describe the image on the screen. | Student Response: My answer is: The bottom half of the flame image completely disappears from the screen..",MISC-OPT-001: Half-Lens Blocking Fallacy
RESP-00309,PHY-LIG-LENS-01,LENS_APERTURE_IMAGE,Class 10,Light – Reflection and Refraction,Image Formation by Convex Lens Aperture,"A convex lens forms a sharp image of a candle flame on a screen. If the bottom half of the lens is covered with black cardboard, describe the image on the screen.","The complete image of the entire candle remains intact at the same position, but brightness is halved because all points emit rays to the open upper half.","Based on physical laws, The bottom half of the flame image completely disappears from the screen..",MISC-OPT-001: Half-Lens Blocking Fallacy,conceptual_misconception,High,Half-lens blocking fallacy.,,True,ray_diagram,Convex lens with candle at 2F. Lower half covered with black card. Rays pass through top half to screen.,ConvexLens | BlackCard(lower_half) | Object(Candle) | Screen,"[""draw_convex_lens()"", ""draw_cover(lower_half=True)"", ""draw_rays_from_object_through_top_half()""]",curated_per_literature,train,"A convex lens forms a sharp image of a candle flame on a screen. If the bottom half of the lens is covered with black cardboard, describe the image on the screen.","Based on physical laws, The bottom half of the flame image completely disappears from the screen..","The complete image of the entire candle remains intact at the same position, but brightness is halved because all points emit rays to the open upper half.","Topic: Image Formation by Convex Lens Aperture | Question: A convex lens forms a sharp image of a candle flame on a screen. If the bottom half of the lens is covered with black cardboard, describe the image on the screen. | Student Response: Based on physical laws, The bottom half of the flame image completely disappears from the screen..",MISC-OPT-001: Half-Lens Blocking Fallacy
RESP-00310,PHY-LIG-LENS-01,LENS_APERTURE_IMAGE,Class 10,Light – Reflection and Refraction,Image Formation by Convex Lens Aperture,"A convex lens forms a sharp image of a candle flame on a screen. If the bottom half of the lens is covered with black cardboard, describe the image on the screen.","The complete image of the entire candle remains intact at the same position, but brightness is halved because all points emit rays to the open upper half.","According to my working, The bottom half of the flame image completely disappears from the screen.",MISC-OPT-001: Half-Lens Blocking Fallacy,conceptual_misconception,High,Half-lens blocking fallacy.,,True,ray_diagram,Convex lens with candle at 2F. Lower half covered with black card. Rays pass through top half to screen.,ConvexLens | BlackCard(lower_half) | Object(Candle) | Screen,"[""draw_convex_lens()"", ""draw_cover(lower_half=True)"", ""draw_rays_from_object_through_top_half()""]",curated_per_literature,train,"A convex lens forms a sharp image of a candle flame on a screen. If the bottom half of the lens is covered with black cardboard, describe the image on the screen.","According to my working, The bottom half of the flame image completely disappears from the screen.","The complete image of the entire candle remains intact at the same position, but brightness is halved because all points emit rays to the open upper half.","Topic: Image Formation by Convex Lens Aperture | Question: A convex lens forms a sharp image of a candle flame on a screen. If the bottom half of the lens is covered with black cardboard, describe the image on the screen. | Student Response: According to my working, The bottom half of the flame image completely disappears from the screen.",MISC-OPT-001: Half-Lens Blocking Fallacy
RESP-00311,PHY-LIG-LENS-01,LENS_APERTURE_IMAGE,Class 10,Light – Reflection and Refraction,Image Formation by Convex Lens Aperture,"A convex lens forms a sharp image of a candle flame on a screen. If the bottom half of the lens is covered with black cardboard, describe the image on the screen.","The complete image of the entire candle remains intact at the same position, but brightness is halved because all points emit rays to the open upper half.","Looking at the diagram, The bottom half of the flame image completely disappears from the screen..",MISC-OPT-001: Half-Lens Blocking Fallacy,conceptual_misconception,High,Half-lens blocking fallacy.,,True,ray_diagram,Convex lens with candle at 2F. Lower half covered with black card. Rays pass through top half to screen.,ConvexLens | BlackCard(lower_half) | Object(Candle) | Screen,"[""draw_convex_lens()"", ""draw_cover(lower_half=True)"", ""draw_rays_from_object_through_top_half()""]",curated_per_literature,train,"A convex lens forms a sharp image of a candle flame on a screen. If the bottom half of the lens is covered with black cardboard, describe the image on the screen.","Looking at the diagram, The bottom half of the flame image completely disappears from the screen..","The complete image of the entire candle remains intact at the same position, but brightness is halved because all points emit rays to the open upper half.","Topic: Image Formation by Convex Lens Aperture | Question: A convex lens forms a sharp image of a candle flame on a screen. If the bottom half of the lens is covered with black cardboard, describe the image on the screen. | Student Response: Looking at the diagram, The bottom half of the flame image completely disappears from the screen..",MISC-OPT-001: Half-Lens Blocking Fallacy
RESP-00312,PHY-LIG-LENS-01,LENS_APERTURE_IMAGE,Class 10,Light – Reflection and Refraction,Image Formation by Convex Lens Aperture,"A convex lens forms a sharp image of a candle flame on a screen. If the bottom half of the lens is covered with black cardboard, describe the image on the screen.","The complete image of the entire candle remains intact at the same position, but brightness is halved because all points emit rays to the open upper half.",The top half disappears because real images are inverted.,MISC-OPT-001: Half-Lens Blocking Fallacy,conceptual_misconception,High,Inverted stencil projection.,,True,ray_diagram,Convex lens with candle at 2F. Lower half covered with black card. Rays pass through top half to screen.,ConvexLens | BlackCard(lower_half) | Object(Candle) | Screen,"[""draw_convex_lens()"", ""draw_cover(lower_half=True)"", ""draw_rays_from_object_through_top_half()""]",curated_per_literature,train,"A convex lens forms a sharp image of a candle flame on a screen. If the bottom half of the lens is covered with black cardboard, describe the image on the screen.",The top half disappears because real images are inverted.,"The complete image of the entire candle remains intact at the same position, but brightness is halved because all points emit rays to the open upper half.","Topic: Image Formation by Convex Lens Aperture | Question: A convex lens forms a sharp image of a candle flame on a screen. If the bottom half of the lens is covered with black cardboard, describe the image on the screen. | Student Response: The top half disappears because real images are inverted.",MISC-OPT-001: Half-Lens Blocking Fallacy
RESP-00313,PHY-LIG-LENS-01,LENS_APERTURE_IMAGE,Class 10,Light – Reflection and Refraction,Image Formation by Convex Lens Aperture,"A convex lens forms a sharp image of a candle flame on a screen. If the bottom half of the lens is covered with black cardboard, describe the image on the screen.","The complete image of the entire candle remains intact at the same position, but brightness is halved because all points emit rays to the open upper half.","From the formula, The top half disappears because real images are inverted. as calculated.",MISC-OPT-001: Half-Lens Blocking Fallacy,conceptual_misconception,High,Inverted stencil projection.,,True,ray_diagram,Convex lens with candle at 2F. Lower half covered with black card. Rays pass through top half to screen.,ConvexLens | BlackCard(lower_half) | Object(Candle) | Screen,"[""draw_convex_lens()"", ""draw_cover(lower_half=True)"", ""draw_rays_from_object_through_top_half()""]",curated_per_literature,train,"A convex lens forms a sharp image of a candle flame on a screen. If the bottom half of the lens is covered with black cardboard, describe the image on the screen.","From the formula, The top half disappears because real images are inverted. as calculated.","The complete image of the entire candle remains intact at the same position, but brightness is halved because all points emit rays to the open upper half.","Topic: Image Formation by Convex Lens Aperture | Question: A convex lens forms a sharp image of a candle flame on a screen. If the bottom half of the lens is covered with black cardboard, describe the image on the screen. | Student Response: From the formula, The top half disappears because real images are inverted. as calculated.",MISC-OPT-001: Half-Lens Blocking Fallacy
RESP-00314,PHY-LIG-LENS-01,LENS_APERTURE_IMAGE,Class 10,Light – Reflection and Refraction,Image Formation by Convex Lens Aperture,"A convex lens forms a sharp image of a candle flame on a screen. If the bottom half of the lens is covered with black cardboard, describe the image on the screen.","The complete image of the entire candle remains intact at the same position, but brightness is halved because all points emit rays to the open upper half.",Step 1: calculate values. The top half disappears because real images are inverted. That is the answer.,MISC-OPT-001: Half-Lens Blocking Fallacy,conceptual_misconception,High,Inverted stencil projection.,,True,ray_diagram,Convex lens with candle at 2F. Lower half covered with black card. Rays pass through top half to screen.,ConvexLens | BlackCard(lower_half) | Object(Candle) | Screen,"[""draw_convex_lens()"", ""draw_cover(lower_half=True)"", ""draw_rays_from_object_through_top_half()""]",curated_per_literature,train,"A convex lens forms a sharp image of a candle flame on a screen. If the bottom half of the lens is covered with black cardboard, describe the image on the screen.",Step 1: calculate values. The top half disappears because real images are inverted. That is the answer.,"The complete image of the entire candle remains intact at the same position, but brightness is halved because all points emit rays to the open upper half.","Topic: Image Formation by Convex Lens Aperture | Question: A convex lens forms a sharp image of a candle flame on a screen. If the bottom half of the lens is covered with black cardboard, describe the image on the screen. | Student Response: Step 1: calculate values. The top half disappears because real images are inverted. That is the answer.",MISC-OPT-001: Half-Lens Blocking Fallacy
RESP-00315,PHY-LIG-LENS-01,LENS_APERTURE_IMAGE,Class 10,Light – Reflection and Refraction,Image Formation by Convex Lens Aperture,"A convex lens forms a sharp image of a candle flame on a screen. If the bottom half of the lens is covered with black cardboard, describe the image on the screen.","The complete image of the entire candle remains intact at the same position, but brightness is halved because all points emit rays to the open upper half.",In class we learned that The top half disappears because real images are inverted..,MISC-OPT-001: Half-Lens Blocking Fallacy,conceptual_misconception,High,Inverted stencil projection.,,True,ray_diagram,Convex lens with candle at 2F. Lower half covered with black card. Rays pass through top half to screen.,ConvexLens | BlackCard(lower_half) | Object(Candle) | Screen,"[""draw_convex_lens()"", ""draw_cover(lower_half=True)"", ""draw_rays_from_object_through_top_half()""]",curated_per_literature,train,"A convex lens forms a sharp image of a candle flame on a screen. If the bottom half of the lens is covered with black cardboard, describe the image on the screen.",In class we learned that The top half disappears because real images are inverted..,"The complete image of the entire candle remains intact at the same position, but brightness is halved because all points emit rays to the open upper half.","Topic: Image Formation by Convex Lens Aperture | Question: A convex lens forms a sharp image of a candle flame on a screen. If the bottom half of the lens is covered with black cardboard, describe the image on the screen. | Student Response: In class we learned that The top half disappears because real images are inverted..",MISC-OPT-001: Half-Lens Blocking Fallacy
RESP-00316,PHY-LIG-LENS-01,LENS_APERTURE_IMAGE,Class 10,Light – Reflection and Refraction,Image Formation by Convex Lens Aperture,"A convex lens forms a sharp image of a candle flame on a screen. If the bottom half of the lens is covered with black cardboard, describe the image on the screen.","The complete image of the entire candle remains intact at the same position, but brightness is halved because all points emit rays to the open upper half.",The top half disappears because real images are inverted.,MISC-OPT-001: Half-Lens Blocking Fallacy,conceptual_misconception,High,Inverted stencil projection.,,True,ray_diagram,Convex lens with candle at 2F. Lower half covered with black card. Rays pass through top half to screen.,ConvexLens | BlackCard(lower_half) | Object(Candle) | Screen,"[""draw_convex_lens()"", ""draw_cover(lower_half=True)"", ""draw_rays_from_object_through_top_half()""]",curated_per_literature,train,"A convex lens forms a sharp image of a candle flame on a screen. If the bottom half of the lens is covered with black cardboard, describe the image on the screen.",The top half disappears because real images are inverted.,"The complete image of the entire candle remains intact at the same position, but brightness is halved because all points emit rays to the open upper half.","Topic: Image Formation by Convex Lens Aperture | Question: A convex lens forms a sharp image of a candle flame on a screen. If the bottom half of the lens is covered with black cardboard, describe the image on the screen. | Student Response: The top half disappears because real images are inverted.",MISC-OPT-001: Half-Lens Blocking Fallacy
RESP-00317,PHY-LIG-LENS-01,LENS_APERTURE_IMAGE,Class 10,Light – Reflection and Refraction,Image Formation by Convex Lens Aperture,"A convex lens forms a sharp image of a candle flame on a screen. If the bottom half of the lens is covered with black cardboard, describe the image on the screen.","The complete image of the entire candle remains intact at the same position, but brightness is halved because all points emit rays to the open upper half.","My answer is: The full image remains intact in the same spot, but brightness is reduced by half..",CORRECT: Scientifically Accurate Response,no_error,High,Correct aperture wave/ray understanding.,,True,ray_diagram,Convex lens with candle at 2F. Lower half covered with black card. Rays pass through top half to screen.,ConvexLens | BlackCard(lower_half) | Object(Candle) | Screen,"[""draw_convex_lens()"", ""draw_cover(lower_half=True)"", ""draw_rays_from_object_through_top_half()""]",authored_clean_sample,train,"A convex lens forms a sharp image of a candle flame on a screen. If the bottom half of the lens is covered with black cardboard, describe the image on the screen.","My answer is: The full image remains intact in the same spot, but brightness is reduced by half..","The complete image of the entire candle remains intact at the same position, but brightness is halved because all points emit rays to the open upper half.","Topic: Image Formation by Convex Lens Aperture | Question: A convex lens forms a sharp image of a candle flame on a screen. If the bottom half of the lens is covered with black cardboard, describe the image on the screen. | Student Response: My answer is: The full image remains intact in the same spot, but brightness is reduced by half..",CORRECT: Scientifically Accurate Response
RESP-00318,PHY-LIG-LENS-01,LENS_APERTURE_IMAGE,Class 10,Light – Reflection and Refraction,Image Formation by Convex Lens Aperture,"A convex lens forms a sharp image of a candle flame on a screen. If the bottom half of the lens is covered with black cardboard, describe the image on the screen.","The complete image of the entire candle remains intact at the same position, but brightness is halved because all points emit rays to the open upper half.","Based on physical laws, The full image remains intact in the same spot, but brightness is reduced by half..",CORRECT: Scientifically Accurate Response,no_error,High,Correct aperture wave/ray understanding.,,True,ray_diagram,Convex lens with candle at 2F. Lower half covered with black card. Rays pass through top half to screen.,ConvexLens | BlackCard(lower_half) | Object(Candle) | Screen,"[""draw_convex_lens()"", ""draw_cover(lower_half=True)"", ""draw_rays_from_object_through_top_half()""]",authored_clean_sample,train,"A convex lens forms a sharp image of a candle flame on a screen. If the bottom half of the lens is covered with black cardboard, describe the image on the screen.","Based on physical laws, The full image remains intact in the same spot, but brightness is reduced by half..","The complete image of the entire candle remains intact at the same position, but brightness is halved because all points emit rays to the open upper half.","Topic: Image Formation by Convex Lens Aperture | Question: A convex lens forms a sharp image of a candle flame on a screen. If the bottom half of the lens is covered with black cardboard, describe the image on the screen. | Student Response: Based on physical laws, The full image remains intact in the same spot, but brightness is reduced by half..",CORRECT: Scientifically Accurate Response
RESP-00319,PHY-LIG-LENS-01,LENS_APERTURE_IMAGE,Class 10,Light – Reflection and Refraction,Image Formation by Convex Lens Aperture,"A convex lens forms a sharp image of a candle flame on a screen. If the bottom half of the lens is covered with black cardboard, describe the image on the screen.","The complete image of the entire candle remains intact at the same position, but brightness is halved because all points emit rays to the open upper half.","According to my working, The full image remains intact in the same spot, but brightness is reduced by half.",CORRECT: Scientifically Accurate Response,no_error,High,Correct aperture wave/ray understanding.,,True,ray_diagram,Convex lens with candle at 2F. Lower half covered with black card. Rays pass through top half to screen.,ConvexLens | BlackCard(lower_half) | Object(Candle) | Screen,"[""draw_convex_lens()"", ""draw_cover(lower_half=True)"", ""draw_rays_from_object_through_top_half()""]",authored_clean_sample,train,"A convex lens forms a sharp image of a candle flame on a screen. If the bottom half of the lens is covered with black cardboard, describe the image on the screen.","According to my working, The full image remains intact in the same spot, but brightness is reduced by half.","The complete image of the entire candle remains intact at the same position, but brightness is halved because all points emit rays to the open upper half.","Topic: Image Formation by Convex Lens Aperture | Question: A convex lens forms a sharp image of a candle flame on a screen. If the bottom half of the lens is covered with black cardboard, describe the image on the screen. | Student Response: According to my working, The full image remains intact in the same spot, but brightness is reduced by half.",CORRECT: Scientifically Accurate Response
RESP-00320,PHY-LIG-LENS-01,LENS_APERTURE_IMAGE,Class 10,Light – Reflection and Refraction,Image Formation by Convex Lens Aperture,"A convex lens forms a sharp image of a candle flame on a screen. If the bottom half of the lens is covered with black cardboard, describe the image on the screen.","The complete image of the entire candle remains intact at the same position, but brightness is halved because all points emit rays to the open upper half.","Looking at the diagram, The full image remains intact in the same spot, but brightness is reduced by half..",CORRECT: Scientifically Accurate Response,no_error,High,Correct aperture wave/ray understanding.,,True,ray_diagram,Convex lens with candle at 2F. Lower half covered with black card. Rays pass through top half to screen.,ConvexLens | BlackCard(lower_half) | Object(Candle) | Screen,"[""draw_convex_lens()"", ""draw_cover(lower_half=True)"", ""draw_rays_from_object_through_top_half()""]",authored_clean_sample,train,"A convex lens forms a sharp image of a candle flame on a screen. If the bottom half of the lens is covered with black cardboard, describe the image on the screen.","Looking at the diagram, The full image remains intact in the same spot, but brightness is reduced by half..","The complete image of the entire candle remains intact at the same position, but brightness is halved because all points emit rays to the open upper half.","Topic: Image Formation by Convex Lens Aperture | Question: A convex lens forms a sharp image of a candle flame on a screen. If the bottom half of the lens is covered with black cardboard, describe the image on the screen. | Student Response: Looking at the diagram, The full image remains intact in the same spot, but brightness is reduced by half..",CORRECT: Scientifically Accurate Response
RESP-00321,PHY-LIG-LENS-01,LENS_APERTURE_IMAGE,Class 10,Light – Reflection and Refraction,Image Formation by Convex Lens Aperture,"A convex lens forms a sharp image of a candle flame on a screen. If the bottom half of the lens is covered with black cardboard, describe the image on the screen.","The complete image of the entire candle remains intact at the same position, but brightness is halved because all points emit rays to the open upper half.","My answer is: The full image remains intact in the same spot, but brightness is reduced by half..",CORRECT: Scientifically Accurate Response,no_error,High,Correct aperture wave/ray understanding.,,True,ray_diagram,Convex lens with candle at 2F. Lower half covered with black card. Rays pass through top half to screen.,ConvexLens | BlackCard(lower_half) | Object(Candle) | Screen,"[""draw_convex_lens()"", ""draw_cover(lower_half=True)"", ""draw_rays_from_object_through_top_half()""]",authored_clean_sample,test,"A convex lens forms a sharp image of a candle flame on a screen. If the bottom half of the lens is covered with black cardboard, describe the image on the screen.","My answer is: The full image remains intact in the same spot, but brightness is reduced by half..","The complete image of the entire candle remains intact at the same position, but brightness is halved because all points emit rays to the open upper half.","Topic: Image Formation by Convex Lens Aperture | Question: A convex lens forms a sharp image of a candle flame on a screen. If the bottom half of the lens is covered with black cardboard, describe the image on the screen. | Student Response: My answer is: The full image remains intact in the same spot, but brightness is reduced by half..",CORRECT: Scientifically Accurate Response
RESP-00322,PHY-LIG-LENS-02,LENS_APERTURE_IMAGE,Class 10,Light – Reflection and Refraction,Image Formation by Convex Lens Aperture,Does covering half of a camera lens cut off half of the photograph?,"The complete image of the entire candle remains intact at the same position, but brightness is halved because all points emit rays to the open upper half.","From the formula, The bottom half of the flame image completely disappears from the screen. as calculated.",MISC-OPT-001: Half-Lens Blocking Fallacy,conceptual_misconception,High,Half-lens blocking fallacy.,,True,ray_diagram,Convex lens with candle at 2F. Lower half covered with black card. Rays pass through top half to screen.,ConvexLens | BlackCard(lower_half) | Object(Candle) | Screen,"[""draw_convex_lens()"", ""draw_cover(lower_half=True)"", ""draw_rays_from_object_through_top_half()""]",curated_per_literature,test,Does covering half of a camera lens cut off half of the photograph?,"From the formula, The bottom half of the flame image completely disappears from the screen. as calculated.","The complete image of the entire candle remains intact at the same position, but brightness is halved because all points emit rays to the open upper half.","Topic: Image Formation by Convex Lens Aperture | Question: Does covering half of a camera lens cut off half of the photograph? | Student Response: From the formula, The bottom half of the flame image completely disappears from the screen. as calculated.",MISC-OPT-001: Half-Lens Blocking Fallacy
RESP-00323,PHY-LIG-LENS-02,LENS_APERTURE_IMAGE,Class 10,Light – Reflection and Refraction,Image Formation by Convex Lens Aperture,Does covering half of a camera lens cut off half of the photograph?,"The complete image of the entire candle remains intact at the same position, but brightness is halved because all points emit rays to the open upper half.",Step 1: calculate values. The bottom half of the flame image completely disappears from the screen. That is the answer.,MISC-OPT-001: Half-Lens Blocking Fallacy,conceptual_misconception,High,Half-lens blocking fallacy.,,True,ray_diagram,Convex lens with candle at 2F. Lower half covered with black card. Rays pass through top half to screen.,ConvexLens | BlackCard(lower_half) | Object(Candle) | Screen,"[""draw_convex_lens()"", ""draw_cover(lower_half=True)"", ""draw_rays_from_object_through_top_half()""]",curated_per_literature,test,Does covering half of a camera lens cut off half of the photograph?,Step 1: calculate values. The bottom half of the flame image completely disappears from the screen. That is the answer.,"The complete image of the entire candle remains intact at the same position, but brightness is halved because all points emit rays to the open upper half.",Topic: Image Formation by Convex Lens Aperture | Question: Does covering half of a camera lens cut off half of the photograph? | Student Response: Step 1: calculate values. The bottom half of the flame image completely disappears from the screen. That is the answer.,MISC-OPT-001: Half-Lens Blocking Fallacy
RESP-00324,PHY-LIG-LENS-02,LENS_APERTURE_IMAGE,Class 10,Light – Reflection and Refraction,Image Formation by Convex Lens Aperture,Does covering half of a camera lens cut off half of the photograph?,"The complete image of the entire candle remains intact at the same position, but brightness is halved because all points emit rays to the open upper half.",In class we learned that The bottom half of the flame image completely disappears from the screen..,MISC-OPT-001: Half-Lens Blocking Fallacy,conceptual_misconception,High,Half-lens blocking fallacy.,,True,ray_diagram,Convex lens with candle at 2F. Lower half covered with black card. Rays pass through top half to screen.,ConvexLens | BlackCard(lower_half) | Object(Candle) | Screen,"[""draw_convex_lens()"", ""draw_cover(lower_half=True)"", ""draw_rays_from_object_through_top_half()""]",curated_per_literature,val,Does covering half of a camera lens cut off half of the photograph?,In class we learned that The bottom half of the flame image completely disappears from the screen..,"The complete image of the entire candle remains intact at the same position, but brightness is halved because all points emit rays to the open upper half.",Topic: Image Formation by Convex Lens Aperture | Question: Does covering half of a camera lens cut off half of the photograph? | Student Response: In class we learned that The bottom half of the flame image completely disappears from the screen..,MISC-OPT-001: Half-Lens Blocking Fallacy
RESP-00325,PHY-LIG-LENS-02,LENS_APERTURE_IMAGE,Class 10,Light – Reflection and Refraction,Image Formation by Convex Lens Aperture,Does covering half of a camera lens cut off half of the photograph?,"The complete image of the entire candle remains intact at the same position, but brightness is halved because all points emit rays to the open upper half.",The bottom half of the flame image completely disappears from the screen.,MISC-OPT-001: Half-Lens Blocking Fallacy,conceptual_misconception,High,Half-lens blocking fallacy.,,True,ray_diagram,Convex lens with candle at 2F. Lower half covered with black card. Rays pass through top half to screen.,ConvexLens | BlackCard(lower_half) | Object(Candle) | Screen,"[""draw_convex_lens()"", ""draw_cover(lower_half=True)"", ""draw_rays_from_object_through_top_half()""]",curated_per_literature,val,Does covering half of a camera lens cut off half of the photograph?,The bottom half of the flame image completely disappears from the screen.,"The complete image of the entire candle remains intact at the same position, but brightness is halved because all points emit rays to the open upper half.",Topic: Image Formation by Convex Lens Aperture | Question: Does covering half of a camera lens cut off half of the photograph? | Student Response: The bottom half of the flame image completely disappears from the screen.,MISC-OPT-001: Half-Lens Blocking Fallacy
RESP-00326,PHY-LIG-LENS-02,LENS_APERTURE_IMAGE,Class 10,Light – Reflection and Refraction,Image Formation by Convex Lens Aperture,Does covering half of a camera lens cut off half of the photograph?,"The complete image of the entire candle remains intact at the same position, but brightness is halved because all points emit rays to the open upper half.","From the formula, The bottom half of the flame image completely disappears from the screen. as calculated.",MISC-OPT-001: Half-Lens Blocking Fallacy,conceptual_misconception,High,Half-lens blocking fallacy.,,True,ray_diagram,Convex lens with candle at 2F. Lower half covered with black card. Rays pass through top half to screen.,ConvexLens | BlackCard(lower_half) | Object(Candle) | Screen,"[""draw_convex_lens()"", ""draw_cover(lower_half=True)"", ""draw_rays_from_object_through_top_half()""]",curated_per_literature,val,Does covering half of a camera lens cut off half of the photograph?,"From the formula, The bottom half of the flame image completely disappears from the screen. as calculated.","The complete image of the entire candle remains intact at the same position, but brightness is halved because all points emit rays to the open upper half.","Topic: Image Formation by Convex Lens Aperture | Question: Does covering half of a camera lens cut off half of the photograph? | Student Response: From the formula, The bottom half of the flame image completely disappears from the screen. as calculated.",MISC-OPT-001: Half-Lens Blocking Fallacy
RESP-00327,PHY-LIG-LENS-02,LENS_APERTURE_IMAGE,Class 10,Light – Reflection and Refraction,Image Formation by Convex Lens Aperture,Does covering half of a camera lens cut off half of the photograph?,"The complete image of the entire candle remains intact at the same position, but brightness is halved because all points emit rays to the open upper half.","Based on physical laws, The top half disappears because real images are inverted..",MISC-OPT-001: Half-Lens Blocking Fallacy,conceptual_misconception,High,Inverted stencil projection.,,True,ray_diagram,Convex lens with candle at 2F. Lower half covered with black card. Rays pass through top half to screen.,ConvexLens | BlackCard(lower_half) | Object(Candle) | Screen,"[""draw_convex_lens()"", ""draw_cover(lower_half=True)"", ""draw_rays_from_object_through_top_half()""]",curated_per_literature,train,Does covering half of a camera lens cut off half of the photograph?,"Based on physical laws, The top half disappears because real images are inverted..","The complete image of the entire candle remains intact at the same position, but brightness is halved because all points emit rays to the open upper half.","Topic: Image Formation by Convex Lens Aperture | Question: Does covering half of a camera lens cut off half of the photograph? | Student Response: Based on physical laws, The top half disappears because real images are inverted..",MISC-OPT-001: Half-Lens Blocking Fallacy
RESP-00328,PHY-LIG-LENS-02,LENS_APERTURE_IMAGE,Class 10,Light – Reflection and Refraction,Image Formation by Convex Lens Aperture,Does covering half of a camera lens cut off half of the photograph?,"The complete image of the entire candle remains intact at the same position, but brightness is halved because all points emit rays to the open upper half.","According to my working, The top half disappears because real images are inverted.",MISC-OPT-001: Half-Lens Blocking Fallacy,conceptual_misconception,High,Inverted stencil projection.,,True,ray_diagram,Convex lens with candle at 2F. Lower half covered with black card. Rays pass through top half to screen.,ConvexLens | BlackCard(lower_half) | Object(Candle) | Screen,"[""draw_convex_lens()"", ""draw_cover(lower_half=True)"", ""draw_rays_from_object_through_top_half()""]",curated_per_literature,train,Does covering half of a camera lens cut off half of the photograph?,"According to my working, The top half disappears because real images are inverted.","The complete image of the entire candle remains intact at the same position, but brightness is halved because all points emit rays to the open upper half.","Topic: Image Formation by Convex Lens Aperture | Question: Does covering half of a camera lens cut off half of the photograph? | Student Response: According to my working, The top half disappears because real images are inverted.",MISC-OPT-001: Half-Lens Blocking Fallacy
RESP-00329,PHY-LIG-LENS-02,LENS_APERTURE_IMAGE,Class 10,Light – Reflection and Refraction,Image Formation by Convex Lens Aperture,Does covering half of a camera lens cut off half of the photograph?,"The complete image of the entire candle remains intact at the same position, but brightness is halved because all points emit rays to the open upper half.","Looking at the diagram, The top half disappears because real images are inverted..",MISC-OPT-001: Half-Lens Blocking Fallacy,conceptual_misconception,High,Inverted stencil projection.,,True,ray_diagram,Convex lens with candle at 2F. Lower half covered with black card. Rays pass through top half to screen.,ConvexLens | BlackCard(lower_half) | Object(Candle) | Screen,"[""draw_convex_lens()"", ""draw_cover(lower_half=True)"", ""draw_rays_from_object_through_top_half()""]",curated_per_literature,train,Does covering half of a camera lens cut off half of the photograph?,"Looking at the diagram, The top half disappears because real images are inverted..","The complete image of the entire candle remains intact at the same position, but brightness is halved because all points emit rays to the open upper half.","Topic: Image Formation by Convex Lens Aperture | Question: Does covering half of a camera lens cut off half of the photograph? | Student Response: Looking at the diagram, The top half disappears because real images are inverted..",MISC-OPT-001: Half-Lens Blocking Fallacy
RESP-00330,PHY-LIG-LENS-02,LENS_APERTURE_IMAGE,Class 10,Light – Reflection and Refraction,Image Formation by Convex Lens Aperture,Does covering half of a camera lens cut off half of the photograph?,"The complete image of the entire candle remains intact at the same position, but brightness is halved because all points emit rays to the open upper half.",My answer is: The top half disappears because real images are inverted..,MISC-OPT-001: Half-Lens Blocking Fallacy,conceptual_misconception,High,Inverted stencil projection.,,True,ray_diagram,Convex lens with candle at 2F. Lower half covered with black card. Rays pass through top half to screen.,ConvexLens | BlackCard(lower_half) | Object(Candle) | Screen,"[""draw_convex_lens()"", ""draw_cover(lower_half=True)"", ""draw_rays_from_object_through_top_half()""]",curated_per_literature,train,Does covering half of a camera lens cut off half of the photograph?,My answer is: The top half disappears because real images are inverted..,"The complete image of the entire candle remains intact at the same position, but brightness is halved because all points emit rays to the open upper half.",Topic: Image Formation by Convex Lens Aperture | Question: Does covering half of a camera lens cut off half of the photograph? | Student Response: My answer is: The top half disappears because real images are inverted..,MISC-OPT-001: Half-Lens Blocking Fallacy
RESP-00331,PHY-LIG-LENS-02,LENS_APERTURE_IMAGE,Class 10,Light – Reflection and Refraction,Image Formation by Convex Lens Aperture,Does covering half of a camera lens cut off half of the photograph?,"The complete image of the entire candle remains intact at the same position, but brightness is halved because all points emit rays to the open upper half.","Based on physical laws, The top half disappears because real images are inverted..",MISC-OPT-001: Half-Lens Blocking Fallacy,conceptual_misconception,High,Inverted stencil projection.,,True,ray_diagram,Convex lens with candle at 2F. Lower half covered with black card. Rays pass through top half to screen.,ConvexLens | BlackCard(lower_half) | Object(Candle) | Screen,"[""draw_convex_lens()"", ""draw_cover(lower_half=True)"", ""draw_rays_from_object_through_top_half()""]",curated_per_literature,train,Does covering half of a camera lens cut off half of the photograph?,"Based on physical laws, The top half disappears because real images are inverted..","The complete image of the entire candle remains intact at the same position, but brightness is halved because all points emit rays to the open upper half.","Topic: Image Formation by Convex Lens Aperture | Question: Does covering half of a camera lens cut off half of the photograph? | Student Response: Based on physical laws, The top half disappears because real images are inverted..",MISC-OPT-001: Half-Lens Blocking Fallacy
RESP-00332,PHY-LIG-LENS-02,LENS_APERTURE_IMAGE,Class 10,Light – Reflection and Refraction,Image Formation by Convex Lens Aperture,Does covering half of a camera lens cut off half of the photograph?,"The complete image of the entire candle remains intact at the same position, but brightness is halved because all points emit rays to the open upper half.","Step 1: calculate values. The full image remains intact in the same spot, but brightness is reduced by half. That is the answer.",CORRECT: Scientifically Accurate Response,no_error,High,Correct aperture wave/ray understanding.,,True,ray_diagram,Convex lens with candle at 2F. Lower half covered with black card. Rays pass through top half to screen.,ConvexLens | BlackCard(lower_half) | Object(Candle) | Screen,"[""draw_convex_lens()"", ""draw_cover(lower_half=True)"", ""draw_rays_from_object_through_top_half()""]",authored_clean_sample,train,Does covering half of a camera lens cut off half of the photograph?,"Step 1: calculate values. The full image remains intact in the same spot, but brightness is reduced by half. That is the answer.","The complete image of the entire candle remains intact at the same position, but brightness is halved because all points emit rays to the open upper half.","Topic: Image Formation by Convex Lens Aperture | Question: Does covering half of a camera lens cut off half of the photograph? | Student Response: Step 1: calculate values. The full image remains intact in the same spot, but brightness is reduced by half. That is the answer.",CORRECT: Scientifically Accurate Response
RESP-00333,PHY-LIG-LENS-02,LENS_APERTURE_IMAGE,Class 10,Light – Reflection and Refraction,Image Formation by Convex Lens Aperture,Does covering half of a camera lens cut off half of the photograph?,"The complete image of the entire candle remains intact at the same position, but brightness is halved because all points emit rays to the open upper half.","In class we learned that The full image remains intact in the same spot, but brightness is reduced by half..",CORRECT: Scientifically Accurate Response,no_error,High,Correct aperture wave/ray understanding.,,True,ray_diagram,Convex lens with candle at 2F. Lower half covered with black card. Rays pass through top half to screen.,ConvexLens | BlackCard(lower_half) | Object(Candle) | Screen,"[""draw_convex_lens()"", ""draw_cover(lower_half=True)"", ""draw_rays_from_object_through_top_half()""]",authored_clean_sample,train,Does covering half of a camera lens cut off half of the photograph?,"In class we learned that The full image remains intact in the same spot, but brightness is reduced by half..","The complete image of the entire candle remains intact at the same position, but brightness is halved because all points emit rays to the open upper half.","Topic: Image Formation by Convex Lens Aperture | Question: Does covering half of a camera lens cut off half of the photograph? | Student Response: In class we learned that The full image remains intact in the same spot, but brightness is reduced by half..",CORRECT: Scientifically Accurate Response
RESP-00334,PHY-LIG-LENS-02,LENS_APERTURE_IMAGE,Class 10,Light – Reflection and Refraction,Image Formation by Convex Lens Aperture,Does covering half of a camera lens cut off half of the photograph?,"The complete image of the entire candle remains intact at the same position, but brightness is halved because all points emit rays to the open upper half.","The full image remains intact in the same spot, but brightness is reduced by half.",CORRECT: Scientifically Accurate Response,no_error,High,Correct aperture wave/ray understanding.,,True,ray_diagram,Convex lens with candle at 2F. Lower half covered with black card. Rays pass through top half to screen.,ConvexLens | BlackCard(lower_half) | Object(Candle) | Screen,"[""draw_convex_lens()"", ""draw_cover(lower_half=True)"", ""draw_rays_from_object_through_top_half()""]",authored_clean_sample,train,Does covering half of a camera lens cut off half of the photograph?,"The full image remains intact in the same spot, but brightness is reduced by half.","The complete image of the entire candle remains intact at the same position, but brightness is halved because all points emit rays to the open upper half.","Topic: Image Formation by Convex Lens Aperture | Question: Does covering half of a camera lens cut off half of the photograph? | Student Response: The full image remains intact in the same spot, but brightness is reduced by half.",CORRECT: Scientifically Accurate Response
RESP-00335,PHY-LIG-LENS-02,LENS_APERTURE_IMAGE,Class 10,Light – Reflection and Refraction,Image Formation by Convex Lens Aperture,Does covering half of a camera lens cut off half of the photograph?,"The complete image of the entire candle remains intact at the same position, but brightness is halved because all points emit rays to the open upper half.","From the formula, The full image remains intact in the same spot, but brightness is reduced by half. as calculated.",CORRECT: Scientifically Accurate Response,no_error,High,Correct aperture wave/ray understanding.,,True,ray_diagram,Convex lens with candle at 2F. Lower half covered with black card. Rays pass through top half to screen.,ConvexLens | BlackCard(lower_half) | Object(Candle) | Screen,"[""draw_convex_lens()"", ""draw_cover(lower_half=True)"", ""draw_rays_from_object_through_top_half()""]",authored_clean_sample,train,Does covering half of a camera lens cut off half of the photograph?,"From the formula, The full image remains intact in the same spot, but brightness is reduced by half. as calculated.","The complete image of the entire candle remains intact at the same position, but brightness is halved because all points emit rays to the open upper half.","Topic: Image Formation by Convex Lens Aperture | Question: Does covering half of a camera lens cut off half of the photograph? | Student Response: From the formula, The full image remains intact in the same spot, but brightness is reduced by half. as calculated.",CORRECT: Scientifically Accurate Response
RESP-00336,PHY-LIG-LENS-02,LENS_APERTURE_IMAGE,Class 10,Light – Reflection and Refraction,Image Formation by Convex Lens Aperture,Does covering half of a camera lens cut off half of the photograph?,"The complete image of the entire candle remains intact at the same position, but brightness is halved because all points emit rays to the open upper half.","Step 1: calculate values. The full image remains intact in the same spot, but brightness is reduced by half. That is the answer.",CORRECT: Scientifically Accurate Response,no_error,High,Correct aperture wave/ray understanding.,,True,ray_diagram,Convex lens with candle at 2F. Lower half covered with black card. Rays pass through top half to screen.,ConvexLens | BlackCard(lower_half) | Object(Candle) | Screen,"[""draw_convex_lens()"", ""draw_cover(lower_half=True)"", ""draw_rays_from_object_through_top_half()""]",authored_clean_sample,train,Does covering half of a camera lens cut off half of the photograph?,"Step 1: calculate values. The full image remains intact in the same spot, but brightness is reduced by half. That is the answer.","The complete image of the entire candle remains intact at the same position, but brightness is halved because all points emit rays to the open upper half.","Topic: Image Formation by Convex Lens Aperture | Question: Does covering half of a camera lens cut off half of the photograph? | Student Response: Step 1: calculate values. The full image remains intact in the same spot, but brightness is reduced by half. That is the answer.",CORRECT: Scientifically Accurate Response
RESP-00337,PHY-LIG-CART-01,CARTESIAN_SIGN_CONVENTION,Class 10,Light – Reflection and Refraction,Cartesian Sign Convention in Mirror Formula,An object is placed 20 cm in front of a concave mirror of focal length 15 cm. Calculate image distance v using Cartesian signs.,"u = -20 cm, f = -15 cm. 1/v = 1/(-15) - 1/(-20) = -1/60 => v = -60 cm. Real and inverted image formed in front of mirror.","According to my working, u = 20, f = 15. 1/15 = 1/v + 1/20 => v = +60 cm, virtual image.",MISC-OPT-004: Cartesian Sign Convention Spatial Inversion,sign_inversion,High,Substituted positive scalar distances.,,True,ray_diagram,"Concave mirror coordinate diagram: Pole P at (0,0), object at u = -20 cm, focus at f = -15 cm.","ConcaveMirror | Pole(0,0) | Object(u=-20) | Focus(f=-15)","[""draw_axes(origin='Pole P')"", ""plot_focus(f=-15)"", ""plot_object(u=-20)"", ""write_equation('1/f = 1/v + 1/u')""]",authored_clean_sample,train,An object is placed 20 cm in front of a concave mirror of focal length 15 cm. Calculate image distance v using Cartesian signs.,"According to my working, u = 20, f = 15. 1/15 = 1/v + 1/20 => v = +60 cm, virtual image.","u = -20 cm, f = -15 cm. 1/v = 1/(-15) - 1/(-20) = -1/60 => v = -60 cm. Real and inverted image formed in front of mirror.","Topic: Cartesian Sign Convention in Mirror Formula | Question: An object is placed 20 cm in front of a concave mirror of focal length 15 cm. Calculate image distance v using Cartesian signs. | Student Response: According to my working, u = 20, f = 15. 1/15 = 1/v + 1/20 => v = +60 cm, virtual image.",MISC-OPT-004: Cartesian Sign Convention Spatial Inversion
RESP-00338,PHY-LIG-CART-01,CARTESIAN_SIGN_CONVENTION,Class 10,Light – Reflection and Refraction,Cartesian Sign Convention in Mirror Formula,An object is placed 20 cm in front of a concave mirror of focal length 15 cm. Calculate image distance v using Cartesian signs.,"u = -20 cm, f = -15 cm. 1/v = 1/(-15) - 1/(-20) = -1/60 => v = -60 cm. Real and inverted image formed in front of mirror.","Looking at the diagram, u = 20, f = 15. 1/15 = 1/v + 1/20 => v = +60 cm, virtual image..",MISC-OPT-004: Cartesian Sign Convention Spatial Inversion,sign_inversion,High,Substituted positive scalar distances.,,True,ray_diagram,"Concave mirror coordinate diagram: Pole P at (0,0), object at u = -20 cm, focus at f = -15 cm.","ConcaveMirror | Pole(0,0) | Object(u=-20) | Focus(f=-15)","[""draw_axes(origin='Pole P')"", ""plot_focus(f=-15)"", ""plot_object(u=-20)"", ""write_equation('1/f = 1/v + 1/u')""]",authored_clean_sample,train,An object is placed 20 cm in front of a concave mirror of focal length 15 cm. Calculate image distance v using Cartesian signs.,"Looking at the diagram, u = 20, f = 15. 1/15 = 1/v + 1/20 => v = +60 cm, virtual image..","u = -20 cm, f = -15 cm. 1/v = 1/(-15) - 1/(-20) = -1/60 => v = -60 cm. Real and inverted image formed in front of mirror.","Topic: Cartesian Sign Convention in Mirror Formula | Question: An object is placed 20 cm in front of a concave mirror of focal length 15 cm. Calculate image distance v using Cartesian signs. | Student Response: Looking at the diagram, u = 20, f = 15. 1/15 = 1/v + 1/20 => v = +60 cm, virtual image..",MISC-OPT-004: Cartesian Sign Convention Spatial Inversion
RESP-00339,PHY-LIG-CART-01,CARTESIAN_SIGN_CONVENTION,Class 10,Light – Reflection and Refraction,Cartesian Sign Convention in Mirror Formula,An object is placed 20 cm in front of a concave mirror of focal length 15 cm. Calculate image distance v using Cartesian signs.,"u = -20 cm, f = -15 cm. 1/v = 1/(-15) - 1/(-20) = -1/60 => v = -60 cm. Real and inverted image formed in front of mirror.","My answer is: u = 20, f = 15. 1/15 = 1/v + 1/20 => v = +60 cm, virtual image..",MISC-OPT-004: Cartesian Sign Convention Spatial Inversion,sign_inversion,High,Substituted positive scalar distances.,,True,ray_diagram,"Concave mirror coordinate diagram: Pole P at (0,0), object at u = -20 cm, focus at f = -15 cm.","ConcaveMirror | Pole(0,0) | Object(u=-20) | Focus(f=-15)","[""draw_axes(origin='Pole P')"", ""plot_focus(f=-15)"", ""plot_object(u=-20)"", ""write_equation('1/f = 1/v + 1/u')""]",authored_clean_sample,train,An object is placed 20 cm in front of a concave mirror of focal length 15 cm. Calculate image distance v using Cartesian signs.,"My answer is: u = 20, f = 15. 1/15 = 1/v + 1/20 => v = +60 cm, virtual image..","u = -20 cm, f = -15 cm. 1/v = 1/(-15) - 1/(-20) = -1/60 => v = -60 cm. Real and inverted image formed in front of mirror.","Topic: Cartesian Sign Convention in Mirror Formula | Question: An object is placed 20 cm in front of a concave mirror of focal length 15 cm. Calculate image distance v using Cartesian signs. | Student Response: My answer is: u = 20, f = 15. 1/15 = 1/v + 1/20 => v = +60 cm, virtual image..",MISC-OPT-004: Cartesian Sign Convention Spatial Inversion
RESP-00340,PHY-LIG-CART-01,CARTESIAN_SIGN_CONVENTION,Class 10,Light – Reflection and Refraction,Cartesian Sign Convention in Mirror Formula,An object is placed 20 cm in front of a concave mirror of focal length 15 cm. Calculate image distance v using Cartesian signs.,"u = -20 cm, f = -15 cm. 1/v = 1/(-15) - 1/(-20) = -1/60 => v = -60 cm. Real and inverted image formed in front of mirror.","Based on physical laws, u = 20, f = 15. 1/15 = 1/v + 1/20 => v = +60 cm, virtual image..",MISC-OPT-004: Cartesian Sign Convention Spatial Inversion,sign_inversion,High,Substituted positive scalar distances.,,True,ray_diagram,"Concave mirror coordinate diagram: Pole P at (0,0), object at u = -20 cm, focus at f = -15 cm.","ConcaveMirror | Pole(0,0) | Object(u=-20) | Focus(f=-15)","[""draw_axes(origin='Pole P')"", ""plot_focus(f=-15)"", ""plot_object(u=-20)"", ""write_equation('1/f = 1/v + 1/u')""]",authored_clean_sample,train,An object is placed 20 cm in front of a concave mirror of focal length 15 cm. Calculate image distance v using Cartesian signs.,"Based on physical laws, u = 20, f = 15. 1/15 = 1/v + 1/20 => v = +60 cm, virtual image..","u = -20 cm, f = -15 cm. 1/v = 1/(-15) - 1/(-20) = -1/60 => v = -60 cm. Real and inverted image formed in front of mirror.","Topic: Cartesian Sign Convention in Mirror Formula | Question: An object is placed 20 cm in front of a concave mirror of focal length 15 cm. Calculate image distance v using Cartesian signs. | Student Response: Based on physical laws, u = 20, f = 15. 1/15 = 1/v + 1/20 => v = +60 cm, virtual image..",MISC-OPT-004: Cartesian Sign Convention Spatial Inversion
RESP-00341,PHY-LIG-CART-01,CARTESIAN_SIGN_CONVENTION,Class 10,Light – Reflection and Refraction,Cartesian Sign Convention in Mirror Formula,An object is placed 20 cm in front of a concave mirror of focal length 15 cm. Calculate image distance v using Cartesian signs.,"u = -20 cm, f = -15 cm. 1/v = 1/(-15) - 1/(-20) = -1/60 => v = -60 cm. Real and inverted image formed in front of mirror.","According to my working, u = 20, f = 15. 1/15 = 1/v + 1/20 => v = +60 cm, virtual image.",MISC-OPT-004: Cartesian Sign Convention Spatial Inversion,sign_inversion,High,Substituted positive scalar distances.,,True,ray_diagram,"Concave mirror coordinate diagram: Pole P at (0,0), object at u = -20 cm, focus at f = -15 cm.","ConcaveMirror | Pole(0,0) | Object(u=-20) | Focus(f=-15)","[""draw_axes(origin='Pole P')"", ""plot_focus(f=-15)"", ""plot_object(u=-20)"", ""write_equation('1/f = 1/v + 1/u')""]",authored_clean_sample,test,An object is placed 20 cm in front of a concave mirror of focal length 15 cm. Calculate image distance v using Cartesian signs.,"According to my working, u = 20, f = 15. 1/15 = 1/v + 1/20 => v = +60 cm, virtual image.","u = -20 cm, f = -15 cm. 1/v = 1/(-15) - 1/(-20) = -1/60 => v = -60 cm. Real and inverted image formed in front of mirror.","Topic: Cartesian Sign Convention in Mirror Formula | Question: An object is placed 20 cm in front of a concave mirror of focal length 15 cm. Calculate image distance v using Cartesian signs. | Student Response: According to my working, u = 20, f = 15. 1/15 = 1/v + 1/20 => v = +60 cm, virtual image.",MISC-OPT-004: Cartesian Sign Convention Spatial Inversion
RESP-00342,PHY-LIG-CART-01,CARTESIAN_SIGN_CONVENTION,Class 10,Light – Reflection and Refraction,Cartesian Sign Convention in Mirror Formula,An object is placed 20 cm in front of a concave mirror of focal length 15 cm. Calculate image distance v using Cartesian signs.,"u = -20 cm, f = -15 cm. 1/v = 1/(-15) - 1/(-20) = -1/60 => v = -60 cm. Real and inverted image formed in front of mirror.","In class we learned that v = -60 cm, real and inverted image formed 60 cm in front of mirror..",CORRECT: Scientifically Accurate Response,no_error,High,Correct sign convention and fraction arithmetic.,,True,ray_diagram,"Concave mirror coordinate diagram: Pole P at (0,0), object at u = -20 cm, focus at f = -15 cm.","ConcaveMirror | Pole(0,0) | Object(u=-20) | Focus(f=-15)","[""draw_axes(origin='Pole P')"", ""plot_focus(f=-15)"", ""plot_object(u=-20)"", ""write_equation('1/f = 1/v + 1/u')""]",authored_clean_sample,test,An object is placed 20 cm in front of a concave mirror of focal length 15 cm. Calculate image distance v using Cartesian signs.,"In class we learned that v = -60 cm, real and inverted image formed 60 cm in front of mirror..","u = -20 cm, f = -15 cm. 1/v = 1/(-15) - 1/(-20) = -1/60 => v = -60 cm. Real and inverted image formed in front of mirror.","Topic: Cartesian Sign Convention in Mirror Formula | Question: An object is placed 20 cm in front of a concave mirror of focal length 15 cm. Calculate image distance v using Cartesian signs. | Student Response: In class we learned that v = -60 cm, real and inverted image formed 60 cm in front of mirror..",CORRECT: Scientifically Accurate Response
RESP-00343,PHY-LIG-CART-01,CARTESIAN_SIGN_CONVENTION,Class 10,Light – Reflection and Refraction,Cartesian Sign Convention in Mirror Formula,An object is placed 20 cm in front of a concave mirror of focal length 15 cm. Calculate image distance v using Cartesian signs.,"u = -20 cm, f = -15 cm. 1/v = 1/(-15) - 1/(-20) = -1/60 => v = -60 cm. Real and inverted image formed in front of mirror.","v = -60 cm, real and inverted image formed 60 cm in front of mirror.",CORRECT: Scientifically Accurate Response,no_error,High,Correct sign convention and fraction arithmetic.,,True,ray_diagram,"Concave mirror coordinate diagram: Pole P at (0,0), object at u = -20 cm, focus at f = -15 cm.","ConcaveMirror | Pole(0,0) | Object(u=-20) | Focus(f=-15)","[""draw_axes(origin='Pole P')"", ""plot_focus(f=-15)"", ""plot_object(u=-20)"", ""write_equation('1/f = 1/v + 1/u')""]",authored_clean_sample,test,An object is placed 20 cm in front of a concave mirror of focal length 15 cm. Calculate image distance v using Cartesian signs.,"v = -60 cm, real and inverted image formed 60 cm in front of mirror.","u = -20 cm, f = -15 cm. 1/v = 1/(-15) - 1/(-20) = -1/60 => v = -60 cm. Real and inverted image formed in front of mirror.","Topic: Cartesian Sign Convention in Mirror Formula | Question: An object is placed 20 cm in front of a concave mirror of focal length 15 cm. Calculate image distance v using Cartesian signs. | Student Response: v = -60 cm, real and inverted image formed 60 cm in front of mirror.",CORRECT: Scientifically Accurate Response
RESP-00344,PHY-LIG-CART-01,CARTESIAN_SIGN_CONVENTION,Class 10,Light – Reflection and Refraction,Cartesian Sign Convention in Mirror Formula,An object is placed 20 cm in front of a concave mirror of focal length 15 cm. Calculate image distance v using Cartesian signs.,"u = -20 cm, f = -15 cm. 1/v = 1/(-15) - 1/(-20) = -1/60 => v = -60 cm. Real and inverted image formed in front of mirror.","From the formula, v = -60 cm, real and inverted image formed 60 cm in front of mirror. as calculated.",CORRECT: Scientifically Accurate Response,no_error,High,Correct sign convention and fraction arithmetic.,,True,ray_diagram,"Concave mirror coordinate diagram: Pole P at (0,0), object at u = -20 cm, focus at f = -15 cm.","ConcaveMirror | Pole(0,0) | Object(u=-20) | Focus(f=-15)","[""draw_axes(origin='Pole P')"", ""plot_focus(f=-15)"", ""plot_object(u=-20)"", ""write_equation('1/f = 1/v + 1/u')""]",authored_clean_sample,val,An object is placed 20 cm in front of a concave mirror of focal length 15 cm. Calculate image distance v using Cartesian signs.,"From the formula, v = -60 cm, real and inverted image formed 60 cm in front of mirror. as calculated.","u = -20 cm, f = -15 cm. 1/v = 1/(-15) - 1/(-20) = -1/60 => v = -60 cm. Real and inverted image formed in front of mirror.","Topic: Cartesian Sign Convention in Mirror Formula | Question: An object is placed 20 cm in front of a concave mirror of focal length 15 cm. Calculate image distance v using Cartesian signs. | Student Response: From the formula, v = -60 cm, real and inverted image formed 60 cm in front of mirror. as calculated.",CORRECT: Scientifically Accurate Response
RESP-00345,PHY-LIG-CART-01,CARTESIAN_SIGN_CONVENTION,Class 10,Light – Reflection and Refraction,Cartesian Sign Convention in Mirror Formula,An object is placed 20 cm in front of a concave mirror of focal length 15 cm. Calculate image distance v using Cartesian signs.,"u = -20 cm, f = -15 cm. 1/v = 1/(-15) - 1/(-20) = -1/60 => v = -60 cm. Real and inverted image formed in front of mirror.","Step 1: calculate values. v = -60 cm, real and inverted image formed 60 cm in front of mirror. That is the answer.",CORRECT: Scientifically Accurate Response,no_error,High,Correct sign convention and fraction arithmetic.,,True,ray_diagram,"Concave mirror coordinate diagram: Pole P at (0,0), object at u = -20 cm, focus at f = -15 cm.","ConcaveMirror | Pole(0,0) | Object(u=-20) | Focus(f=-15)","[""draw_axes(origin='Pole P')"", ""plot_focus(f=-15)"", ""plot_object(u=-20)"", ""write_equation('1/f = 1/v + 1/u')""]",authored_clean_sample,val,An object is placed 20 cm in front of a concave mirror of focal length 15 cm. Calculate image distance v using Cartesian signs.,"Step 1: calculate values. v = -60 cm, real and inverted image formed 60 cm in front of mirror. That is the answer.","u = -20 cm, f = -15 cm. 1/v = 1/(-15) - 1/(-20) = -1/60 => v = -60 cm. Real and inverted image formed in front of mirror.","Topic: Cartesian Sign Convention in Mirror Formula | Question: An object is placed 20 cm in front of a concave mirror of focal length 15 cm. Calculate image distance v using Cartesian signs. | Student Response: Step 1: calculate values. v = -60 cm, real and inverted image formed 60 cm in front of mirror. That is the answer.",CORRECT: Scientifically Accurate Response
RESP-00346,PHY-LIG-CART-01,CARTESIAN_SIGN_CONVENTION,Class 10,Light – Reflection and Refraction,Cartesian Sign Convention in Mirror Formula,An object is placed 20 cm in front of a concave mirror of focal length 15 cm. Calculate image distance v using Cartesian signs.,"u = -20 cm, f = -15 cm. 1/v = 1/(-15) - 1/(-20) = -1/60 => v = -60 cm. Real and inverted image formed in front of mirror.","In class we learned that v = -60 cm, real and inverted image formed 60 cm in front of mirror..",CORRECT: Scientifically Accurate Response,no_error,High,Correct sign convention and fraction arithmetic.,,True,ray_diagram,"Concave mirror coordinate diagram: Pole P at (0,0), object at u = -20 cm, focus at f = -15 cm.","ConcaveMirror | Pole(0,0) | Object(u=-20) | Focus(f=-15)","[""draw_axes(origin='Pole P')"", ""plot_focus(f=-15)"", ""plot_object(u=-20)"", ""write_equation('1/f = 1/v + 1/u')""]",authored_clean_sample,val,An object is placed 20 cm in front of a concave mirror of focal length 15 cm. Calculate image distance v using Cartesian signs.,"In class we learned that v = -60 cm, real and inverted image formed 60 cm in front of mirror..","u = -20 cm, f = -15 cm. 1/v = 1/(-15) - 1/(-20) = -1/60 => v = -60 cm. Real and inverted image formed in front of mirror.","Topic: Cartesian Sign Convention in Mirror Formula | Question: An object is placed 20 cm in front of a concave mirror of focal length 15 cm. Calculate image distance v using Cartesian signs. | Student Response: In class we learned that v = -60 cm, real and inverted image formed 60 cm in front of mirror..",CORRECT: Scientifically Accurate Response
RESP-00347,PHY-LIG-CART-02,CARTESIAN_SIGN_CONVENTION,Class 10,Light – Reflection and Refraction,Cartesian Sign Convention in Mirror Formula,Find image position for object at 10 cm in front of concave mirror of focal length 20 cm.,"u = -20 cm, f = -15 cm. 1/v = 1/(-15) - 1/(-20) = -1/60 => v = -60 cm. Real and inverted image formed in front of mirror.","Looking at the diagram, u = 20, f = 15. 1/15 = 1/v + 1/20 => v = +60 cm, virtual image..",MISC-OPT-004: Cartesian Sign Convention Spatial Inversion,sign_inversion,High,Substituted positive scalar distances.,,True,ray_diagram,"Concave mirror coordinate diagram: Pole P at (0,0), object at u = -20 cm, focus at f = -15 cm.","ConcaveMirror | Pole(0,0) | Object(u=-20) | Focus(f=-15)","[""draw_axes(origin='Pole P')"", ""plot_focus(f=-15)"", ""plot_object(u=-20)"", ""write_equation('1/f = 1/v + 1/u')""]",authored_clean_sample,train,Find image position for object at 10 cm in front of concave mirror of focal length 20 cm.,"Looking at the diagram, u = 20, f = 15. 1/15 = 1/v + 1/20 => v = +60 cm, virtual image..","u = -20 cm, f = -15 cm. 1/v = 1/(-15) - 1/(-20) = -1/60 => v = -60 cm. Real and inverted image formed in front of mirror.","Topic: Cartesian Sign Convention in Mirror Formula | Question: Find image position for object at 10 cm in front of concave mirror of focal length 20 cm. | Student Response: Looking at the diagram, u = 20, f = 15. 1/15 = 1/v + 1/20 => v = +60 cm, virtual image..",MISC-OPT-004: Cartesian Sign Convention Spatial Inversion
RESP-00348,PHY-LIG-CART-02,CARTESIAN_SIGN_CONVENTION,Class 10,Light – Reflection and Refraction,Cartesian Sign Convention in Mirror Formula,Find image position for object at 10 cm in front of concave mirror of focal length 20 cm.,"u = -20 cm, f = -15 cm. 1/v = 1/(-15) - 1/(-20) = -1/60 => v = -60 cm. Real and inverted image formed in front of mirror.","My answer is: u = 20, f = 15. 1/15 = 1/v + 1/20 => v = +60 cm, virtual image..",MISC-OPT-004: Cartesian Sign Convention Spatial Inversion,sign_inversion,High,Substituted positive scalar distances.,,True,ray_diagram,"Concave mirror coordinate diagram: Pole P at (0,0), object at u = -20 cm, focus at f = -15 cm.","ConcaveMirror | Pole(0,0) | Object(u=-20) | Focus(f=-15)","[""draw_axes(origin='Pole P')"", ""plot_focus(f=-15)"", ""plot_object(u=-20)"", ""write_equation('1/f = 1/v + 1/u')""]",authored_clean_sample,train,Find image position for object at 10 cm in front of concave mirror of focal length 20 cm.,"My answer is: u = 20, f = 15. 1/15 = 1/v + 1/20 => v = +60 cm, virtual image..","u = -20 cm, f = -15 cm. 1/v = 1/(-15) - 1/(-20) = -1/60 => v = -60 cm. Real and inverted image formed in front of mirror.","Topic: Cartesian Sign Convention in Mirror Formula | Question: Find image position for object at 10 cm in front of concave mirror of focal length 20 cm. | Student Response: My answer is: u = 20, f = 15. 1/15 = 1/v + 1/20 => v = +60 cm, virtual image..",MISC-OPT-004: Cartesian Sign Convention Spatial Inversion
RESP-00349,PHY-LIG-CART-02,CARTESIAN_SIGN_CONVENTION,Class 10,Light – Reflection and Refraction,Cartesian Sign Convention in Mirror Formula,Find image position for object at 10 cm in front of concave mirror of focal length 20 cm.,"u = -20 cm, f = -15 cm. 1/v = 1/(-15) - 1/(-20) = -1/60 => v = -60 cm. Real and inverted image formed in front of mirror.","Based on physical laws, u = 20, f = 15. 1/15 = 1/v + 1/20 => v = +60 cm, virtual image..",MISC-OPT-004: Cartesian Sign Convention Spatial Inversion,sign_inversion,High,Substituted positive scalar distances.,,True,ray_diagram,"Concave mirror coordinate diagram: Pole P at (0,0), object at u = -20 cm, focus at f = -15 cm.","ConcaveMirror | Pole(0,0) | Object(u=-20) | Focus(f=-15)","[""draw_axes(origin='Pole P')"", ""plot_focus(f=-15)"", ""plot_object(u=-20)"", ""write_equation('1/f = 1/v + 1/u')""]",authored_clean_sample,train,Find image position for object at 10 cm in front of concave mirror of focal length 20 cm.,"Based on physical laws, u = 20, f = 15. 1/15 = 1/v + 1/20 => v = +60 cm, virtual image..","u = -20 cm, f = -15 cm. 1/v = 1/(-15) - 1/(-20) = -1/60 => v = -60 cm. Real and inverted image formed in front of mirror.","Topic: Cartesian Sign Convention in Mirror Formula | Question: Find image position for object at 10 cm in front of concave mirror of focal length 20 cm. | Student Response: Based on physical laws, u = 20, f = 15. 1/15 = 1/v + 1/20 => v = +60 cm, virtual image..",MISC-OPT-004: Cartesian Sign Convention Spatial Inversion
RESP-00350,PHY-LIG-CART-02,CARTESIAN_SIGN_CONVENTION,Class 10,Light – Reflection and Refraction,Cartesian Sign Convention in Mirror Formula,Find image position for object at 10 cm in front of concave mirror of focal length 20 cm.,"u = -20 cm, f = -15 cm. 1/v = 1/(-15) - 1/(-20) = -1/60 => v = -60 cm. Real and inverted image formed in front of mirror.","According to my working, u = 20, f = 15. 1/15 = 1/v + 1/20 => v = +60 cm, virtual image.",MISC-OPT-004: Cartesian Sign Convention Spatial Inversion,sign_inversion,High,Substituted positive scalar distances.,,True,ray_diagram,"Concave mirror coordinate diagram: Pole P at (0,0), object at u = -20 cm, focus at f = -15 cm.","ConcaveMirror | Pole(0,0) | Object(u=-20) | Focus(f=-15)","[""draw_axes(origin='Pole P')"", ""plot_focus(f=-15)"", ""plot_object(u=-20)"", ""write_equation('1/f = 1/v + 1/u')""]",authored_clean_sample,train,Find image position for object at 10 cm in front of concave mirror of focal length 20 cm.,"According to my working, u = 20, f = 15. 1/15 = 1/v + 1/20 => v = +60 cm, virtual image.","u = -20 cm, f = -15 cm. 1/v = 1/(-15) - 1/(-20) = -1/60 => v = -60 cm. Real and inverted image formed in front of mirror.","Topic: Cartesian Sign Convention in Mirror Formula | Question: Find image position for object at 10 cm in front of concave mirror of focal length 20 cm. | Student Response: According to my working, u = 20, f = 15. 1/15 = 1/v + 1/20 => v = +60 cm, virtual image.",MISC-OPT-004: Cartesian Sign Convention Spatial Inversion
RESP-00351,PHY-LIG-CART-02,CARTESIAN_SIGN_CONVENTION,Class 10,Light – Reflection and Refraction,Cartesian Sign Convention in Mirror Formula,Find image position for object at 10 cm in front of concave mirror of focal length 20 cm.,"u = -20 cm, f = -15 cm. 1/v = 1/(-15) - 1/(-20) = -1/60 => v = -60 cm. Real and inverted image formed in front of mirror.","Looking at the diagram, u = 20, f = 15. 1/15 = 1/v + 1/20 => v = +60 cm, virtual image..",MISC-OPT-004: Cartesian Sign Convention Spatial Inversion,sign_inversion,High,Substituted positive scalar distances.,,True,ray_diagram,"Concave mirror coordinate diagram: Pole P at (0,0), object at u = -20 cm, focus at f = -15 cm.","ConcaveMirror | Pole(0,0) | Object(u=-20) | Focus(f=-15)","[""draw_axes(origin='Pole P')"", ""plot_focus(f=-15)"", ""plot_object(u=-20)"", ""write_equation('1/f = 1/v + 1/u')""]",authored_clean_sample,train,Find image position for object at 10 cm in front of concave mirror of focal length 20 cm.,"Looking at the diagram, u = 20, f = 15. 1/15 = 1/v + 1/20 => v = +60 cm, virtual image..","u = -20 cm, f = -15 cm. 1/v = 1/(-15) - 1/(-20) = -1/60 => v = -60 cm. Real and inverted image formed in front of mirror.","Topic: Cartesian Sign Convention in Mirror Formula | Question: Find image position for object at 10 cm in front of concave mirror of focal length 20 cm. | Student Response: Looking at the diagram, u = 20, f = 15. 1/15 = 1/v + 1/20 => v = +60 cm, virtual image..",MISC-OPT-004: Cartesian Sign Convention Spatial Inversion
RESP-00352,PHY-LIG-CART-02,CARTESIAN_SIGN_CONVENTION,Class 10,Light – Reflection and Refraction,Cartesian Sign Convention in Mirror Formula,Find image position for object at 10 cm in front of concave mirror of focal length 20 cm.,"u = -20 cm, f = -15 cm. 1/v = 1/(-15) - 1/(-20) = -1/60 => v = -60 cm. Real and inverted image formed in front of mirror.","v = -60 cm, real and inverted image formed 60 cm in front of mirror.",CORRECT: Scientifically Accurate Response,no_error,High,Correct sign convention and fraction arithmetic.,,True,ray_diagram,"Concave mirror coordinate diagram: Pole P at (0,0), object at u = -20 cm, focus at f = -15 cm.","ConcaveMirror | Pole(0,0) | Object(u=-20) | Focus(f=-15)","[""draw_axes(origin='Pole P')"", ""plot_focus(f=-15)"", ""plot_object(u=-20)"", ""write_equation('1/f = 1/v + 1/u')""]",authored_clean_sample,train,Find image position for object at 10 cm in front of concave mirror of focal length 20 cm.,"v = -60 cm, real and inverted image formed 60 cm in front of mirror.","u = -20 cm, f = -15 cm. 1/v = 1/(-15) - 1/(-20) = -1/60 => v = -60 cm. Real and inverted image formed in front of mirror.","Topic: Cartesian Sign Convention in Mirror Formula | Question: Find image position for object at 10 cm in front of concave mirror of focal length 20 cm. | Student Response: v = -60 cm, real and inverted image formed 60 cm in front of mirror.",CORRECT: Scientifically Accurate Response
RESP-00353,PHY-LIG-CART-02,CARTESIAN_SIGN_CONVENTION,Class 10,Light – Reflection and Refraction,Cartesian Sign Convention in Mirror Formula,Find image position for object at 10 cm in front of concave mirror of focal length 20 cm.,"u = -20 cm, f = -15 cm. 1/v = 1/(-15) - 1/(-20) = -1/60 => v = -60 cm. Real and inverted image formed in front of mirror.","From the formula, v = -60 cm, real and inverted image formed 60 cm in front of mirror. as calculated.",CORRECT: Scientifically Accurate Response,no_error,High,Correct sign convention and fraction arithmetic.,,True,ray_diagram,"Concave mirror coordinate diagram: Pole P at (0,0), object at u = -20 cm, focus at f = -15 cm.","ConcaveMirror | Pole(0,0) | Object(u=-20) | Focus(f=-15)","[""draw_axes(origin='Pole P')"", ""plot_focus(f=-15)"", ""plot_object(u=-20)"", ""write_equation('1/f = 1/v + 1/u')""]",authored_clean_sample,train,Find image position for object at 10 cm in front of concave mirror of focal length 20 cm.,"From the formula, v = -60 cm, real and inverted image formed 60 cm in front of mirror. as calculated.","u = -20 cm, f = -15 cm. 1/v = 1/(-15) - 1/(-20) = -1/60 => v = -60 cm. Real and inverted image formed in front of mirror.","Topic: Cartesian Sign Convention in Mirror Formula | Question: Find image position for object at 10 cm in front of concave mirror of focal length 20 cm. | Student Response: From the formula, v = -60 cm, real and inverted image formed 60 cm in front of mirror. as calculated.",CORRECT: Scientifically Accurate Response
RESP-00354,PHY-LIG-CART-02,CARTESIAN_SIGN_CONVENTION,Class 10,Light – Reflection and Refraction,Cartesian Sign Convention in Mirror Formula,Find image position for object at 10 cm in front of concave mirror of focal length 20 cm.,"u = -20 cm, f = -15 cm. 1/v = 1/(-15) - 1/(-20) = -1/60 => v = -60 cm. Real and inverted image formed in front of mirror.","Step 1: calculate values. v = -60 cm, real and inverted image formed 60 cm in front of mirror. That is the answer.",CORRECT: Scientifically Accurate Response,no_error,High,Correct sign convention and fraction arithmetic.,,True,ray_diagram,"Concave mirror coordinate diagram: Pole P at (0,0), object at u = -20 cm, focus at f = -15 cm.","ConcaveMirror | Pole(0,0) | Object(u=-20) | Focus(f=-15)","[""draw_axes(origin='Pole P')"", ""plot_focus(f=-15)"", ""plot_object(u=-20)"", ""write_equation('1/f = 1/v + 1/u')""]",authored_clean_sample,train,Find image position for object at 10 cm in front of concave mirror of focal length 20 cm.,"Step 1: calculate values. v = -60 cm, real and inverted image formed 60 cm in front of mirror. That is the answer.","u = -20 cm, f = -15 cm. 1/v = 1/(-15) - 1/(-20) = -1/60 => v = -60 cm. Real and inverted image formed in front of mirror.","Topic: Cartesian Sign Convention in Mirror Formula | Question: Find image position for object at 10 cm in front of concave mirror of focal length 20 cm. | Student Response: Step 1: calculate values. v = -60 cm, real and inverted image formed 60 cm in front of mirror. That is the answer.",CORRECT: Scientifically Accurate Response
RESP-00355,PHY-LIG-CART-02,CARTESIAN_SIGN_CONVENTION,Class 10,Light – Reflection and Refraction,Cartesian Sign Convention in Mirror Formula,Find image position for object at 10 cm in front of concave mirror of focal length 20 cm.,"u = -20 cm, f = -15 cm. 1/v = 1/(-15) - 1/(-20) = -1/60 => v = -60 cm. Real and inverted image formed in front of mirror.","In class we learned that v = -60 cm, real and inverted image formed 60 cm in front of mirror..",CORRECT: Scientifically Accurate Response,no_error,High,Correct sign convention and fraction arithmetic.,,True,ray_diagram,"Concave mirror coordinate diagram: Pole P at (0,0), object at u = -20 cm, focus at f = -15 cm.","ConcaveMirror | Pole(0,0) | Object(u=-20) | Focus(f=-15)","[""draw_axes(origin='Pole P')"", ""plot_focus(f=-15)"", ""plot_object(u=-20)"", ""write_equation('1/f = 1/v + 1/u')""]",authored_clean_sample,train,Find image position for object at 10 cm in front of concave mirror of focal length 20 cm.,"In class we learned that v = -60 cm, real and inverted image formed 60 cm in front of mirror..","u = -20 cm, f = -15 cm. 1/v = 1/(-15) - 1/(-20) = -1/60 => v = -60 cm. Real and inverted image formed in front of mirror.","Topic: Cartesian Sign Convention in Mirror Formula | Question: Find image position for object at 10 cm in front of concave mirror of focal length 20 cm. | Student Response: In class we learned that v = -60 cm, real and inverted image formed 60 cm in front of mirror..",CORRECT: Scientifically Accurate Response
RESP-00356,PHY-LIG-CART-02,CARTESIAN_SIGN_CONVENTION,Class 10,Light – Reflection and Refraction,Cartesian Sign Convention in Mirror Formula,Find image position for object at 10 cm in front of concave mirror of focal length 20 cm.,"u = -20 cm, f = -15 cm. 1/v = 1/(-15) - 1/(-20) = -1/60 => v = -60 cm. Real and inverted image formed in front of mirror.","v = -60 cm, real and inverted image formed 60 cm in front of mirror.",CORRECT: Scientifically Accurate Response,no_error,High,Correct sign convention and fraction arithmetic.,,True,ray_diagram,"Concave mirror coordinate diagram: Pole P at (0,0), object at u = -20 cm, focus at f = -15 cm.","ConcaveMirror | Pole(0,0) | Object(u=-20) | Focus(f=-15)","[""draw_axes(origin='Pole P')"", ""plot_focus(f=-15)"", ""plot_object(u=-20)"", ""write_equation('1/f = 1/v + 1/u')""]",authored_clean_sample,train,Find image position for object at 10 cm in front of concave mirror of focal length 20 cm.,"v = -60 cm, real and inverted image formed 60 cm in front of mirror.","u = -20 cm, f = -15 cm. 1/v = 1/(-15) - 1/(-20) = -1/60 => v = -60 cm. Real and inverted image formed in front of mirror.","Topic: Cartesian Sign Convention in Mirror Formula | Question: Find image position for object at 10 cm in front of concave mirror of focal length 20 cm. | Student Response: v = -60 cm, real and inverted image formed 60 cm in front of mirror.",CORRECT: Scientifically Accurate Response
RESP-00357,PHY-THE-VISI-01,VISION_DEFECTS_MYOPIA,Class 10,The Human Eye and the Colourful World,Myopia Defect and Corrective Lens,"A student cannot clearly see the blackboard 5 meters away, but reads books at 25 cm easily. Identify defect and corrective lens.","Myopia (near-sightedness). Eye lens has excessive convergence, focusing rays in front of retina. Corrected with a concave (diverging) lens.","My answer is: Myopia, corrected with a convex magnifying lens to enlarge distant objects..",MISC-EYE-001: Vision Defect Corrective Lens Inversion,conceptual_misconception,High,Prescribes convex lens for myopia based on magnification analogy.,,True,eye_defect_diagram,Myopic eye: parallel rays converge in front of retina. Concave lens diverges rays onto retina.,Eyeball | EyeLens | FocusPoint(in_front_of_retina) | Retina | ConcaveLens,"[""draw_eyeball()"", ""draw_converging_rays(focus_x='in front of retina')"", ""draw_corrective_lens(type='concave')""]",curated_per_literature,train,"A student cannot clearly see the blackboard 5 meters away, but reads books at 25 cm easily. Identify defect and corrective lens.","My answer is: Myopia, corrected with a convex magnifying lens to enlarge distant objects..","Myopia (near-sightedness). Eye lens has excessive convergence, focusing rays in front of retina. Corrected with a concave (diverging) lens.","Topic: Myopia Defect and Corrective Lens | Question: A student cannot clearly see the blackboard 5 meters away, but reads books at 25 cm easily. Identify defect and corrective lens. | Student Response: My answer is: Myopia, corrected with a convex magnifying lens to enlarge distant objects..",MISC-EYE-001: Vision Defect Corrective Lens Inversion
RESP-00358,PHY-THE-VISI-01,VISION_DEFECTS_MYOPIA,Class 10,The Human Eye and the Colourful World,Myopia Defect and Corrective Lens,"A student cannot clearly see the blackboard 5 meters away, but reads books at 25 cm easily. Identify defect and corrective lens.","Myopia (near-sightedness). Eye lens has excessive convergence, focusing rays in front of retina. Corrected with a concave (diverging) lens.","Based on physical laws, Myopia, corrected with a convex magnifying lens to enlarge distant objects..",MISC-EYE-001: Vision Defect Corrective Lens Inversion,conceptual_misconception,High,Prescribes convex lens for myopia based on magnification analogy.,,True,eye_defect_diagram,Myopic eye: parallel rays converge in front of retina. Concave lens diverges rays onto retina.,Eyeball | EyeLens | FocusPoint(in_front_of_retina) | Retina | ConcaveLens,"[""draw_eyeball()"", ""draw_converging_rays(focus_x='in front of retina')"", ""draw_corrective_lens(type='concave')""]",curated_per_literature,train,"A student cannot clearly see the blackboard 5 meters away, but reads books at 25 cm easily. Identify defect and corrective lens.","Based on physical laws, Myopia, corrected with a convex magnifying lens to enlarge distant objects..","Myopia (near-sightedness). Eye lens has excessive convergence, focusing rays in front of retina. Corrected with a concave (diverging) lens.","Topic: Myopia Defect and Corrective Lens | Question: A student cannot clearly see the blackboard 5 meters away, but reads books at 25 cm easily. Identify defect and corrective lens. | Student Response: Based on physical laws, Myopia, corrected with a convex magnifying lens to enlarge distant objects..",MISC-EYE-001: Vision Defect Corrective Lens Inversion
RESP-00359,PHY-THE-VISI-01,VISION_DEFECTS_MYOPIA,Class 10,The Human Eye and the Colourful World,Myopia Defect and Corrective Lens,"A student cannot clearly see the blackboard 5 meters away, but reads books at 25 cm easily. Identify defect and corrective lens.","Myopia (near-sightedness). Eye lens has excessive convergence, focusing rays in front of retina. Corrected with a concave (diverging) lens.","According to my working, Myopia, corrected with a convex magnifying lens to enlarge distant objects.",MISC-EYE-001: Vision Defect Corrective Lens Inversion,conceptual_misconception,High,Prescribes convex lens for myopia based on magnification analogy.,,True,eye_defect_diagram,Myopic eye: parallel rays converge in front of retina. Concave lens diverges rays onto retina.,Eyeball | EyeLens | FocusPoint(in_front_of_retina) | Retina | ConcaveLens,"[""draw_eyeball()"", ""draw_converging_rays(focus_x='in front of retina')"", ""draw_corrective_lens(type='concave')""]",curated_per_literature,train,"A student cannot clearly see the blackboard 5 meters away, but reads books at 25 cm easily. Identify defect and corrective lens.","According to my working, Myopia, corrected with a convex magnifying lens to enlarge distant objects.","Myopia (near-sightedness). Eye lens has excessive convergence, focusing rays in front of retina. Corrected with a concave (diverging) lens.","Topic: Myopia Defect and Corrective Lens | Question: A student cannot clearly see the blackboard 5 meters away, but reads books at 25 cm easily. Identify defect and corrective lens. | Student Response: According to my working, Myopia, corrected with a convex magnifying lens to enlarge distant objects.",MISC-EYE-001: Vision Defect Corrective Lens Inversion
RESP-00360,PHY-THE-VISI-01,VISION_DEFECTS_MYOPIA,Class 10,The Human Eye and the Colourful World,Myopia Defect and Corrective Lens,"A student cannot clearly see the blackboard 5 meters away, but reads books at 25 cm easily. Identify defect and corrective lens.","Myopia (near-sightedness). Eye lens has excessive convergence, focusing rays in front of retina. Corrected with a concave (diverging) lens.","Looking at the diagram, Myopia, corrected with a convex magnifying lens to enlarge distant objects..",MISC-EYE-001: Vision Defect Corrective Lens Inversion,conceptual_misconception,High,Prescribes convex lens for myopia based on magnification analogy.,,True,eye_defect_diagram,Myopic eye: parallel rays converge in front of retina. Concave lens diverges rays onto retina.,Eyeball | EyeLens | FocusPoint(in_front_of_retina) | Retina | ConcaveLens,"[""draw_eyeball()"", ""draw_converging_rays(focus_x='in front of retina')"", ""draw_corrective_lens(type='concave')""]",curated_per_literature,train,"A student cannot clearly see the blackboard 5 meters away, but reads books at 25 cm easily. Identify defect and corrective lens.","Looking at the diagram, Myopia, corrected with a convex magnifying lens to enlarge distant objects..","Myopia (near-sightedness). Eye lens has excessive convergence, focusing rays in front of retina. Corrected with a concave (diverging) lens.","Topic: Myopia Defect and Corrective Lens | Question: A student cannot clearly see the blackboard 5 meters away, but reads books at 25 cm easily. Identify defect and corrective lens. | Student Response: Looking at the diagram, Myopia, corrected with a convex magnifying lens to enlarge distant objects..",MISC-EYE-001: Vision Defect Corrective Lens Inversion
RESP-00361,PHY-THE-VISI-01,VISION_DEFECTS_MYOPIA,Class 10,The Human Eye and the Colourful World,Myopia Defect and Corrective Lens,"A student cannot clearly see the blackboard 5 meters away, but reads books at 25 cm easily. Identify defect and corrective lens.","Myopia (near-sightedness). Eye lens has excessive convergence, focusing rays in front of retina. Corrected with a concave (diverging) lens.","My answer is: Myopia, corrected with a convex magnifying lens to enlarge distant objects..",MISC-EYE-001: Vision Defect Corrective Lens Inversion,conceptual_misconception,High,Prescribes convex lens for myopia based on magnification analogy.,,True,eye_defect_diagram,Myopic eye: parallel rays converge in front of retina. Concave lens diverges rays onto retina.,Eyeball | EyeLens | FocusPoint(in_front_of_retina) | Retina | ConcaveLens,"[""draw_eyeball()"", ""draw_converging_rays(focus_x='in front of retina')"", ""draw_corrective_lens(type='concave')""]",curated_per_literature,test,"A student cannot clearly see the blackboard 5 meters away, but reads books at 25 cm easily. Identify defect and corrective lens.","My answer is: Myopia, corrected with a convex magnifying lens to enlarge distant objects..","Myopia (near-sightedness). Eye lens has excessive convergence, focusing rays in front of retina. Corrected with a concave (diverging) lens.","Topic: Myopia Defect and Corrective Lens | Question: A student cannot clearly see the blackboard 5 meters away, but reads books at 25 cm easily. Identify defect and corrective lens. | Student Response: My answer is: Myopia, corrected with a convex magnifying lens to enlarge distant objects..",MISC-EYE-001: Vision Defect Corrective Lens Inversion
RESP-00362,PHY-THE-VISI-01,VISION_DEFECTS_MYOPIA,Class 10,The Human Eye and the Colourful World,Myopia Defect and Corrective Lens,"A student cannot clearly see the blackboard 5 meters away, but reads books at 25 cm easily. Identify defect and corrective lens.","Myopia (near-sightedness). Eye lens has excessive convergence, focusing rays in front of retina. Corrected with a concave (diverging) lens.","From the formula, Myopia (short-sightedness), corrected using a concave lens of suitable focal length. as calculated.",CORRECT: Scientifically Accurate Response,no_error,High,Correct defect and lens.,,True,eye_defect_diagram,Myopic eye: parallel rays converge in front of retina. Concave lens diverges rays onto retina.,Eyeball | EyeLens | FocusPoint(in_front_of_retina) | Retina | ConcaveLens,"[""draw_eyeball()"", ""draw_converging_rays(focus_x='in front of retina')"", ""draw_corrective_lens(type='concave')""]",authored_clean_sample,test,"A student cannot clearly see the blackboard 5 meters away, but reads books at 25 cm easily. Identify defect and corrective lens.","From the formula, Myopia (short-sightedness), corrected using a concave lens of suitable focal length. as calculated.","Myopia (near-sightedness). Eye lens has excessive convergence, focusing rays in front of retina. Corrected with a concave (diverging) lens.","Topic: Myopia Defect and Corrective Lens | Question: A student cannot clearly see the blackboard 5 meters away, but reads books at 25 cm easily. Identify defect and corrective lens. | Student Response: From the formula, Myopia (short-sightedness), corrected using a concave lens of suitable focal length. as calculated.",CORRECT: Scientifically Accurate Response
RESP-00363,PHY-THE-VISI-01,VISION_DEFECTS_MYOPIA,Class 10,The Human Eye and the Colourful World,Myopia Defect and Corrective Lens,"A student cannot clearly see the blackboard 5 meters away, but reads books at 25 cm easily. Identify defect and corrective lens.","Myopia (near-sightedness). Eye lens has excessive convergence, focusing rays in front of retina. Corrected with a concave (diverging) lens.","Step 1: calculate values. Myopia (short-sightedness), corrected using a concave lens of suitable focal length. That is the answer.",CORRECT: Scientifically Accurate Response,no_error,High,Correct defect and lens.,,True,eye_defect_diagram,Myopic eye: parallel rays converge in front of retina. Concave lens diverges rays onto retina.,Eyeball | EyeLens | FocusPoint(in_front_of_retina) | Retina | ConcaveLens,"[""draw_eyeball()"", ""draw_converging_rays(focus_x='in front of retina')"", ""draw_corrective_lens(type='concave')""]",authored_clean_sample,test,"A student cannot clearly see the blackboard 5 meters away, but reads books at 25 cm easily. Identify defect and corrective lens.","Step 1: calculate values. Myopia (short-sightedness), corrected using a concave lens of suitable focal length. That is the answer.","Myopia (near-sightedness). Eye lens has excessive convergence, focusing rays in front of retina. Corrected with a concave (diverging) lens.","Topic: Myopia Defect and Corrective Lens | Question: A student cannot clearly see the blackboard 5 meters away, but reads books at 25 cm easily. Identify defect and corrective lens. | Student Response: Step 1: calculate values. Myopia (short-sightedness), corrected using a concave lens of suitable focal length. That is the answer.",CORRECT: Scientifically Accurate Response
RESP-00364,PHY-THE-VISI-01,VISION_DEFECTS_MYOPIA,Class 10,The Human Eye and the Colourful World,Myopia Defect and Corrective Lens,"A student cannot clearly see the blackboard 5 meters away, but reads books at 25 cm easily. Identify defect and corrective lens.","Myopia (near-sightedness). Eye lens has excessive convergence, focusing rays in front of retina. Corrected with a concave (diverging) lens.","In class we learned that Myopia (short-sightedness), corrected using a concave lens of suitable focal length..",CORRECT: Scientifically Accurate Response,no_error,High,Correct defect and lens.,,True,eye_defect_diagram,Myopic eye: parallel rays converge in front of retina. Concave lens diverges rays onto retina.,Eyeball | EyeLens | FocusPoint(in_front_of_retina) | Retina | ConcaveLens,"[""draw_eyeball()"", ""draw_converging_rays(focus_x='in front of retina')"", ""draw_corrective_lens(type='concave')""]",authored_clean_sample,val,"A student cannot clearly see the blackboard 5 meters away, but reads books at 25 cm easily. Identify defect and corrective lens.","In class we learned that Myopia (short-sightedness), corrected using a concave lens of suitable focal length..","Myopia (near-sightedness). Eye lens has excessive convergence, focusing rays in front of retina. Corrected with a concave (diverging) lens.","Topic: Myopia Defect and Corrective Lens | Question: A student cannot clearly see the blackboard 5 meters away, but reads books at 25 cm easily. Identify defect and corrective lens. | Student Response: In class we learned that Myopia (short-sightedness), corrected using a concave lens of suitable focal length..",CORRECT: Scientifically Accurate Response
RESP-00365,PHY-THE-VISI-01,VISION_DEFECTS_MYOPIA,Class 10,The Human Eye and the Colourful World,Myopia Defect and Corrective Lens,"A student cannot clearly see the blackboard 5 meters away, but reads books at 25 cm easily. Identify defect and corrective lens.","Myopia (near-sightedness). Eye lens has excessive convergence, focusing rays in front of retina. Corrected with a concave (diverging) lens.","Myopia (short-sightedness), corrected using a concave lens of suitable focal length.",CORRECT: Scientifically Accurate Response,no_error,High,Correct defect and lens.,,True,eye_defect_diagram,Myopic eye: parallel rays converge in front of retina. Concave lens diverges rays onto retina.,Eyeball | EyeLens | FocusPoint(in_front_of_retina) | Retina | ConcaveLens,"[""draw_eyeball()"", ""draw_converging_rays(focus_x='in front of retina')"", ""draw_corrective_lens(type='concave')""]",authored_clean_sample,val,"A student cannot clearly see the blackboard 5 meters away, but reads books at 25 cm easily. Identify defect and corrective lens.","Myopia (short-sightedness), corrected using a concave lens of suitable focal length.","Myopia (near-sightedness). Eye lens has excessive convergence, focusing rays in front of retina. Corrected with a concave (diverging) lens.","Topic: Myopia Defect and Corrective Lens | Question: A student cannot clearly see the blackboard 5 meters away, but reads books at 25 cm easily. Identify defect and corrective lens. | Student Response: Myopia (short-sightedness), corrected using a concave lens of suitable focal length.",CORRECT: Scientifically Accurate Response
RESP-00366,PHY-THE-VISI-01,VISION_DEFECTS_MYOPIA,Class 10,The Human Eye and the Colourful World,Myopia Defect and Corrective Lens,"A student cannot clearly see the blackboard 5 meters away, but reads books at 25 cm easily. Identify defect and corrective lens.","Myopia (near-sightedness). Eye lens has excessive convergence, focusing rays in front of retina. Corrected with a concave (diverging) lens.","From the formula, Myopia (short-sightedness), corrected using a concave lens of suitable focal length. as calculated.",CORRECT: Scientifically Accurate Response,no_error,High,Correct defect and lens.,,True,eye_defect_diagram,Myopic eye: parallel rays converge in front of retina. Concave lens diverges rays onto retina.,Eyeball | EyeLens | FocusPoint(in_front_of_retina) | Retina | ConcaveLens,"[""draw_eyeball()"", ""draw_converging_rays(focus_x='in front of retina')"", ""draw_corrective_lens(type='concave')""]",authored_clean_sample,val,"A student cannot clearly see the blackboard 5 meters away, but reads books at 25 cm easily. Identify defect and corrective lens.","From the formula, Myopia (short-sightedness), corrected using a concave lens of suitable focal length. as calculated.","Myopia (near-sightedness). Eye lens has excessive convergence, focusing rays in front of retina. Corrected with a concave (diverging) lens.","Topic: Myopia Defect and Corrective Lens | Question: A student cannot clearly see the blackboard 5 meters away, but reads books at 25 cm easily. Identify defect and corrective lens. | Student Response: From the formula, Myopia (short-sightedness), corrected using a concave lens of suitable focal length. as calculated.",CORRECT: Scientifically Accurate Response
RESP-00367,PHY-THE-VISI-02,VISION_DEFECTS_MYOPIA,Class 10,The Human Eye and the Colourful World,Myopia Defect and Corrective Lens,Why is a concave lens prescribed for a near-sighted person rather than a convex lens?,"Myopia (near-sightedness). Eye lens has excessive convergence, focusing rays in front of retina. Corrected with a concave (diverging) lens.","Based on physical laws, Myopia, corrected with a convex magnifying lens to enlarge distant objects..",MISC-EYE-001: Vision Defect Corrective Lens Inversion,conceptual_misconception,High,Prescribes convex lens for myopia based on magnification analogy.,,True,eye_defect_diagram,Myopic eye: parallel rays converge in front of retina. Concave lens diverges rays onto retina.,Eyeball | EyeLens | FocusPoint(in_front_of_retina) | Retina | ConcaveLens,"[""draw_eyeball()"", ""draw_converging_rays(focus_x='in front of retina')"", ""draw_corrective_lens(type='concave')""]",curated_per_literature,train,Why is a concave lens prescribed for a near-sighted person rather than a convex lens?,"Based on physical laws, Myopia, corrected with a convex magnifying lens to enlarge distant objects..","Myopia (near-sightedness). Eye lens has excessive convergence, focusing rays in front of retina. Corrected with a concave (diverging) lens.","Topic: Myopia Defect and Corrective Lens | Question: Why is a concave lens prescribed for a near-sighted person rather than a convex lens? | Student Response: Based on physical laws, Myopia, corrected with a convex magnifying lens to enlarge distant objects..",MISC-EYE-001: Vision Defect Corrective Lens Inversion
RESP-00368,PHY-THE-VISI-02,VISION_DEFECTS_MYOPIA,Class 10,The Human Eye and the Colourful World,Myopia Defect and Corrective Lens,Why is a concave lens prescribed for a near-sighted person rather than a convex lens?,"Myopia (near-sightedness). Eye lens has excessive convergence, focusing rays in front of retina. Corrected with a concave (diverging) lens.","According to my working, Myopia, corrected with a convex magnifying lens to enlarge distant objects.",MISC-EYE-001: Vision Defect Corrective Lens Inversion,conceptual_misconception,High,Prescribes convex lens for myopia based on magnification analogy.,,True,eye_defect_diagram,Myopic eye: parallel rays converge in front of retina. Concave lens diverges rays onto retina.,Eyeball | EyeLens | FocusPoint(in_front_of_retina) | Retina | ConcaveLens,"[""draw_eyeball()"", ""draw_converging_rays(focus_x='in front of retina')"", ""draw_corrective_lens(type='concave')""]",curated_per_literature,train,Why is a concave lens prescribed for a near-sighted person rather than a convex lens?,"According to my working, Myopia, corrected with a convex magnifying lens to enlarge distant objects.","Myopia (near-sightedness). Eye lens has excessive convergence, focusing rays in front of retina. Corrected with a concave (diverging) lens.","Topic: Myopia Defect and Corrective Lens | Question: Why is a concave lens prescribed for a near-sighted person rather than a convex lens? | Student Response: According to my working, Myopia, corrected with a convex magnifying lens to enlarge distant objects.",MISC-EYE-001: Vision Defect Corrective Lens Inversion
RESP-00369,PHY-THE-VISI-02,VISION_DEFECTS_MYOPIA,Class 10,The Human Eye and the Colourful World,Myopia Defect and Corrective Lens,Why is a concave lens prescribed for a near-sighted person rather than a convex lens?,"Myopia (near-sightedness). Eye lens has excessive convergence, focusing rays in front of retina. Corrected with a concave (diverging) lens.","Looking at the diagram, Myopia, corrected with a convex magnifying lens to enlarge distant objects..",MISC-EYE-001: Vision Defect Corrective Lens Inversion,conceptual_misconception,High,Prescribes convex lens for myopia based on magnification analogy.,,True,eye_defect_diagram,Myopic eye: parallel rays converge in front of retina. Concave lens diverges rays onto retina.,Eyeball | EyeLens | FocusPoint(in_front_of_retina) | Retina | ConcaveLens,"[""draw_eyeball()"", ""draw_converging_rays(focus_x='in front of retina')"", ""draw_corrective_lens(type='concave')""]",curated_per_literature,train,Why is a concave lens prescribed for a near-sighted person rather than a convex lens?,"Looking at the diagram, Myopia, corrected with a convex magnifying lens to enlarge distant objects..","Myopia (near-sightedness). Eye lens has excessive convergence, focusing rays in front of retina. Corrected with a concave (diverging) lens.","Topic: Myopia Defect and Corrective Lens | Question: Why is a concave lens prescribed for a near-sighted person rather than a convex lens? | Student Response: Looking at the diagram, Myopia, corrected with a convex magnifying lens to enlarge distant objects..",MISC-EYE-001: Vision Defect Corrective Lens Inversion
RESP-00370,PHY-THE-VISI-02,VISION_DEFECTS_MYOPIA,Class 10,The Human Eye and the Colourful World,Myopia Defect and Corrective Lens,Why is a concave lens prescribed for a near-sighted person rather than a convex lens?,"Myopia (near-sightedness). Eye lens has excessive convergence, focusing rays in front of retina. Corrected with a concave (diverging) lens.","My answer is: Myopia, corrected with a convex magnifying lens to enlarge distant objects..",MISC-EYE-001: Vision Defect Corrective Lens Inversion,conceptual_misconception,High,Prescribes convex lens for myopia based on magnification analogy.,,True,eye_defect_diagram,Myopic eye: parallel rays converge in front of retina. Concave lens diverges rays onto retina.,Eyeball | EyeLens | FocusPoint(in_front_of_retina) | Retina | ConcaveLens,"[""draw_eyeball()"", ""draw_converging_rays(focus_x='in front of retina')"", ""draw_corrective_lens(type='concave')""]",curated_per_literature,train,Why is a concave lens prescribed for a near-sighted person rather than a convex lens?,"My answer is: Myopia, corrected with a convex magnifying lens to enlarge distant objects..","Myopia (near-sightedness). Eye lens has excessive convergence, focusing rays in front of retina. Corrected with a concave (diverging) lens.","Topic: Myopia Defect and Corrective Lens | Question: Why is a concave lens prescribed for a near-sighted person rather than a convex lens? | Student Response: My answer is: Myopia, corrected with a convex magnifying lens to enlarge distant objects..",MISC-EYE-001: Vision Defect Corrective Lens Inversion
RESP-00371,PHY-THE-VISI-02,VISION_DEFECTS_MYOPIA,Class 10,The Human Eye and the Colourful World,Myopia Defect and Corrective Lens,Why is a concave lens prescribed for a near-sighted person rather than a convex lens?,"Myopia (near-sightedness). Eye lens has excessive convergence, focusing rays in front of retina. Corrected with a concave (diverging) lens.","Based on physical laws, Myopia, corrected with a convex magnifying lens to enlarge distant objects..",MISC-EYE-001: Vision Defect Corrective Lens Inversion,conceptual_misconception,High,Prescribes convex lens for myopia based on magnification analogy.,,True,eye_defect_diagram,Myopic eye: parallel rays converge in front of retina. Concave lens diverges rays onto retina.,Eyeball | EyeLens | FocusPoint(in_front_of_retina) | Retina | ConcaveLens,"[""draw_eyeball()"", ""draw_converging_rays(focus_x='in front of retina')"", ""draw_corrective_lens(type='concave')""]",curated_per_literature,train,Why is a concave lens prescribed for a near-sighted person rather than a convex lens?,"Based on physical laws, Myopia, corrected with a convex magnifying lens to enlarge distant objects..","Myopia (near-sightedness). Eye lens has excessive convergence, focusing rays in front of retina. Corrected with a concave (diverging) lens.","Topic: Myopia Defect and Corrective Lens | Question: Why is a concave lens prescribed for a near-sighted person rather than a convex lens? | Student Response: Based on physical laws, Myopia, corrected with a convex magnifying lens to enlarge distant objects..",MISC-EYE-001: Vision Defect Corrective Lens Inversion
RESP-00372,PHY-THE-VISI-02,VISION_DEFECTS_MYOPIA,Class 10,The Human Eye and the Colourful World,Myopia Defect and Corrective Lens,Why is a concave lens prescribed for a near-sighted person rather than a convex lens?,"Myopia (near-sightedness). Eye lens has excessive convergence, focusing rays in front of retina. Corrected with a concave (diverging) lens.","Step 1: calculate values. Myopia (short-sightedness), corrected using a concave lens of suitable focal length. That is the answer.",CORRECT: Scientifically Accurate Response,no_error,High,Correct defect and lens.,,True,eye_defect_diagram,Myopic eye: parallel rays converge in front of retina. Concave lens diverges rays onto retina.,Eyeball | EyeLens | FocusPoint(in_front_of_retina) | Retina | ConcaveLens,"[""draw_eyeball()"", ""draw_converging_rays(focus_x='in front of retina')"", ""draw_corrective_lens(type='concave')""]",authored_clean_sample,train,Why is a concave lens prescribed for a near-sighted person rather than a convex lens?,"Step 1: calculate values. Myopia (short-sightedness), corrected using a concave lens of suitable focal length. That is the answer.","Myopia (near-sightedness). Eye lens has excessive convergence, focusing rays in front of retina. Corrected with a concave (diverging) lens.","Topic: Myopia Defect and Corrective Lens | Question: Why is a concave lens prescribed for a near-sighted person rather than a convex lens? | Student Response: Step 1: calculate values. Myopia (short-sightedness), corrected using a concave lens of suitable focal length. That is the answer.",CORRECT: Scientifically Accurate Response
RESP-00373,PHY-THE-VISI-02,VISION_DEFECTS_MYOPIA,Class 10,The Human Eye and the Colourful World,Myopia Defect and Corrective Lens,Why is a concave lens prescribed for a near-sighted person rather than a convex lens?,"Myopia (near-sightedness). Eye lens has excessive convergence, focusing rays in front of retina. Corrected with a concave (diverging) lens.","In class we learned that Myopia (short-sightedness), corrected using a concave lens of suitable focal length..",CORRECT: Scientifically Accurate Response,no_error,High,Correct defect and lens.,,True,eye_defect_diagram,Myopic eye: parallel rays converge in front of retina. Concave lens diverges rays onto retina.,Eyeball | EyeLens | FocusPoint(in_front_of_retina) | Retina | ConcaveLens,"[""draw_eyeball()"", ""draw_converging_rays(focus_x='in front of retina')"", ""draw_corrective_lens(type='concave')""]",authored_clean_sample,train,Why is a concave lens prescribed for a near-sighted person rather than a convex lens?,"In class we learned that Myopia (short-sightedness), corrected using a concave lens of suitable focal length..","Myopia (near-sightedness). Eye lens has excessive convergence, focusing rays in front of retina. Corrected with a concave (diverging) lens.","Topic: Myopia Defect and Corrective Lens | Question: Why is a concave lens prescribed for a near-sighted person rather than a convex lens? | Student Response: In class we learned that Myopia (short-sightedness), corrected using a concave lens of suitable focal length..",CORRECT: Scientifically Accurate Response
RESP-00374,PHY-THE-VISI-02,VISION_DEFECTS_MYOPIA,Class 10,The Human Eye and the Colourful World,Myopia Defect and Corrective Lens,Why is a concave lens prescribed for a near-sighted person rather than a convex lens?,"Myopia (near-sightedness). Eye lens has excessive convergence, focusing rays in front of retina. Corrected with a concave (diverging) lens.","Myopia (short-sightedness), corrected using a concave lens of suitable focal length.",CORRECT: Scientifically Accurate Response,no_error,High,Correct defect and lens.,,True,eye_defect_diagram,Myopic eye: parallel rays converge in front of retina. Concave lens diverges rays onto retina.,Eyeball | EyeLens | FocusPoint(in_front_of_retina) | Retina | ConcaveLens,"[""draw_eyeball()"", ""draw_converging_rays(focus_x='in front of retina')"", ""draw_corrective_lens(type='concave')""]",authored_clean_sample,train,Why is a concave lens prescribed for a near-sighted person rather than a convex lens?,"Myopia (short-sightedness), corrected using a concave lens of suitable focal length.","Myopia (near-sightedness). Eye lens has excessive convergence, focusing rays in front of retina. Corrected with a concave (diverging) lens.","Topic: Myopia Defect and Corrective Lens | Question: Why is a concave lens prescribed for a near-sighted person rather than a convex lens? | Student Response: Myopia (short-sightedness), corrected using a concave lens of suitable focal length.",CORRECT: Scientifically Accurate Response
RESP-00375,PHY-THE-VISI-02,VISION_DEFECTS_MYOPIA,Class 10,The Human Eye and the Colourful World,Myopia Defect and Corrective Lens,Why is a concave lens prescribed for a near-sighted person rather than a convex lens?,"Myopia (near-sightedness). Eye lens has excessive convergence, focusing rays in front of retina. Corrected with a concave (diverging) lens.","From the formula, Myopia (short-sightedness), corrected using a concave lens of suitable focal length. as calculated.",CORRECT: Scientifically Accurate Response,no_error,High,Correct defect and lens.,,True,eye_defect_diagram,Myopic eye: parallel rays converge in front of retina. Concave lens diverges rays onto retina.,Eyeball | EyeLens | FocusPoint(in_front_of_retina) | Retina | ConcaveLens,"[""draw_eyeball()"", ""draw_converging_rays(focus_x='in front of retina')"", ""draw_corrective_lens(type='concave')""]",authored_clean_sample,train,Why is a concave lens prescribed for a near-sighted person rather than a convex lens?,"From the formula, Myopia (short-sightedness), corrected using a concave lens of suitable focal length. as calculated.","Myopia (near-sightedness). Eye lens has excessive convergence, focusing rays in front of retina. Corrected with a concave (diverging) lens.","Topic: Myopia Defect and Corrective Lens | Question: Why is a concave lens prescribed for a near-sighted person rather than a convex lens? | Student Response: From the formula, Myopia (short-sightedness), corrected using a concave lens of suitable focal length. as calculated.",CORRECT: Scientifically Accurate Response
RESP-00376,PHY-THE-VISI-02,VISION_DEFECTS_MYOPIA,Class 10,The Human Eye and the Colourful World,Myopia Defect and Corrective Lens,Why is a concave lens prescribed for a near-sighted person rather than a convex lens?,"Myopia (near-sightedness). Eye lens has excessive convergence, focusing rays in front of retina. Corrected with a concave (diverging) lens.","Step 1: calculate values. Myopia (short-sightedness), corrected using a concave lens of suitable focal length. That is the answer.",CORRECT: Scientifically Accurate Response,no_error,High,Correct defect and lens.,,True,eye_defect_diagram,Myopic eye: parallel rays converge in front of retina. Concave lens diverges rays onto retina.,Eyeball | EyeLens | FocusPoint(in_front_of_retina) | Retina | ConcaveLens,"[""draw_eyeball()"", ""draw_converging_rays(focus_x='in front of retina')"", ""draw_corrective_lens(type='concave')""]",authored_clean_sample,train,Why is a concave lens prescribed for a near-sighted person rather than a convex lens?,"Step 1: calculate values. Myopia (short-sightedness), corrected using a concave lens of suitable focal length. That is the answer.","Myopia (near-sightedness). Eye lens has excessive convergence, focusing rays in front of retina. Corrected with a concave (diverging) lens.","Topic: Myopia Defect and Corrective Lens | Question: Why is a concave lens prescribed for a near-sighted person rather than a convex lens? | Student Response: Step 1: calculate values. Myopia (short-sightedness), corrected using a concave lens of suitable focal length. That is the answer.",CORRECT: Scientifically Accurate Response
RESP-00377,PHY-MAG-MAGN-01,MAGNETISM_LORENTZ_FORCE,Class 10,Magnetic Effects of Electric Current,Force on Charges and Current in Magnetic Field,An electron moves horizontally from West to East into a uniform magnetic field directed vertically downwards. Find force direction.,"Electron moves West to East, so current I is East to West. B is Down. By Fleming's Left-Hand Rule: Forefinger (Field) = Down, Center (Current) = West => Thumb (Force) points South. For stationary proton, v = 0 so F = 0 N.","According to my working, Force points North because I used current in direction of electron motion (West to East).",MISC-MAG-005: Directional Hand Rule Inversion Fallacy,sign_inversion,High,Failed to invert current for negative charge.,,True,field_lines,Magnetic field B directed downwards. Electron travels West to East. Conventional current points East to West. Force points South.,"FieldVector(B, down) | ElectronMotion(East) | Current(West) | Force(South)","[""draw_vector(field='Down')"", ""draw_vector(electron='East')"", ""draw_vector(current='West')"", ""draw_vector(force='South')""]",authored_clean_sample,train,An electron moves horizontally from West to East into a uniform magnetic field directed vertically downwards. Find force direction.,"According to my working, Force points North because I used current in direction of electron motion (West to East).","Electron moves West to East, so current I is East to West. B is Down. By Fleming's Left-Hand Rule: Forefinger (Field) = Down, Center (Current) = West => Thumb (Force) points South. For stationary proton, v = 0 so F = 0 N.","Topic: Force on Charges and Current in Magnetic Field | Question: An electron moves horizontally from West to East into a uniform magnetic field directed vertically downwards. Find force direction. | Student Response: According to my working, Force points North because I used current in direction of electron motion (West to East).",MISC-MAG-005: Directional Hand Rule Inversion Fallacy
RESP-00378,PHY-MAG-MAGN-01,MAGNETISM_LORENTZ_FORCE,Class 10,Magnetic Effects of Electric Current,Force on Charges and Current in Magnetic Field,An electron moves horizontally from West to East into a uniform magnetic field directed vertically downwards. Find force direction.,"Electron moves West to East, so current I is East to West. B is Down. By Fleming's Left-Hand Rule: Forefinger (Field) = Down, Center (Current) = West => Thumb (Force) points South. For stationary proton, v = 0 so F = 0 N.","Looking at the diagram, Force points North because I used current in direction of electron motion (West to East)..",MISC-MAG-005: Directional Hand Rule Inversion Fallacy,sign_inversion,High,Failed to invert current for negative charge.,,True,field_lines,Magnetic field B directed downwards. Electron travels West to East. Conventional current points East to West. Force points South.,"FieldVector(B, down) | ElectronMotion(East) | Current(West) | Force(South)","[""draw_vector(field='Down')"", ""draw_vector(electron='East')"", ""draw_vector(current='West')"", ""draw_vector(force='South')""]",authored_clean_sample,train,An electron moves horizontally from West to East into a uniform magnetic field directed vertically downwards. Find force direction.,"Looking at the diagram, Force points North because I used current in direction of electron motion (West to East)..","Electron moves West to East, so current I is East to West. B is Down. By Fleming's Left-Hand Rule: Forefinger (Field) = Down, Center (Current) = West => Thumb (Force) points South. For stationary proton, v = 0 so F = 0 N.","Topic: Force on Charges and Current in Magnetic Field | Question: An electron moves horizontally from West to East into a uniform magnetic field directed vertically downwards. Find force direction. | Student Response: Looking at the diagram, Force points North because I used current in direction of electron motion (West to East)..",MISC-MAG-005: Directional Hand Rule Inversion Fallacy
RESP-00379,PHY-MAG-MAGN-01,MAGNETISM_LORENTZ_FORCE,Class 10,Magnetic Effects of Electric Current,Force on Charges and Current in Magnetic Field,An electron moves horizontally from West to East into a uniform magnetic field directed vertically downwards. Find force direction.,"Electron moves West to East, so current I is East to West. B is Down. By Fleming's Left-Hand Rule: Forefinger (Field) = Down, Center (Current) = West => Thumb (Force) points South. For stationary proton, v = 0 so F = 0 N.",My answer is: Force points North because I used current in direction of electron motion (West to East)..,MISC-MAG-005: Directional Hand Rule Inversion Fallacy,sign_inversion,High,Failed to invert current for negative charge.,,True,field_lines,Magnetic field B directed downwards. Electron travels West to East. Conventional current points East to West. Force points South.,"FieldVector(B, down) | ElectronMotion(East) | Current(West) | Force(South)","[""draw_vector(field='Down')"", ""draw_vector(electron='East')"", ""draw_vector(current='West')"", ""draw_vector(force='South')""]",authored_clean_sample,train,An electron moves horizontally from West to East into a uniform magnetic field directed vertically downwards. Find force direction.,My answer is: Force points North because I used current in direction of electron motion (West to East)..,"Electron moves West to East, so current I is East to West. B is Down. By Fleming's Left-Hand Rule: Forefinger (Field) = Down, Center (Current) = West => Thumb (Force) points South. For stationary proton, v = 0 so F = 0 N.",Topic: Force on Charges and Current in Magnetic Field | Question: An electron moves horizontally from West to East into a uniform magnetic field directed vertically downwards. Find force direction. | Student Response: My answer is: Force points North because I used current in direction of electron motion (West to East)..,MISC-MAG-005: Directional Hand Rule Inversion Fallacy
RESP-00380,PHY-MAG-MAGN-01,MAGNETISM_LORENTZ_FORCE,Class 10,Magnetic Effects of Electric Current,Force on Charges and Current in Magnetic Field,An electron moves horizontally from West to East into a uniform magnetic field directed vertically downwards. Find force direction.,"Electron moves West to East, so current I is East to West. B is Down. By Fleming's Left-Hand Rule: Forefinger (Field) = Down, Center (Current) = West => Thumb (Force) points South. For stationary proton, v = 0 so F = 0 N.","Based on physical laws, Force points North because I used current in direction of electron motion (West to East)..",MISC-MAG-005: Directional Hand Rule Inversion Fallacy,sign_inversion,High,Failed to invert current for negative charge.,,True,field_lines,Magnetic field B directed downwards. Electron travels West to East. Conventional current points East to West. Force points South.,"FieldVector(B, down) | ElectronMotion(East) | Current(West) | Force(South)","[""draw_vector(field='Down')"", ""draw_vector(electron='East')"", ""draw_vector(current='West')"", ""draw_vector(force='South')""]",authored_clean_sample,train,An electron moves horizontally from West to East into a uniform magnetic field directed vertically downwards. Find force direction.,"Based on physical laws, Force points North because I used current in direction of electron motion (West to East)..","Electron moves West to East, so current I is East to West. B is Down. By Fleming's Left-Hand Rule: Forefinger (Field) = Down, Center (Current) = West => Thumb (Force) points South. For stationary proton, v = 0 so F = 0 N.","Topic: Force on Charges and Current in Magnetic Field | Question: An electron moves horizontally from West to East into a uniform magnetic field directed vertically downwards. Find force direction. | Student Response: Based on physical laws, Force points North because I used current in direction of electron motion (West to East)..",MISC-MAG-005: Directional Hand Rule Inversion Fallacy
RESP-00381,PHY-MAG-MAGN-01,MAGNETISM_LORENTZ_FORCE,Class 10,Magnetic Effects of Electric Current,Force on Charges and Current in Magnetic Field,An electron moves horizontally from West to East into a uniform magnetic field directed vertically downwards. Find force direction.,"Electron moves West to East, so current I is East to West. B is Down. By Fleming's Left-Hand Rule: Forefinger (Field) = Down, Center (Current) = West => Thumb (Force) points South. For stationary proton, v = 0 so F = 0 N.","According to my working, Force points North because I used current in direction of electron motion (West to East).",MISC-MAG-005: Directional Hand Rule Inversion Fallacy,sign_inversion,High,Failed to invert current for negative charge.,,True,field_lines,Magnetic field B directed downwards. Electron travels West to East. Conventional current points East to West. Force points South.,"FieldVector(B, down) | ElectronMotion(East) | Current(West) | Force(South)","[""draw_vector(field='Down')"", ""draw_vector(electron='East')"", ""draw_vector(current='West')"", ""draw_vector(force='South')""]",authored_clean_sample,test,An electron moves horizontally from West to East into a uniform magnetic field directed vertically downwards. Find force direction.,"According to my working, Force points North because I used current in direction of electron motion (West to East).","Electron moves West to East, so current I is East to West. B is Down. By Fleming's Left-Hand Rule: Forefinger (Field) = Down, Center (Current) = West => Thumb (Force) points South. For stationary proton, v = 0 so F = 0 N.","Topic: Force on Charges and Current in Magnetic Field | Question: An electron moves horizontally from West to East into a uniform magnetic field directed vertically downwards. Find force direction. | Student Response: According to my working, Force points North because I used current in direction of electron motion (West to East).",MISC-MAG-005: Directional Hand Rule Inversion Fallacy
RESP-00382,PHY-MAG-MAGN-01,MAGNETISM_LORENTZ_FORCE,Class 10,Magnetic Effects of Electric Current,Force on Charges and Current in Magnetic Field,An electron moves horizontally from West to East into a uniform magnetic field directed vertically downwards. Find force direction.,"Electron moves West to East, so current I is East to West. B is Down. By Fleming's Left-Hand Rule: Forefinger (Field) = Down, Center (Current) = West => Thumb (Force) points South. For stationary proton, v = 0 so F = 0 N.",In class we learned that The stationary proton is repelled by North pole because North is positive charge..,MISC-MAG-001: Magnetic Pole = Electrostatic Charge Fallacy,conceptual_misconception,High,Equates magnetic pole to electrostatic charge.,,True,field_lines,Magnetic field B directed downwards. Electron travels West to East. Conventional current points East to West. Force points South.,"FieldVector(B, down) | ElectronMotion(East) | Current(West) | Force(South)","[""draw_vector(field='Down')"", ""draw_vector(electron='East')"", ""draw_vector(current='West')"", ""draw_vector(force='South')""]",curated_per_literature,test,An electron moves horizontally from West to East into a uniform magnetic field directed vertically downwards. Find force direction.,In class we learned that The stationary proton is repelled by North pole because North is positive charge..,"Electron moves West to East, so current I is East to West. B is Down. By Fleming's Left-Hand Rule: Forefinger (Field) = Down, Center (Current) = West => Thumb (Force) points South. For stationary proton, v = 0 so F = 0 N.",Topic: Force on Charges and Current in Magnetic Field | Question: An electron moves horizontally from West to East into a uniform magnetic field directed vertically downwards. Find force direction. | Student Response: In class we learned that The stationary proton is repelled by North pole because North is positive charge..,MISC-MAG-001: Magnetic Pole = Electrostatic Charge Fallacy
RESP-00383,PHY-MAG-MAGN-01,MAGNETISM_LORENTZ_FORCE,Class 10,Magnetic Effects of Electric Current,Force on Charges and Current in Magnetic Field,An electron moves horizontally from West to East into a uniform magnetic field directed vertically downwards. Find force direction.,"Electron moves West to East, so current I is East to West. B is Down. By Fleming's Left-Hand Rule: Forefinger (Field) = Down, Center (Current) = West => Thumb (Force) points South. For stationary proton, v = 0 so F = 0 N.",The stationary proton is repelled by North pole because North is positive charge.,MISC-MAG-001: Magnetic Pole = Electrostatic Charge Fallacy,conceptual_misconception,High,Equates magnetic pole to electrostatic charge.,,True,field_lines,Magnetic field B directed downwards. Electron travels West to East. Conventional current points East to West. Force points South.,"FieldVector(B, down) | ElectronMotion(East) | Current(West) | Force(South)","[""draw_vector(field='Down')"", ""draw_vector(electron='East')"", ""draw_vector(current='West')"", ""draw_vector(force='South')""]",curated_per_literature,test,An electron moves horizontally from West to East into a uniform magnetic field directed vertically downwards. Find force direction.,The stationary proton is repelled by North pole because North is positive charge.,"Electron moves West to East, so current I is East to West. B is Down. By Fleming's Left-Hand Rule: Forefinger (Field) = Down, Center (Current) = West => Thumb (Force) points South. For stationary proton, v = 0 so F = 0 N.",Topic: Force on Charges and Current in Magnetic Field | Question: An electron moves horizontally from West to East into a uniform magnetic field directed vertically downwards. Find force direction. | Student Response: The stationary proton is repelled by North pole because North is positive charge.,MISC-MAG-001: Magnetic Pole = Electrostatic Charge Fallacy
RESP-00384,PHY-MAG-MAGN-01,MAGNETISM_LORENTZ_FORCE,Class 10,Magnetic Effects of Electric Current,Force on Charges and Current in Magnetic Field,An electron moves horizontally from West to East into a uniform magnetic field directed vertically downwards. Find force direction.,"Electron moves West to East, so current I is East to West. B is Down. By Fleming's Left-Hand Rule: Forefinger (Field) = Down, Center (Current) = West => Thumb (Force) points South. For stationary proton, v = 0 so F = 0 N.","From the formula, The stationary proton is repelled by North pole because North is positive charge. as calculated.",MISC-MAG-001: Magnetic Pole = Electrostatic Charge Fallacy,conceptual_misconception,High,Equates magnetic pole to electrostatic charge.,,True,field_lines,Magnetic field B directed downwards. Electron travels West to East. Conventional current points East to West. Force points South.,"FieldVector(B, down) | ElectronMotion(East) | Current(West) | Force(South)","[""draw_vector(field='Down')"", ""draw_vector(electron='East')"", ""draw_vector(current='West')"", ""draw_vector(force='South')""]",curated_per_literature,val,An electron moves horizontally from West to East into a uniform magnetic field directed vertically downwards. Find force direction.,"From the formula, The stationary proton is repelled by North pole because North is positive charge. as calculated.","Electron moves West to East, so current I is East to West. B is Down. By Fleming's Left-Hand Rule: Forefinger (Field) = Down, Center (Current) = West => Thumb (Force) points South. For stationary proton, v = 0 so F = 0 N.","Topic: Force on Charges and Current in Magnetic Field | Question: An electron moves horizontally from West to East into a uniform magnetic field directed vertically downwards. Find force direction. | Student Response: From the formula, The stationary proton is repelled by North pole because North is positive charge. as calculated.",MISC-MAG-001: Magnetic Pole = Electrostatic Charge Fallacy
RESP-00385,PHY-MAG-MAGN-01,MAGNETISM_LORENTZ_FORCE,Class 10,Magnetic Effects of Electric Current,Force on Charges and Current in Magnetic Field,An electron moves horizontally from West to East into a uniform magnetic field directed vertically downwards. Find force direction.,"Electron moves West to East, so current I is East to West. B is Down. By Fleming's Left-Hand Rule: Forefinger (Field) = Down, Center (Current) = West => Thumb (Force) points South. For stationary proton, v = 0 so F = 0 N.",Step 1: calculate values. The stationary proton is repelled by North pole because North is positive charge. That is the answer.,MISC-MAG-001: Magnetic Pole = Electrostatic Charge Fallacy,conceptual_misconception,High,Equates magnetic pole to electrostatic charge.,,True,field_lines,Magnetic field B directed downwards. Electron travels West to East. Conventional current points East to West. Force points South.,"FieldVector(B, down) | ElectronMotion(East) | Current(West) | Force(South)","[""draw_vector(field='Down')"", ""draw_vector(electron='East')"", ""draw_vector(current='West')"", ""draw_vector(force='South')""]",curated_per_literature,val,An electron moves horizontally from West to East into a uniform magnetic field directed vertically downwards. Find force direction.,Step 1: calculate values. The stationary proton is repelled by North pole because North is positive charge. That is the answer.,"Electron moves West to East, so current I is East to West. B is Down. By Fleming's Left-Hand Rule: Forefinger (Field) = Down, Center (Current) = West => Thumb (Force) points South. For stationary proton, v = 0 so F = 0 N.",Topic: Force on Charges and Current in Magnetic Field | Question: An electron moves horizontally from West to East into a uniform magnetic field directed vertically downwards. Find force direction. | Student Response: Step 1: calculate values. The stationary proton is repelled by North pole because North is positive charge. That is the answer.,MISC-MAG-001: Magnetic Pole = Electrostatic Charge Fallacy
RESP-00386,PHY-MAG-MAGN-01,MAGNETISM_LORENTZ_FORCE,Class 10,Magnetic Effects of Electric Current,Force on Charges and Current in Magnetic Field,An electron moves horizontally from West to East into a uniform magnetic field directed vertically downwards. Find force direction.,"Electron moves West to East, so current I is East to West. B is Down. By Fleming's Left-Hand Rule: Forefinger (Field) = Down, Center (Current) = West => Thumb (Force) points South. For stationary proton, v = 0 so F = 0 N.",In class we learned that The stationary proton is repelled by North pole because North is positive charge..,MISC-MAG-001: Magnetic Pole = Electrostatic Charge Fallacy,conceptual_misconception,High,Equates magnetic pole to electrostatic charge.,,True,field_lines,Magnetic field B directed downwards. Electron travels West to East. Conventional current points East to West. Force points South.,"FieldVector(B, down) | ElectronMotion(East) | Current(West) | Force(South)","[""draw_vector(field='Down')"", ""draw_vector(electron='East')"", ""draw_vector(current='West')"", ""draw_vector(force='South')""]",curated_per_literature,val,An electron moves horizontally from West to East into a uniform magnetic field directed vertically downwards. Find force direction.,In class we learned that The stationary proton is repelled by North pole because North is positive charge..,"Electron moves West to East, so current I is East to West. B is Down. By Fleming's Left-Hand Rule: Forefinger (Field) = Down, Center (Current) = West => Thumb (Force) points South. For stationary proton, v = 0 so F = 0 N.",Topic: Force on Charges and Current in Magnetic Field | Question: An electron moves horizontally from West to East into a uniform magnetic field directed vertically downwards. Find force direction. | Student Response: In class we learned that The stationary proton is repelled by North pole because North is positive charge..,MISC-MAG-001: Magnetic Pole = Electrostatic Charge Fallacy
RESP-00387,PHY-MAG-MAGN-01,MAGNETISM_LORENTZ_FORCE,Class 10,Magnetic Effects of Electric Current,Force on Charges and Current in Magnetic Field,An electron moves horizontally from West to East into a uniform magnetic field directed vertically downwards. Find force direction.,"Electron moves West to East, so current I is East to West. B is Down. By Fleming's Left-Hand Rule: Forefinger (Field) = Down, Center (Current) = West => Thumb (Force) points South. For stationary proton, v = 0 so F = 0 N.","Looking at the diagram, Force is South for electron; 0 N for stationary proton..",CORRECT: Scientifically Accurate Response,no_error,High,Correct application of Fleming's rule and Lorentz velocity condition.,,True,field_lines,Magnetic field B directed downwards. Electron travels West to East. Conventional current points East to West. Force points South.,"FieldVector(B, down) | ElectronMotion(East) | Current(West) | Force(South)","[""draw_vector(field='Down')"", ""draw_vector(electron='East')"", ""draw_vector(current='West')"", ""draw_vector(force='South')""]",authored_clean_sample,train,An electron moves horizontally from West to East into a uniform magnetic field directed vertically downwards. Find force direction.,"Looking at the diagram, Force is South for electron; 0 N for stationary proton..","Electron moves West to East, so current I is East to West. B is Down. By Fleming's Left-Hand Rule: Forefinger (Field) = Down, Center (Current) = West => Thumb (Force) points South. For stationary proton, v = 0 so F = 0 N.","Topic: Force on Charges and Current in Magnetic Field | Question: An electron moves horizontally from West to East into a uniform magnetic field directed vertically downwards. Find force direction. | Student Response: Looking at the diagram, Force is South for electron; 0 N for stationary proton..",CORRECT: Scientifically Accurate Response
RESP-00388,PHY-MAG-MAGN-01,MAGNETISM_LORENTZ_FORCE,Class 10,Magnetic Effects of Electric Current,Force on Charges and Current in Magnetic Field,An electron moves horizontally from West to East into a uniform magnetic field directed vertically downwards. Find force direction.,"Electron moves West to East, so current I is East to West. B is Down. By Fleming's Left-Hand Rule: Forefinger (Field) = Down, Center (Current) = West => Thumb (Force) points South. For stationary proton, v = 0 so F = 0 N.",My answer is: Force is South for electron; 0 N for stationary proton..,CORRECT: Scientifically Accurate Response,no_error,High,Correct application of Fleming's rule and Lorentz velocity condition.,,True,field_lines,Magnetic field B directed downwards. Electron travels West to East. Conventional current points East to West. Force points South.,"FieldVector(B, down) | ElectronMotion(East) | Current(West) | Force(South)","[""draw_vector(field='Down')"", ""draw_vector(electron='East')"", ""draw_vector(current='West')"", ""draw_vector(force='South')""]",authored_clean_sample,train,An electron moves horizontally from West to East into a uniform magnetic field directed vertically downwards. Find force direction.,My answer is: Force is South for electron; 0 N for stationary proton..,"Electron moves West to East, so current I is East to West. B is Down. By Fleming's Left-Hand Rule: Forefinger (Field) = Down, Center (Current) = West => Thumb (Force) points South. For stationary proton, v = 0 so F = 0 N.",Topic: Force on Charges and Current in Magnetic Field | Question: An electron moves horizontally from West to East into a uniform magnetic field directed vertically downwards. Find force direction. | Student Response: My answer is: Force is South for electron; 0 N for stationary proton..,CORRECT: Scientifically Accurate Response
RESP-00389,PHY-MAG-MAGN-01,MAGNETISM_LORENTZ_FORCE,Class 10,Magnetic Effects of Electric Current,Force on Charges and Current in Magnetic Field,An electron moves horizontally from West to East into a uniform magnetic field directed vertically downwards. Find force direction.,"Electron moves West to East, so current I is East to West. B is Down. By Fleming's Left-Hand Rule: Forefinger (Field) = Down, Center (Current) = West => Thumb (Force) points South. For stationary proton, v = 0 so F = 0 N.","Based on physical laws, Force is South for electron; 0 N for stationary proton..",CORRECT: Scientifically Accurate Response,no_error,High,Correct application of Fleming's rule and Lorentz velocity condition.,,True,field_lines,Magnetic field B directed downwards. Electron travels West to East. Conventional current points East to West. Force points South.,"FieldVector(B, down) | ElectronMotion(East) | Current(West) | Force(South)","[""draw_vector(field='Down')"", ""draw_vector(electron='East')"", ""draw_vector(current='West')"", ""draw_vector(force='South')""]",authored_clean_sample,train,An electron moves horizontally from West to East into a uniform magnetic field directed vertically downwards. Find force direction.,"Based on physical laws, Force is South for electron; 0 N for stationary proton..","Electron moves West to East, so current I is East to West. B is Down. By Fleming's Left-Hand Rule: Forefinger (Field) = Down, Center (Current) = West => Thumb (Force) points South. For stationary proton, v = 0 so F = 0 N.","Topic: Force on Charges and Current in Magnetic Field | Question: An electron moves horizontally from West to East into a uniform magnetic field directed vertically downwards. Find force direction. | Student Response: Based on physical laws, Force is South for electron; 0 N for stationary proton..",CORRECT: Scientifically Accurate Response
RESP-00390,PHY-MAG-MAGN-01,MAGNETISM_LORENTZ_FORCE,Class 10,Magnetic Effects of Electric Current,Force on Charges and Current in Magnetic Field,An electron moves horizontally from West to East into a uniform magnetic field directed vertically downwards. Find force direction.,"Electron moves West to East, so current I is East to West. B is Down. By Fleming's Left-Hand Rule: Forefinger (Field) = Down, Center (Current) = West => Thumb (Force) points South. For stationary proton, v = 0 so F = 0 N.","According to my working, Force is South for electron; 0 N for stationary proton.",CORRECT: Scientifically Accurate Response,no_error,High,Correct application of Fleming's rule and Lorentz velocity condition.,,True,field_lines,Magnetic field B directed downwards. Electron travels West to East. Conventional current points East to West. Force points South.,"FieldVector(B, down) | ElectronMotion(East) | Current(West) | Force(South)","[""draw_vector(field='Down')"", ""draw_vector(electron='East')"", ""draw_vector(current='West')"", ""draw_vector(force='South')""]",authored_clean_sample,train,An electron moves horizontally from West to East into a uniform magnetic field directed vertically downwards. Find force direction.,"According to my working, Force is South for electron; 0 N for stationary proton.","Electron moves West to East, so current I is East to West. B is Down. By Fleming's Left-Hand Rule: Forefinger (Field) = Down, Center (Current) = West => Thumb (Force) points South. For stationary proton, v = 0 so F = 0 N.","Topic: Force on Charges and Current in Magnetic Field | Question: An electron moves horizontally from West to East into a uniform magnetic field directed vertically downwards. Find force direction. | Student Response: According to my working, Force is South for electron; 0 N for stationary proton.",CORRECT: Scientifically Accurate Response
RESP-00391,PHY-MAG-MAGN-01,MAGNETISM_LORENTZ_FORCE,Class 10,Magnetic Effects of Electric Current,Force on Charges and Current in Magnetic Field,An electron moves horizontally from West to East into a uniform magnetic field directed vertically downwards. Find force direction.,"Electron moves West to East, so current I is East to West. B is Down. By Fleming's Left-Hand Rule: Forefinger (Field) = Down, Center (Current) = West => Thumb (Force) points South. For stationary proton, v = 0 so F = 0 N.","Looking at the diagram, Force is South for electron; 0 N for stationary proton..",CORRECT: Scientifically Accurate Response,no_error,High,Correct application of Fleming's rule and Lorentz velocity condition.,,True,field_lines,Magnetic field B directed downwards. Electron travels West to East. Conventional current points East to West. Force points South.,"FieldVector(B, down) | ElectronMotion(East) | Current(West) | Force(South)","[""draw_vector(field='Down')"", ""draw_vector(electron='East')"", ""draw_vector(current='West')"", ""draw_vector(force='South')""]",authored_clean_sample,train,An electron moves horizontally from West to East into a uniform magnetic field directed vertically downwards. Find force direction.,"Looking at the diagram, Force is South for electron; 0 N for stationary proton..","Electron moves West to East, so current I is East to West. B is Down. By Fleming's Left-Hand Rule: Forefinger (Field) = Down, Center (Current) = West => Thumb (Force) points South. For stationary proton, v = 0 so F = 0 N.","Topic: Force on Charges and Current in Magnetic Field | Question: An electron moves horizontally from West to East into a uniform magnetic field directed vertically downwards. Find force direction. | Student Response: Looking at the diagram, Force is South for electron; 0 N for stationary proton..",CORRECT: Scientifically Accurate Response
RESP-00392,PHY-MAG-MAGN-02,MAGNETISM_LORENTZ_FORCE,Class 10,Magnetic Effects of Electric Current,Force on Charges and Current in Magnetic Field,What is the magnetic force on a stationary proton placed midway between the North and South poles of a strong magnet?,"Electron moves West to East, so current I is East to West. B is Down. By Fleming's Left-Hand Rule: Forefinger (Field) = Down, Center (Current) = West => Thumb (Force) points South. For stationary proton, v = 0 so F = 0 N.",Force points North because I used current in direction of electron motion (West to East).,MISC-MAG-005: Directional Hand Rule Inversion Fallacy,sign_inversion,High,Failed to invert current for negative charge.,,True,field_lines,Magnetic field B directed downwards. Electron travels West to East. Conventional current points East to West. Force points South.,"FieldVector(B, down) | ElectronMotion(East) | Current(West) | Force(South)","[""draw_vector(field='Down')"", ""draw_vector(electron='East')"", ""draw_vector(current='West')"", ""draw_vector(force='South')""]",authored_clean_sample,train,What is the magnetic force on a stationary proton placed midway between the North and South poles of a strong magnet?,Force points North because I used current in direction of electron motion (West to East).,"Electron moves West to East, so current I is East to West. B is Down. By Fleming's Left-Hand Rule: Forefinger (Field) = Down, Center (Current) = West => Thumb (Force) points South. For stationary proton, v = 0 so F = 0 N.",Topic: Force on Charges and Current in Magnetic Field | Question: What is the magnetic force on a stationary proton placed midway between the North and South poles of a strong magnet? | Student Response: Force points North because I used current in direction of electron motion (West to East).,MISC-MAG-005: Directional Hand Rule Inversion Fallacy
RESP-00393,PHY-MAG-MAGN-02,MAGNETISM_LORENTZ_FORCE,Class 10,Magnetic Effects of Electric Current,Force on Charges and Current in Magnetic Field,What is the magnetic force on a stationary proton placed midway between the North and South poles of a strong magnet?,"Electron moves West to East, so current I is East to West. B is Down. By Fleming's Left-Hand Rule: Forefinger (Field) = Down, Center (Current) = West => Thumb (Force) points South. For stationary proton, v = 0 so F = 0 N.","From the formula, Force points North because I used current in direction of electron motion (West to East). as calculated.",MISC-MAG-005: Directional Hand Rule Inversion Fallacy,sign_inversion,High,Failed to invert current for negative charge.,,True,field_lines,Magnetic field B directed downwards. Electron travels West to East. Conventional current points East to West. Force points South.,"FieldVector(B, down) | ElectronMotion(East) | Current(West) | Force(South)","[""draw_vector(field='Down')"", ""draw_vector(electron='East')"", ""draw_vector(current='West')"", ""draw_vector(force='South')""]",authored_clean_sample,train,What is the magnetic force on a stationary proton placed midway between the North and South poles of a strong magnet?,"From the formula, Force points North because I used current in direction of electron motion (West to East). as calculated.","Electron moves West to East, so current I is East to West. B is Down. By Fleming's Left-Hand Rule: Forefinger (Field) = Down, Center (Current) = West => Thumb (Force) points South. For stationary proton, v = 0 so F = 0 N.","Topic: Force on Charges and Current in Magnetic Field | Question: What is the magnetic force on a stationary proton placed midway between the North and South poles of a strong magnet? | Student Response: From the formula, Force points North because I used current in direction of electron motion (West to East). as calculated.",MISC-MAG-005: Directional Hand Rule Inversion Fallacy
RESP-00394,PHY-MAG-MAGN-02,MAGNETISM_LORENTZ_FORCE,Class 10,Magnetic Effects of Electric Current,Force on Charges and Current in Magnetic Field,What is the magnetic force on a stationary proton placed midway between the North and South poles of a strong magnet?,"Electron moves West to East, so current I is East to West. B is Down. By Fleming's Left-Hand Rule: Forefinger (Field) = Down, Center (Current) = West => Thumb (Force) points South. For stationary proton, v = 0 so F = 0 N.",Step 1: calculate values. Force points North because I used current in direction of electron motion (West to East). That is the answer.,MISC-MAG-005: Directional Hand Rule Inversion Fallacy,sign_inversion,High,Failed to invert current for negative charge.,,True,field_lines,Magnetic field B directed downwards. Electron travels West to East. Conventional current points East to West. Force points South.,"FieldVector(B, down) | ElectronMotion(East) | Current(West) | Force(South)","[""draw_vector(field='Down')"", ""draw_vector(electron='East')"", ""draw_vector(current='West')"", ""draw_vector(force='South')""]",authored_clean_sample,train,What is the magnetic force on a stationary proton placed midway between the North and South poles of a strong magnet?,Step 1: calculate values. Force points North because I used current in direction of electron motion (West to East). That is the answer.,"Electron moves West to East, so current I is East to West. B is Down. By Fleming's Left-Hand Rule: Forefinger (Field) = Down, Center (Current) = West => Thumb (Force) points South. For stationary proton, v = 0 so F = 0 N.",Topic: Force on Charges and Current in Magnetic Field | Question: What is the magnetic force on a stationary proton placed midway between the North and South poles of a strong magnet? | Student Response: Step 1: calculate values. Force points North because I used current in direction of electron motion (West to East). That is the answer.,MISC-MAG-005: Directional Hand Rule Inversion Fallacy
RESP-00395,PHY-MAG-MAGN-02,MAGNETISM_LORENTZ_FORCE,Class 10,Magnetic Effects of Electric Current,Force on Charges and Current in Magnetic Field,What is the magnetic force on a stationary proton placed midway between the North and South poles of a strong magnet?,"Electron moves West to East, so current I is East to West. B is Down. By Fleming's Left-Hand Rule: Forefinger (Field) = Down, Center (Current) = West => Thumb (Force) points South. For stationary proton, v = 0 so F = 0 N.",In class we learned that Force points North because I used current in direction of electron motion (West to East)..,MISC-MAG-005: Directional Hand Rule Inversion Fallacy,sign_inversion,High,Failed to invert current for negative charge.,,True,field_lines,Magnetic field B directed downwards. Electron travels West to East. Conventional current points East to West. Force points South.,"FieldVector(B, down) | ElectronMotion(East) | Current(West) | Force(South)","[""draw_vector(field='Down')"", ""draw_vector(electron='East')"", ""draw_vector(current='West')"", ""draw_vector(force='South')""]",authored_clean_sample,train,What is the magnetic force on a stationary proton placed midway between the North and South poles of a strong magnet?,In class we learned that Force points North because I used current in direction of electron motion (West to East)..,"Electron moves West to East, so current I is East to West. B is Down. By Fleming's Left-Hand Rule: Forefinger (Field) = Down, Center (Current) = West => Thumb (Force) points South. For stationary proton, v = 0 so F = 0 N.",Topic: Force on Charges and Current in Magnetic Field | Question: What is the magnetic force on a stationary proton placed midway between the North and South poles of a strong magnet? | Student Response: In class we learned that Force points North because I used current in direction of electron motion (West to East)..,MISC-MAG-005: Directional Hand Rule Inversion Fallacy
RESP-00396,PHY-MAG-MAGN-02,MAGNETISM_LORENTZ_FORCE,Class 10,Magnetic Effects of Electric Current,Force on Charges and Current in Magnetic Field,What is the magnetic force on a stationary proton placed midway between the North and South poles of a strong magnet?,"Electron moves West to East, so current I is East to West. B is Down. By Fleming's Left-Hand Rule: Forefinger (Field) = Down, Center (Current) = West => Thumb (Force) points South. For stationary proton, v = 0 so F = 0 N.",Force points North because I used current in direction of electron motion (West to East).,MISC-MAG-005: Directional Hand Rule Inversion Fallacy,sign_inversion,High,Failed to invert current for negative charge.,,True,field_lines,Magnetic field B directed downwards. Electron travels West to East. Conventional current points East to West. Force points South.,"FieldVector(B, down) | ElectronMotion(East) | Current(West) | Force(South)","[""draw_vector(field='Down')"", ""draw_vector(electron='East')"", ""draw_vector(current='West')"", ""draw_vector(force='South')""]",authored_clean_sample,train,What is the magnetic force on a stationary proton placed midway between the North and South poles of a strong magnet?,Force points North because I used current in direction of electron motion (West to East).,"Electron moves West to East, so current I is East to West. B is Down. By Fleming's Left-Hand Rule: Forefinger (Field) = Down, Center (Current) = West => Thumb (Force) points South. For stationary proton, v = 0 so F = 0 N.",Topic: Force on Charges and Current in Magnetic Field | Question: What is the magnetic force on a stationary proton placed midway between the North and South poles of a strong magnet? | Student Response: Force points North because I used current in direction of electron motion (West to East).,MISC-MAG-005: Directional Hand Rule Inversion Fallacy
RESP-00397,PHY-MAG-MAGN-02,MAGNETISM_LORENTZ_FORCE,Class 10,Magnetic Effects of Electric Current,Force on Charges and Current in Magnetic Field,What is the magnetic force on a stationary proton placed midway between the North and South poles of a strong magnet?,"Electron moves West to East, so current I is East to West. B is Down. By Fleming's Left-Hand Rule: Forefinger (Field) = Down, Center (Current) = West => Thumb (Force) points South. For stationary proton, v = 0 so F = 0 N.",My answer is: The stationary proton is repelled by North pole because North is positive charge..,MISC-MAG-001: Magnetic Pole = Electrostatic Charge Fallacy,conceptual_misconception,High,Equates magnetic pole to electrostatic charge.,,True,field_lines,Magnetic field B directed downwards. Electron travels West to East. Conventional current points East to West. Force points South.,"FieldVector(B, down) | ElectronMotion(East) | Current(West) | Force(South)","[""draw_vector(field='Down')"", ""draw_vector(electron='East')"", ""draw_vector(current='West')"", ""draw_vector(force='South')""]",curated_per_literature,train,What is the magnetic force on a stationary proton placed midway between the North and South poles of a strong magnet?,My answer is: The stationary proton is repelled by North pole because North is positive charge..,"Electron moves West to East, so current I is East to West. B is Down. By Fleming's Left-Hand Rule: Forefinger (Field) = Down, Center (Current) = West => Thumb (Force) points South. For stationary proton, v = 0 so F = 0 N.",Topic: Force on Charges and Current in Magnetic Field | Question: What is the magnetic force on a stationary proton placed midway between the North and South poles of a strong magnet? | Student Response: My answer is: The stationary proton is repelled by North pole because North is positive charge..,MISC-MAG-001: Magnetic Pole = Electrostatic Charge Fallacy
RESP-00398,PHY-MAG-MAGN-02,MAGNETISM_LORENTZ_FORCE,Class 10,Magnetic Effects of Electric Current,Force on Charges and Current in Magnetic Field,What is the magnetic force on a stationary proton placed midway between the North and South poles of a strong magnet?,"Electron moves West to East, so current I is East to West. B is Down. By Fleming's Left-Hand Rule: Forefinger (Field) = Down, Center (Current) = West => Thumb (Force) points South. For stationary proton, v = 0 so F = 0 N.","Based on physical laws, The stationary proton is repelled by North pole because North is positive charge..",MISC-MAG-001: Magnetic Pole = Electrostatic Charge Fallacy,conceptual_misconception,High,Equates magnetic pole to electrostatic charge.,,True,field_lines,Magnetic field B directed downwards. Electron travels West to East. Conventional current points East to West. Force points South.,"FieldVector(B, down) | ElectronMotion(East) | Current(West) | Force(South)","[""draw_vector(field='Down')"", ""draw_vector(electron='East')"", ""draw_vector(current='West')"", ""draw_vector(force='South')""]",curated_per_literature,train,What is the magnetic force on a stationary proton placed midway between the North and South poles of a strong magnet?,"Based on physical laws, The stationary proton is repelled by North pole because North is positive charge..","Electron moves West to East, so current I is East to West. B is Down. By Fleming's Left-Hand Rule: Forefinger (Field) = Down, Center (Current) = West => Thumb (Force) points South. For stationary proton, v = 0 so F = 0 N.","Topic: Force on Charges and Current in Magnetic Field | Question: What is the magnetic force on a stationary proton placed midway between the North and South poles of a strong magnet? | Student Response: Based on physical laws, The stationary proton is repelled by North pole because North is positive charge..",MISC-MAG-001: Magnetic Pole = Electrostatic Charge Fallacy
RESP-00399,PHY-MAG-MAGN-02,MAGNETISM_LORENTZ_FORCE,Class 10,Magnetic Effects of Electric Current,Force on Charges and Current in Magnetic Field,What is the magnetic force on a stationary proton placed midway between the North and South poles of a strong magnet?,"Electron moves West to East, so current I is East to West. B is Down. By Fleming's Left-Hand Rule: Forefinger (Field) = Down, Center (Current) = West => Thumb (Force) points South. For stationary proton, v = 0 so F = 0 N.","According to my working, The stationary proton is repelled by North pole because North is positive charge.",MISC-MAG-001: Magnetic Pole = Electrostatic Charge Fallacy,conceptual_misconception,High,Equates magnetic pole to electrostatic charge.,,True,field_lines,Magnetic field B directed downwards. Electron travels West to East. Conventional current points East to West. Force points South.,"FieldVector(B, down) | ElectronMotion(East) | Current(West) | Force(South)","[""draw_vector(field='Down')"", ""draw_vector(electron='East')"", ""draw_vector(current='West')"", ""draw_vector(force='South')""]",curated_per_literature,train,What is the magnetic force on a stationary proton placed midway between the North and South poles of a strong magnet?,"According to my working, The stationary proton is repelled by North pole because North is positive charge.","Electron moves West to East, so current I is East to West. B is Down. By Fleming's Left-Hand Rule: Forefinger (Field) = Down, Center (Current) = West => Thumb (Force) points South. For stationary proton, v = 0 so F = 0 N.","Topic: Force on Charges and Current in Magnetic Field | Question: What is the magnetic force on a stationary proton placed midway between the North and South poles of a strong magnet? | Student Response: According to my working, The stationary proton is repelled by North pole because North is positive charge.",MISC-MAG-001: Magnetic Pole = Electrostatic Charge Fallacy
RESP-00400,PHY-MAG-MAGN-02,MAGNETISM_LORENTZ_FORCE,Class 10,Magnetic Effects of Electric Current,Force on Charges and Current in Magnetic Field,What is the magnetic force on a stationary proton placed midway between the North and South poles of a strong magnet?,"Electron moves West to East, so current I is East to West. B is Down. By Fleming's Left-Hand Rule: Forefinger (Field) = Down, Center (Current) = West => Thumb (Force) points South. For stationary proton, v = 0 so F = 0 N.","Looking at the diagram, The stationary proton is repelled by North pole because North is positive charge..",MISC-MAG-001: Magnetic Pole = Electrostatic Charge Fallacy,conceptual_misconception,High,Equates magnetic pole to electrostatic charge.,,True,field_lines,Magnetic field B directed downwards. Electron travels West to East. Conventional current points East to West. Force points South.,"FieldVector(B, down) | ElectronMotion(East) | Current(West) | Force(South)","[""draw_vector(field='Down')"", ""draw_vector(electron='East')"", ""draw_vector(current='West')"", ""draw_vector(force='South')""]",curated_per_literature,train,What is the magnetic force on a stationary proton placed midway between the North and South poles of a strong magnet?,"Looking at the diagram, The stationary proton is repelled by North pole because North is positive charge..","Electron moves West to East, so current I is East to West. B is Down. By Fleming's Left-Hand Rule: Forefinger (Field) = Down, Center (Current) = West => Thumb (Force) points South. For stationary proton, v = 0 so F = 0 N.","Topic: Force on Charges and Current in Magnetic Field | Question: What is the magnetic force on a stationary proton placed midway between the North and South poles of a strong magnet? | Student Response: Looking at the diagram, The stationary proton is repelled by North pole because North is positive charge..",MISC-MAG-001: Magnetic Pole = Electrostatic Charge Fallacy
RESP-00401,PHY-MAG-MAGN-02,MAGNETISM_LORENTZ_FORCE,Class 10,Magnetic Effects of Electric Current,Force on Charges and Current in Magnetic Field,What is the magnetic force on a stationary proton placed midway between the North and South poles of a strong magnet?,"Electron moves West to East, so current I is East to West. B is Down. By Fleming's Left-Hand Rule: Forefinger (Field) = Down, Center (Current) = West => Thumb (Force) points South. For stationary proton, v = 0 so F = 0 N.",My answer is: The stationary proton is repelled by North pole because North is positive charge..,MISC-MAG-001: Magnetic Pole = Electrostatic Charge Fallacy,conceptual_misconception,High,Equates magnetic pole to electrostatic charge.,,True,field_lines,Magnetic field B directed downwards. Electron travels West to East. Conventional current points East to West. Force points South.,"FieldVector(B, down) | ElectronMotion(East) | Current(West) | Force(South)","[""draw_vector(field='Down')"", ""draw_vector(electron='East')"", ""draw_vector(current='West')"", ""draw_vector(force='South')""]",curated_per_literature,test,What is the magnetic force on a stationary proton placed midway between the North and South poles of a strong magnet?,My answer is: The stationary proton is repelled by North pole because North is positive charge..,"Electron moves West to East, so current I is East to West. B is Down. By Fleming's Left-Hand Rule: Forefinger (Field) = Down, Center (Current) = West => Thumb (Force) points South. For stationary proton, v = 0 so F = 0 N.",Topic: Force on Charges and Current in Magnetic Field | Question: What is the magnetic force on a stationary proton placed midway between the North and South poles of a strong magnet? | Student Response: My answer is: The stationary proton is repelled by North pole because North is positive charge..,MISC-MAG-001: Magnetic Pole = Electrostatic Charge Fallacy
RESP-00402,PHY-MAG-MAGN-02,MAGNETISM_LORENTZ_FORCE,Class 10,Magnetic Effects of Electric Current,Force on Charges and Current in Magnetic Field,What is the magnetic force on a stationary proton placed midway between the North and South poles of a strong magnet?,"Electron moves West to East, so current I is East to West. B is Down. By Fleming's Left-Hand Rule: Forefinger (Field) = Down, Center (Current) = West => Thumb (Force) points South. For stationary proton, v = 0 so F = 0 N.","From the formula, Force is South for electron; 0 N for stationary proton. as calculated.",CORRECT: Scientifically Accurate Response,no_error,High,Correct application of Fleming's rule and Lorentz velocity condition.,,True,field_lines,Magnetic field B directed downwards. Electron travels West to East. Conventional current points East to West. Force points South.,"FieldVector(B, down) | ElectronMotion(East) | Current(West) | Force(South)","[""draw_vector(field='Down')"", ""draw_vector(electron='East')"", ""draw_vector(current='West')"", ""draw_vector(force='South')""]",authored_clean_sample,test,What is the magnetic force on a stationary proton placed midway between the North and South poles of a strong magnet?,"From the formula, Force is South for electron; 0 N for stationary proton. as calculated.","Electron moves West to East, so current I is East to West. B is Down. By Fleming's Left-Hand Rule: Forefinger (Field) = Down, Center (Current) = West => Thumb (Force) points South. For stationary proton, v = 0 so F = 0 N.","Topic: Force on Charges and Current in Magnetic Field | Question: What is the magnetic force on a stationary proton placed midway between the North and South poles of a strong magnet? | Student Response: From the formula, Force is South for electron; 0 N for stationary proton. as calculated.",CORRECT: Scientifically Accurate Response
RESP-00403,PHY-MAG-MAGN-02,MAGNETISM_LORENTZ_FORCE,Class 10,Magnetic Effects of Electric Current,Force on Charges and Current in Magnetic Field,What is the magnetic force on a stationary proton placed midway between the North and South poles of a strong magnet?,"Electron moves West to East, so current I is East to West. B is Down. By Fleming's Left-Hand Rule: Forefinger (Field) = Down, Center (Current) = West => Thumb (Force) points South. For stationary proton, v = 0 so F = 0 N.",Step 1: calculate values. Force is South for electron; 0 N for stationary proton. That is the answer.,CORRECT: Scientifically Accurate Response,no_error,High,Correct application of Fleming's rule and Lorentz velocity condition.,,True,field_lines,Magnetic field B directed downwards. Electron travels West to East. Conventional current points East to West. Force points South.,"FieldVector(B, down) | ElectronMotion(East) | Current(West) | Force(South)","[""draw_vector(field='Down')"", ""draw_vector(electron='East')"", ""draw_vector(current='West')"", ""draw_vector(force='South')""]",authored_clean_sample,test,What is the magnetic force on a stationary proton placed midway between the North and South poles of a strong magnet?,Step 1: calculate values. Force is South for electron; 0 N for stationary proton. That is the answer.,"Electron moves West to East, so current I is East to West. B is Down. By Fleming's Left-Hand Rule: Forefinger (Field) = Down, Center (Current) = West => Thumb (Force) points South. For stationary proton, v = 0 so F = 0 N.",Topic: Force on Charges and Current in Magnetic Field | Question: What is the magnetic force on a stationary proton placed midway between the North and South poles of a strong magnet? | Student Response: Step 1: calculate values. Force is South for electron; 0 N for stationary proton. That is the answer.,CORRECT: Scientifically Accurate Response
RESP-00404,PHY-MAG-MAGN-02,MAGNETISM_LORENTZ_FORCE,Class 10,Magnetic Effects of Electric Current,Force on Charges and Current in Magnetic Field,What is the magnetic force on a stationary proton placed midway between the North and South poles of a strong magnet?,"Electron moves West to East, so current I is East to West. B is Down. By Fleming's Left-Hand Rule: Forefinger (Field) = Down, Center (Current) = West => Thumb (Force) points South. For stationary proton, v = 0 so F = 0 N.",In class we learned that Force is South for electron; 0 N for stationary proton..,CORRECT: Scientifically Accurate Response,no_error,High,Correct application of Fleming's rule and Lorentz velocity condition.,,True,field_lines,Magnetic field B directed downwards. Electron travels West to East. Conventional current points East to West. Force points South.,"FieldVector(B, down) | ElectronMotion(East) | Current(West) | Force(South)","[""draw_vector(field='Down')"", ""draw_vector(electron='East')"", ""draw_vector(current='West')"", ""draw_vector(force='South')""]",authored_clean_sample,val,What is the magnetic force on a stationary proton placed midway between the North and South poles of a strong magnet?,In class we learned that Force is South for electron; 0 N for stationary proton..,"Electron moves West to East, so current I is East to West. B is Down. By Fleming's Left-Hand Rule: Forefinger (Field) = Down, Center (Current) = West => Thumb (Force) points South. For stationary proton, v = 0 so F = 0 N.",Topic: Force on Charges and Current in Magnetic Field | Question: What is the magnetic force on a stationary proton placed midway between the North and South poles of a strong magnet? | Student Response: In class we learned that Force is South for electron; 0 N for stationary proton..,CORRECT: Scientifically Accurate Response
RESP-00405,PHY-MAG-MAGN-02,MAGNETISM_LORENTZ_FORCE,Class 10,Magnetic Effects of Electric Current,Force on Charges and Current in Magnetic Field,What is the magnetic force on a stationary proton placed midway between the North and South poles of a strong magnet?,"Electron moves West to East, so current I is East to West. B is Down. By Fleming's Left-Hand Rule: Forefinger (Field) = Down, Center (Current) = West => Thumb (Force) points South. For stationary proton, v = 0 so F = 0 N.",Force is South for electron; 0 N for stationary proton.,CORRECT: Scientifically Accurate Response,no_error,High,Correct application of Fleming's rule and Lorentz velocity condition.,,True,field_lines,Magnetic field B directed downwards. Electron travels West to East. Conventional current points East to West. Force points South.,"FieldVector(B, down) | ElectronMotion(East) | Current(West) | Force(South)","[""draw_vector(field='Down')"", ""draw_vector(electron='East')"", ""draw_vector(current='West')"", ""draw_vector(force='South')""]",authored_clean_sample,val,What is the magnetic force on a stationary proton placed midway between the North and South poles of a strong magnet?,Force is South for electron; 0 N for stationary proton.,"Electron moves West to East, so current I is East to West. B is Down. By Fleming's Left-Hand Rule: Forefinger (Field) = Down, Center (Current) = West => Thumb (Force) points South. For stationary proton, v = 0 so F = 0 N.",Topic: Force on Charges and Current in Magnetic Field | Question: What is the magnetic force on a stationary proton placed midway between the North and South poles of a strong magnet? | Student Response: Force is South for electron; 0 N for stationary proton.,CORRECT: Scientifically Accurate Response
RESP-00406,PHY-MAG-MAGN-02,MAGNETISM_LORENTZ_FORCE,Class 10,Magnetic Effects of Electric Current,Force on Charges and Current in Magnetic Field,What is the magnetic force on a stationary proton placed midway between the North and South poles of a strong magnet?,"Electron moves West to East, so current I is East to West. B is Down. By Fleming's Left-Hand Rule: Forefinger (Field) = Down, Center (Current) = West => Thumb (Force) points South. For stationary proton, v = 0 so F = 0 N.","From the formula, Force is South for electron; 0 N for stationary proton. as calculated.",CORRECT: Scientifically Accurate Response,no_error,High,Correct application of Fleming's rule and Lorentz velocity condition.,,True,field_lines,Magnetic field B directed downwards. Electron travels West to East. Conventional current points East to West. Force points South.,"FieldVector(B, down) | ElectronMotion(East) | Current(West) | Force(South)","[""draw_vector(field='Down')"", ""draw_vector(electron='East')"", ""draw_vector(current='West')"", ""draw_vector(force='South')""]",authored_clean_sample,val,What is the magnetic force on a stationary proton placed midway between the North and South poles of a strong magnet?,"From the formula, Force is South for electron; 0 N for stationary proton. as calculated.","Electron moves West to East, so current I is East to West. B is Down. By Fleming's Left-Hand Rule: Forefinger (Field) = Down, Center (Current) = West => Thumb (Force) points South. For stationary proton, v = 0 so F = 0 N.","Topic: Force on Charges and Current in Magnetic Field | Question: What is the magnetic force on a stationary proton placed midway between the North and South poles of a strong magnet? | Student Response: From the formula, Force is South for electron; 0 N for stationary proton. as calculated.",CORRECT: Scientifically Accurate Response
